Meisterzählung,D,A,B,C,E,F,G,W,Notizen
1,#f2v+ #IE+ines liedeſ ich beginne,#f9r+ #IE+iner rede ich hie beginne,,,,,#f2r+ []Ines liedes wil ich beginne,,
2,in ſente Marien minne,in ſant #rMarien+ minne,,,,,in ſancte ma[…]ne,,
3,der ewigen chuniginne,der æwig#aen+ chvniginne,,,,,der ewigen chuniginne,,
4,div gerûche #sov+ch min sinne,#rD+iv ger#suo+che mine ſinne,,,,,diu ruoche m[…],,
5,vnd mine bruſte erreinen,#rv+#and+ mine bruſt erreinen,,,,,vnd min bruſt zerei#ann+ne,,
6,uor allerſlahte mæile,#rU+on aller ſlahte mainen,,,,,uon aller ſlahte meile,,
7,daz ich n#suo+ mûze ſcriben,#rD+az ich nu m#sve+zze ſchr#ze+iben,,,,,d[…] m#suo+ze ſcriben,,
8,uon ir div allen wiben,#rv+on ir div allen weiben,,,,,uon d#aer+ die allen wiben,,
9,die itewize hat benomen,#rd+iv itewiz hat benomen,,,,,den etwizze h[…]n,,
10,daz der tot was bechomen,#rD+az der t#soe+t waz bechomen,,,,,daz d#aer+ tot was bechomen,,
11,uon dem erſten wibe in die werlte,#rU+on dem ærſten wibe in die welt,,,,,uon dem erſten wibe […]lt,,
12,ſit wart div here maget erwelte,#rD+o wart div aewige magt erwelt,,,,,ſit wart diu ewige magde erwelt,,
13,dar zu daz bediu man vnt wîp,#rD+az beidiv man vnde weip,,,,,daz bediv […] wip,,
14,daz lieht vnd den ewigen lip,#rL+ieht v#and+ den æwigen leip,,,,,lieht vnd ewigen lip,,
15,mit #lde+r warheit m#suo+ſe ſch#sov+wen,#rm+it ziêrde m#sue+zze ſchowen,,,,,mit gecirde muſe ſch[…],,
16,da zir vil tivrer fr#sov+en,#rv+on der tivren vrouwen,,,,,,,
17,,,,,,,[…]n gedenchet edel frawen,,
18,ſi gebar den waren ſunnen,#rS+i gebar die sch#soe+nen ſvnne ,,,,,ſi gepar die ſchonne ſun[…],,
19,ſi ist aller gnaden wnne,#rS+i iſt aller werlde wunne,,,,,[…]ler wibe wunne,,
20,wie wol ſi iz allez underuie,#rW+ie wol ſiz allez vnder vienk,,,,,wie wol ſiz allez vnderuie,,
21,ſwaz eua sunden ie begie,#rS+waz ſvnden eva begienk,,,,,ſwaz […]nden begie,,
22,wan ſi hat geb#suo+zet wol den ual,#f9v+ #rS+i hat verb#sue+zzet wol den val,,,,,ſi hat uerbuzzet den val,,
23,ir chuſke luhtet uber al,#rI+r chevſche lævhtet vber al,,,,,ir chuſche l[…]r al,,
24,nu ſchulen ir getruen,#rN+v ſul wir ir getrowen #dwol+,,,,,nu ſuln wir ir getruwen,,
25,wande wir in dem tode bûwen,#rW+an wir die ſvnde bowen,,,,,ſit wir indem tode […],,
26,daz ſi unſ ellenden,#rD+az ſi vns ellende,,,,,[…]s ſi vns ellende,,
27,mege wider heim geſenden,#rF+r#soe+lich heim ſende,,,,,wid#aer+ heim geſende,,
28,unt uns geruche wisen,#rU+nde daz ſi weiſe ,,,,,vnd vns rv[…],,
29,zu dem vrônen paradiſe,#rZ+#suo+ dem fr#soe+nen paradeiſe,,,,,,,
30,da fr#sov+e eua uz geuiel,#rD+a fro eva ovz geviel,,,,,,,
31,ab dem mere chan ſi den chiel,#rv+on dem mêre chan ſi den chiel,,,,,,,
32,wol bringen vnt geleiten,#rh+arte wol geleiten,,,,,,,
33,vz den ſorgen unt #lde+n #f3r+ arbeiten,#ro+#zv+z diſen arebeiten,,,,,,,
34,zeder himeliſchen borte,#rZ+#svo+ der himel porten,,,,,,,
35,mit dem gotes worte,#rM+it den gotes worten,,,,,,,
36,ir wart div warheit geſaget,#rI+r wart div warheit geſagt,,,,,,,
37,ſie iſt m#suo+ter und maget,#rS+i iſt m#suo+ter v#and+ magt,,,,,,,
38,ſine hat der engel niht betrogen,#rS+i hat der engel niht betrogen,,,,,,,
39,got hat daz ir ſpunne geſogen,#rG+ot hat daz ſpunne geſogen,,,,,,,
40,abe ir uil reinen bruſten,#rA+b ir vil ædelen prust,,,,,,,
41,die mannes nie geluſte,#rD+ie nie mannes geluſt,,,,,,,
42,noh nehêiner ſunden teil,#rG+ewan noch der ſvnden val,,,,,,,
43,ſie iſt iemer muter ane mæil,,,,,,,,
44,,#rS+i ist m#suo+ter ane mal,,,,,#f1r+ […] meil,,
45,uon ewen unt ze êwen,#f10r+ Von #^æ+wen ze #^æ+wen,,,,,vonewen vnd zenewen,,
46,wir ſchulen ſie anr#suo+fen ν#and+ flegen,Wir ſulen ſey an r#sue+fen v#and+ flêgen ,,,,,wir ſuln ſi an […]d flegen,,
47,#iH+imeliſchiv frowe,#iH+Imeliſche vrowe,,,,,[]imeliſchiv frowe,,
48,mit geiſtlichem tôwe,mit geiſtlichem t#sov+we,,,,,mit dem geiſtleichen towe,,
49,begiuz den minen gedanch,begivz minen gedanch,,,,,[…] mein gedanch,,
50,daz ich din lob vnd din geſanch,daz ich din lob vnt dinen ſanch,,,,,daz ich lob vnd din ſanch,,
51,ein teil gemeren m#suo+zze,ein teil gemæren m#svu+zze,,,,,ein te[…]eren muzze,,
52,unt hilf mir daz ich gebuzze,#rv+#and+ hilf daz ich geb#sue+zze,,,,,hilfe mir daz ich gebuzze,,
53,daz unreht daz ich ie begie,daz vnreht daz ich ie begie,,,,,daz ich [...]ht ie begie,,
54,wan ich gezwiuelot nie,wan ich gezweivelt nie,,,,,wan ich gezwiuelt nie,,
55,an dir noh andinem chinde,an dir noch an dem ſune dein,,,,,an dir noch […]nde din,,
56,des la mich gna#lde+ vinden,,,,,,,,
57,,æwiges magedin,,,,,ewigez magdin,,
58,vnt la mich #sov+ch geniezen,la daz ich geniezze ,,,,,nu la mich ge nizen,,
59,daz du nie #?[…]ze+,daz dv nie v#aer+liezze,,,,,da[…]rlieze,,
60,deheinen irdiſken man,den heinen yrdiſch#aen+ man,,,,,[…]ein irdiſchen man,,
61,der dich ze uoget wolte han,der dich ze votinne wolde han,,,,,der dich zevoit wolt[…],,
62,du biſt liehter denne der tach,#rD+v biſt lieht#aer+ dan der tak,,,,,[…] biſt liehter denne der tach,,
63,aller t#suo+gende wâz unt ſmach,v#and+ aller tugende ſmak,,,,,aller tugent wa[…]ach,,
64,flivzet uz diner ſc#zh+ozze,flivzzet ovz diner ſch#soe+zzen,,,,,fliuzet uz deiner ſchoze,,
65,nu bedenche fr#sov+e g#aro+zze,bedenche die êre grozzen,,,,,nu bed#aen+ch frovde […],,
66,waz dir der engel brahte,die dir der engel brahte,,,,,#f2v+ […]#aer+ engel braht,,
67,do got an dir bedahte,do got an dich gedahte,,,,,do got an dir gedaht,,
68,aller menniſken not,fur aller welde n#soe+t ,,,,,Aller men[…],,
69,unt dir die mandunge enbot,v#and+ dir den gr#suo+z enbot,,,,,vnd dir die mandunge enbot,,
70,in ditze chlage#dl+liche tal,in ditz iamer tal,,,,,her in ditze ch[…],,
71,daz er dich ze einem #?ſal+,daz er dich wolde ze einem ſal,,,,,do er dich zeſinen ſal,,
72,im ſelben wolte wihen,ſin ſelbez libe ze weihen,,,,,wold im ſelwen wih[…],,
73,#f3v+ wie mæhteſtu mir uerzihen,wie #f10v+ mohteſt dv mich ver zeihen,,,,,[…]teſtu mich uerzihen,,
74,g#suo+ter rede vnt guter liste,g#suo+ter rede v#and+ liſte,,,,,guter rede vnd guter […],,
75,dv biſt d#suv+ oberiſte,du biſt div oberiſte,,,,,[…]n du biſt div oberiſte,,
76,nach gotes magenchrefte ,nach gotes manchrefte ,,,,,nach gotis magencrefte,,
77,daz liet ich anhefte,ditz liet ich anehefte,,,,,[…] ich hefte,,
78,vf dine gnade uolle,#sov+f dine genade volle,,,,,vf din gnade uollen,,
79,dv bist daz tov in gedeonis wolle,dv biſt div tovwige wolle,,,,,dv biſt daz t#sov+ in […] wolle,,
80,#iN+v wil ich iν #lde+n orthaben,#iN+ wil ich ev den orthaben,,,,,[…]v wil ich iv den orthawen,,
81,bediv chunden vnde ſagen,bede chvnden v#and+ ſagen,,,,,bediv chund#aen+ vnd ſa[…]en,,
82,daz ich die materige,daz ich die materye,,,,,daz ich die materie,,
83,mit himiliſkem herige,mit himiliſchem herie,,,,,mit himelliſchen herie,,
84,vnd div ſtarchen mære,v#and+ die ſtarken mêre,,,,,[…] ſtarchen mare,,
85,al deſte baz bewære,dest#aer+ baz bew#^æ+re,,,,,al dez bas beware,,
86,matheus ewangeliſte,Math#aeu+s ewangeliſte ,,,,,Matheus e[…],,
87,der ſcreip iz uon chriſte,d#aer+ ſchreib ez von chriſte,,,,,ſchreib iz uon chriſte,,
88,und uon der m#suo+ter d#siv+ in truch ,v#and+ von d#aer+ magt div in tr#suo+k,,,,,vnd uon der muter di[…]h,,
89,dannen ſcreib er zeichen gn#suo+ch,da von er zeichen ſchreib gen#suo+ch,,,,,ſchreib er zeichen genuch,,
90,doh was div rede bet#^w+ngen,doch waz div red bedwungen,,,,,idoch was div re[…],,
91,in ebreiſker zûnge,in ebreyſcher zvngen,,,,,,,
92,untze an ſant ieronimu#aum+,vntz an ſant Ieronimum,,,,,[...] ſant ieronimum,,
93,der tet daz durh den gotes ſun,der tet daz durt den gotes ſvn,,,,,,,
94,vnt durh zweir biſcoffe rat,v#and+ durch zweyer piſchof rat,,,,,,,
95,daz er daz liet gewitert hat,daz er ditz liet getihtet hat,,,,,,,
96,in die ſenften latine,in die ſenfte lateine,,,,,,,
97,daz wazzer wart da ze wine,daz wazzer wart ze weine,,,,,,,
98,d#siv+ milch verwandelt ſich in daz ole ,div milich wart ze #soe+le,,,,,,,
99,do er unſ ſcreib alſo wole,do er vns ſchreib ſo wole,,,,,,,
100,d#siv+ #^w+ſte wart erbuwen,,,,,,,,
101,do diſiv rede n#siv+we,,,,,,,,
102,vz wart gechundet,,,,,,,,
103,des het in geſchundet,dez heten in geſchundet,,,,,,,
104,,daz er die red chundet,,,,,,,
105,chromati#aus+ vnd eliodorus,#rF+romaci#aus+ v#and+ #rE+liodor#aus+,,,,,,,
106,die biſgofe hiezen alſus,die pyſcof hiezzen #f11r+ alſus,,,,,,,
107,die ſanten im ir brief,die im ſanten ir brief,,,,,,,
108,daz er die ſchrift div ê da ſlief,daz e die ſchrift div vor ſlief,,,,,#f1v+ […] div ſchrifpte div e da lief,,
109,mit bredige #f4r+ muſe erwechen,mit predige ſolde weche,,,,,mit predige muſe […],,
110,vnt die ſvzen lere endechen,die ſ#sve+zzen lere entechen,,,,,[…]in ſuze rede entechen,,
111,div ê was beſchatewôt,die ê waz beſchatot,,,,,di e da waz beſchatewot,,
112,d#siv+ gotes chint ir brot,daz die gotes chint ir brot,,,,,[…] kint ir brot,,
113,vnt ir ſpiſe funden dar an,v#and+ ir ſpeiſe funden daran,,,,,vnd ir ſpiſe fvnden dar an,,
114,der ingewnden chunchlich vân,der ingewunden van,,,,,der […] den van,,
115,der wart do wol begreifet,d#aer+ wart da wol gelaitet,,,,,der wart wol #zbe+greifet,,
116,vnd f#svo+r daz here gewêifet,v#and+ fur daz hêr gepreitet,,,,,fur daz here […]t,,
117,daz div chriſtenlichiv ſchâre,daz div chriſtenliche ſchar,,,,,daz elliv chriſtenlichiv ſchar,,
118,enſamet m#suo+ſe ilen dare,mit chreften muge varen dar,,,,,mit chrefte […]arn dar,,
119,ze geiſtlichem ſtûrme,ze geiſtlichem ſturme,,,,,zedem geiſtlichen ſtvrm,,
120,gegen dem lintwrme,gen dem lintwurme,,,,,gegen dem li[…],,
121,da #lde+r ſige ſcholt ergên,da der ſich ſol ergæn ,,,,,do der ſich ſol ergen,,
122,uon der vinſter ſchulen #sov+ch wir erſten,von d#aer+ vinst#aer+er ſul wir erſtên,,,,,von der vinſter ſ[…] wir […],,
123,zedem ewigem liehte,z#suo+ dem aewigen liehte,,,,,[…]edem ewigen lieht,,
124,got geſchuf uns uon niehte,got geſchvf vns von nihte,,,,,got geſchuf vns uz nieht,,
125,der iſt unser vater guter,der iſt vnſer vater g#suo+t#aer+,,,,,er […]er vater guter,,
126,nv bittet ſine m#suo+ter,nv bite wir ſine m#suo+ter,,,,,nu biten wir ſin muter,,
127,daz ſie unſ hie beh#svo+te,daz ſi vnſ wol beh#sve+te,,,,,daz ſi […],,
128,mit ir tvſentvaltiger g#svo+te,mit ir t#sov+ſ#aen+tfalte g#sue+te,,,,,,,
129,#iD+er ler#^æ+re heizet ieronimus,Der brieſt#aer+ heizzet Ieronimus,,,,,,,
130,der im gezimbert hat ein hûs,der im gezimbert hat daz hovs,,,,,,,
131,mit disem bûche hinze got,mit diſem b#suo+che hin ze got,,,,,,,
132,ſwaz matheus der frone bot,swaz #rMath#aeu+s+ d#aer+ frone bot,,,,,,,
133,ebreiſken livten #?uor+ſaget,den ebreyſchen vor ſaget,,,,,,,
134,dirre herre #lde+s niht verdaget,dirre herre dez niht verdaget,,,,,,,
135,inder rehten latine,inder lateine,,,,,,,
136,von dem ewigem urſchine,#f11v+ von dem æwige ſcheine,,,,#f1r+ von dem ewigen vrſchine,,,
137,er chunde wole choſen,er chunde vil wol choſen,,,,er chunde wol choſen,,,
138,uon der #?lilien+ vnt uon der roſen,von d#aer+ lylien v#and+ d#aer+ roſen,,,,von der lilien u#and+ von der roſen,,,
139,d#siv+ der dorne #?n+ien hat,div den dorn niht enhat,,,,div der dorn nine hat,,,
140,nv wolt ovch ich den ir rat,nv wolde ich ir rat,,,,nu wolt #sov+ch ih den ir rat ,,,
141,vnt ir h#?elfe+ ſuchen,mit ir helfe ſ#suo+chen,,,,u#and+ ir helfe ſ#svo+chen,,,
142,obe ſi #lde+s #f4v+ wolte ruchen,ob ſi des wolt ger#suo+chen,,,,ob ſie dez wolte r#sov+chen,,,
143,daz ich mit dvtiſker rede,daz ich in tevſcher re#lde+,,,,daz ih mit d#sov+tiſcher rede,,,
144,daz buch bræhte her zewege,daz p#suo+ch prehte her zewêge,,,,daz b#svo+ch brahte her ze wege,,,
145,daz ſie iz alle muſen lesen,daz ez alle mugen leſen,,,,daz ſi ez alle m#svo+ſen leſen,,,
146,die goteſ kint wellent weſen,die goteſ chint wel#alen+ weſen,,,,die goteſ kint wellen weſen,,,
147,v#and+ ovch megen ſchowen,v#and+ auch mugen ſchowen,,,,v#and+ #sov+ch m#svo+zen ſc#sov+wen,,,
148,die laigen vnt die frowen,phaffen layen vrowen,,,,phaffen v#and+ frowen,,,
149,ſmechen vnd eruinden,,,,,ſmechen v#and+ ir grunden,,,
150,von #lde+m frone kinde,,,,,von dem fronen chinde,,,
151,daz im die muter erchoſe,wie daz kint die m#suo+t#aer+ chos,,,,daz im die m#svo+ter irchoſ,,,
152,d#siv+ ir magetum nie uerloſe,div den magt#svo+m nie v#aer+los,,,,div ir maget#sov+m nie verlos,,,
153,vnt niemer mak verlieſen,noch nimm#aer+ mak v#aer+lieſen,,,,v#and+ nimer mah verlieſen,,,
154,an der megen wir wol chieſen,wir mugen wol kyeſen,,,,wir m#svo+gen #sov+ch wol ch#zi+eſin,,,
155,wie rehte gnædich ſie ſi,wie genedik ſi ſey,,,,wie vil gnadich ſie ſi,,,
156,der daz chint ſitzet bi,der daz kint ſitzet bey,,,,der daz kindelin ſizzit bi,,,
157,daz bediv lev vnt lamb iſt,daz lêwe v#and+ lamp iſt,,,,daz lewe u#and+ lamb iſt,,,
158,ob allen dingen zeoberiſst,ob allen dingen oberiſt,,,,ob allen dingen zeoberiſt,,,
159,bediv leben vnt tot,bede læwen v#and+ t#soe+t,,,,beidiv lip u#and+ tot,,,
160,hirt vnt lebentigez brot,,,,,hirte u#and+ lebendigez brot,,,
161,,herre fleiſch v#and+ pr#soe+t,,,,,,,
162,tov vnde bl#suo+me,,,,,tav u#and+ bl#sov+me,,,
163,gelt vnde r#suo+we,,,,,gelt u#and+ r#sov+we,,,
164,wenich vnt michel,,,,,wenich v#and+ michel,,,
165,uor allen ſunden ſicher,,,,,von allin ſunden ſicher,,,
166,vater unſer gotes ſun,vat#aer+ vnde ſvn,,,,baidiv vater v#and+ ſun,,,
167,einvalte vnde wîſtum,aynvalt v#and+ weiſtum,,,,ein valt u#and+ vviſt#sov+m,,,
168,groz vnt chleine,groz vnde chleine,,,,groſ v#and+ claine,,,
169,daz iſt er alterſeine,iſt er alterſeine,,,,daz iſt er alter ſaine,,,
170,der unſ in noten erschêin,der vns ze notdurfte erſchein,,,,der vnſ ze nôt dufte ir ſcein,,,
171,er nam hie fleiſh vn#lde+ bein,er nam hie fleiſch v#and+ payn,,,,er nam hie fleiſch v#and+ bein,,,
172,vnt die rein#aen+ menniſkeit,,,,,,,,
173,hohet er mit #lde+r gotheit,,,,,,,,
174,von der erde hinze himele,,,,,,,,
175,an ſines uaters geſidele,,,,,,,,
176,do wart d#siv+ helle zebrochen,,,,,,,,
177,v#and+ wr#lde+n wir errochen,,,,,,,,
178,,ſin ſneweizze ſæle,,,,ſin ſne wizziv ſele,,,
179,,f#suo+r in die phalzen hêre,,,,#swo+re indie phalnzen here,,,
180,,ſande MaRien,,,,,,,
181,,die wold vns wol freyen,,,,,,,
182,,von den ſchæmelichen iochen,,,,,,,
183,,dis cheten iſt zebrochen,,,,div chetene iſt zerbrochen,,,
184,,,,,,goteſ hande errochen,,,
185,an dem tievil #lde+r unſ bant,#rD+a vns d#aer+ tievel mit pant,,,,da vnſ der tiewil mit bant,,,
186,des loben wir den heilant,des lobe #f12r+ wir den hailant #rAmeN+,,,,deſ loben wir den hailant,,,
187,ſin gezelt ſt#suo+nt in der ſunne,,,,,ſin gezelt ſtunt inder ſunnen,,,
188,beſigelt ist #lder+ brunne,,,,,beſigelt iſt der brunne,,,
189,unge#f5r+brachot iſt der anger,,,,,ungebrachet iſt ir anger,,,
190,ir chor#lde+r hat ertotet #lde+n ſlangeN,,,,,ir chorder hat ir tôtet den ſlangen,,,
191,#iD+en nit wil ich uerdingen,#iD+En haz ich hie v#aer+dinge,,,,#iD+en nit wil ih verdingen,,,
192,untze ich fure bringe,v#and+ neit vntz ich furbringe,,,,vnze ih wr bringe,,,
193,diſiv ſeltſænen wort,diſe ſæligen wort ,,,,diſiv ſeltſaniv wort,,,
194,ſwaz matheus ſchreib dort,waz Math#aeu+s ſchreib dort,,,,ſwas math#aeu+s ſcraib dort,,,
195,den ebre#?iſ+chen liuten,den ebrayſch#aen+ levten,,,,den eberaiſchen li#svo+ten,,,
196,daz wil ich iv bedîvten,daz wil ich iv bedevten,,,,daz wil ih hie zedvte,,,
197,,ſagen v#and+ ſchreiben,,,,ſagin v#and+ ſcriben,,,
198,,m#aan+nen v#and+ weiben,,,,mannen u#and+ wiben,,,
199,mit der helfe v#and+ uolleiſte,mit goteſ volleiſt,,,,mit der volaiſte,,,
200,des heiligen geiſtes,v#and+ dem heiligen geiſt,,,,deſ hailigen gaiſtes,,,
201,ich weiz wol des tîevels ſtrit,,,,,ih weiz dez tiwiles ſtrit,,,
202,diche wanthalſen git,,,,,diche winthalfen gît,,,
203,boſez nitbechen,,,,,bozeſ nit becchen,,,
204,vnt eitirgez hechen,,,,,attergez hecchen,,,
205,der unuerwizzene diet,,,,,der vnwirdiſchen diet,,,
206,daz ſi ſchelten div liet,,,,,daz ſie ſchelten div liet,,,
207,div inwislich#aer+ ahte,,,,,div inwiſlicher ahte,,,
208,vergelten niemen mæhte,,,,,wergelten nimen mahte,,,
209,noh mit grozem g#suo+te wîder wegen,,,,,mit grozim g#sov+te wider wegen,,,
210,die wane ich #lde+n flûch fvr den ſegen,,,,,ih wæne ſie den fl#sov+ch vvr den ſegen,,,
211,uone got enpfahent,,,,,von gote en phahent,,,
212,die ſich daran uergahent,,,,,die ſih dar an vergahent,,,
213,ſwer ditze liet beſpreche,ſwer ditz liet v#aer+ſpreche,,,,ſwer dich beſpreche,,,
214,ſænt mathe#aus+ m#suo+z ez rech#aen+,#rMath#aeu+s+ m#svo+z ez rechen,,,,Math#aeu+s m#svo+z ez rechen,,,
215,#lder+ ez zem erſten ſchreib,d#aer+z zemerſt#aen+ ſchreip,,,,der zem eriſten ſcraib,,,
216,unt #lde+n irretûm vertreib,v#and+ #aden+ irſal v#aer+treip,,,,v#and+ den irret#sov+m vertraib,,,
217,den manichei ivnger ſatzte,,,,,den Amachei iunger ſazte,,,
218,do er ſine zunge watzte,,,,,do er die zungen wazte,,,
219,in upigez choſe,,,,,in #f1v+ vppigeme chôſe,,,
220,doh wolt die rede boſe,,,,,doch nie wolte die rede boſe,,,
221,d#siv+ christenheit niht enpfah#aen+,,,,,div criſtenhait niht en phahen,,,
222,do sie die luge ſahen,,,,,do ſie die l#sov+ge ſahen,,,
223,der ivnger hiez leucio,,,,,#rD+er iunger heiz leutio,,,
224,vnt wart uerworfen alſo,,,,,u#and+ war verworfen alſo,,,
225,daz ſin re#lde+ iſt begraben,,,,,daz ſin rede wart betragen,,,
226,vnt ſie nîemen getar ſagen,,,,,v#and+ ſi niemen getar geſagin,,,
227,wan ſi mit durren zwien ſtat,,,,,wan ſi mit dvrrin zwigen ſtat,,,
228,nv ſi #lde+r wrze #f5v+ nien hat,,,,,v#and+ ſie der wrze nine hat,,,
229,matheus der ewangeliſste,Math#aeu+s ew#aan+gel#ai+ſte,,,,#rMath#aeu+s ewag#aeli+ſte+,,,
230,nam im ſo lange friſte,d#aer+ nam im lange friſte,,,,der nam im lange friſte,,,
231,untze #zer+ ez vil rehte gar erf#svo+re,vnz er ſich vil rehte erf#suo+r,,,,vnze er ez wil rehte gar ir fvr,,,
232,daz weder moſ noh m#svo+re,daz wed#aer+ mos noch m#suo+r,,,,daſ weder môſ noch mur,,,
233,sin#siv+ worte enmach getruben,ſine wort mak getr#sve+ben,,,,ſiniv wort nemach getr#sov+ben,,,
234,des lat #sov+ch ivh gen#sue+gen,des vns wol ſol gen#sve+gen,,,,deſ lat och ivch genugen,,,
235,vnt ſant ieronimi lere,an ſant #rI+eronimi lære,,,,v#and+ ſc#aen+ #rIeronimi+ lere,,,
236,die mugen iv gehelfen an #lde+r ſele,,,,,die mugen iv wol gehelfin an der ſele,,,
237,,d#aer+ ger#suo+che wende vnſer ſære,,,,,,,
238,,in#adem+goteſ na#amen+,,,,,,,
239,,daz geſchehe amen,,,,,,,
240,#iB+i den selben citen,#iB+ey den alten zeit#aen+,,,,#iB+i den Alten ziten,,,
241,got enwaſ niht chundich witen,was got niht chunt weit#aen+,,,,got enwaſ niht chudech witen,,,
242,wan eine erchant in iudea,niw#aer+ in Ivdea,,,,not#aus+ in iudea,,,
243,fremide was er anderſwa,fromde was er anderſwa,,,,fremde waſ er anderſwa,,,
244,do waſ der heidenſchefte vil,do was d#aer+ heidenſchaft ſo vil,,,,do waſ der haidenſcefte vil,,,
245,die des tieueles ſpil,die des tievels ſpil,,,,die deſ tievelis ſpil,,,
246,anden abgoten begieNgen,anden apgoten begiengen,,,,an den abgoten begingen,,,
247,des ovh ſie ſcaden geviengen,deſ ſi auch ſchade enphiengen,,,,deſ #sov+ch ſie ſchaden gevingen,,,
248,am#lde+m libe vnt ander sele,an dem leibe v#and+ an d#aer+ ſæle,,,,anme libe v#and+ ander ſele,,,
249,do behielt die gotes e,do behielt div goteſ lære,,,,do be hilt die goteſ lere,,,
250,div iſraheliſke diet,div iſr#aahel+iſche diet,,,,div iſraheliteſce diet,,,
251,als in moyſes geriet,als in #rM+oyſes geriet,,,,alſ in moyſes geriet,,,
252,vn#lde+ ir vater habraham,v#and+ ir vat#aer+ #ra+braham,,,,u#and+ ir vater abra#aham+,,,
253,#lde+m waren ſie gehorſam,dem waren ſi gehorſam,,,,dem waren ſie gehorſam,,,
254,ysaac vnd iacob danah,#rY+ſaac v#and+ jacobe,,,,yſaac v#and+ #rIacobe+,,,
255,der hinze himele ſah,,,,,,,,
256,ein leiter uon der erde gerihte,,,,,,,,
257,da got zeſiner geſihte,,,,,,,,
258,selbe wider in ſprah,,,,,,,,
259,wnders im #sov+h mere geſcah,,,,,,,,
260,,d#aer+ in deſ himels hoher #^æ+,,,,der indeſ himeles h#sov+he,,,
261,,#f12v+ ein leitern geſach ,,,,eine lateren gaſah,,,
262,,v#and+ in ſin ſchêpher ſach,,,,da in ſin ſcephare geſprah,,,
263,,facie ad faciem,,,,facie ad faci#aem+ ,,,
264,,wie moht ez im baz ergen,,,,wie mahte ez ime baz ergen,,,
265,do er den engel gevie,do er den engel ge vie,,,,do er den engel gewie,,,
266,unt in des morgenſ nien lie,den er des morgens niht ver lie,,,,den er deſ morgeneſ niht verlie,,,
267,untze er in geſegenot,vnz er in geſegenot,,,,vnz er in geſegenote,,,
268,div huf im #?dor+rot,,,,,div huf ime dorrote,,,
269,,div hilf wont im niht bey genot,,,,,,,
270,da in #lde+r engel druhte,do in der engel drukte,,,,da in der engel druhte,,,
271,hin naher er ſie geruhte,hin naher er ſich rukte,,,,hin naher ir ſie r#sov+chte,,,
272,ze einem urchunde,ze einem vr chunde ,,,,zeinem vrchunde,,,
273,hinchen do #f6r+ begunde,hinchen er beg#aun+de,,,,hainlichen do begunde,,,
274,der heilige patriarche,der heilige pa#atri+arch,,,,der hailige pat#zi+arche,,,
275,des wnderot ſtarche,deſ wundert vil ſtarch,,,,deſ wnderote do ſtarche,,,
276,allez ſin geſlæhte,alles ſin gesſlæhte,,,,alleſ ſin geſlahte,,,
277,als ez vil wol mahte,als ez von ſchulden t#suo+n mohte,,,,alſ ez vil wol mahte,,,
278,ſie wrden des gefr#sov+wet,ſi wurden deſ gefrevt,,,,ſie wrdeſ deſ gefr#sov+wet,,,
279,daz er was bescôwet,daz er wart beſchout,,,,daz er waz beſc#sov+wet,,,
280,uon gotes anblike,von gotes anplike,,,,von goteſ ane bliche,,,
281,ſi ſuhten uenie dicke,ſi ſ#suo+chten venig dike,,,,ſie ſ#sov+then uenie diche,,,
282,gegen den himiliſgen choren,gen den himel ch#soe+ren ,,,,gen den himelſchen chôren,,,
283,hie muget ir wnder horen,hie mvgt ir wol wunder horen,,,,hie m#svo+gent ir wnder horen,,,
284,#f6v+ #iV+z dem ſelben chunne,#rO+uz dem chunne zierſam,,,,#iV+z dem ſelben chunne,,,
285,was ein kint erſprungen,,,,,waz ein kint ir ſprungen,,,
286,,wart ein chint lobeſam,,,,,,,
287,ein man in diſe werlte geborn,indise w#aer+lt geborn,,,,ein man geborn indiſe werlt,,,
288,got ſelbe het im erchorn,got ſelbe het im erchorn,,,,got ſelbe hete ime er welt,,,
289,ſin gedanche v#and+ ſinen ſin,ſin gedanch v#and+ ſin#aen+ ſin,,,,ſinen gedanch v#and+ ſinen ſin#den+,,,
290,geheizen was er ioachim,ge heizzen wart er #rI+oachim,,,,gehaizen waz er ioachim,,,
291,v#and+ was der beſten eine,d#aer+ waz der beſten ayn,,,,u#and+ waſ der beſten ein,,,
292,#lde+n div svnne ie uberſchêin,den div ſvnne ie beſchein,,,,den div ſunne ie beſcain,,,
293,ſin einvalte was ſo groz,sin g#sue+te waz ſo groz,,#f5r/C4+ […] roz ,,ſin ainvalte waſ ſo groz,,,
294,daz er ſin uon rehte gnoz,daz er ſin wol genoz,,daz er […],,daz ſin ſit wil wol gonoz,,,
295,uor got und vor den livten,vor got v#and+ vor den levten,,[…]en luten,,uor gotte u#and+ vor der l#suo+ten,,,
296,ioachim chîvt zedivte,Ioachim ſ#apri+chet zebedeuten,,io[…],,ioachim ch#suo+t […],,,
297,preparatio d#aomi+ni,#rR+e#apar+a#aci+o d#aomi+ni,,,,,,,
298,ſo wâne ich #f7r+ da geſcriben ſi,ſwa ez geſchriben ſey,,[…]so da geſ#?c+[…],,,,,
299,daz kivt unſers herren garewnge,daz ſ#apri+chet vnſers herren beraitunge,,[…]ge ,,,,,
300,ein liehtvaz dem ſunne,liehtvaz der ſunne,,licht was […],,,,,
301,ſcholt #sov+h wer#lde+n bereit,,,,,,,,
302,vz ſiner heilikeit,,,[…]ner heilike[…],,,,,
303,wand er der magede vater wart,wan er #f13r+ der mægede vat#aer+ wart ,,,,,,,
304,d#siv+ den engelen was ſo zart,div dem engel waz ſo zart,,[…] den engelen […],,,,,
305,daz ſie bi den bl#suo+men,daz ſi bey den pl#suo+men,,,,,,,
306,wolte beliben vn#lde+ r#suo+wen,,,,,,,,
307,,mit ſpile wolden r#suo+ben,,[…] ſpile wolte […],,,,,
308,untze ſie muter wr#lde+,vnz ſi m#suo+t#aer+ wurde,,,,,,,
309,der g#?o+tlichen bûrde,d#aer+ gotlichen burde,,[…] burde,,,,,
310,vnd #sov+h mit eren mæhte ſin,v#and+ auch mit æren ſolde ſin,,vnd […],,,,,
311,des himelriches tûrlin,des himilreiches turlin,,[…]lriches […]#se+r[…],,,,,
312,daz den ubeln m#suo+z geſpart weſen,,,,,,,,
313,den offen die da ſculen geneſen,,,,,,,,
314,an der ſele uon rêinem m#suo+t,,,,,,,,
315,die vin#lde+nt ſi gnadich vnde gut,,,,,,,,
316,,v#and+ div wol gereiniget cham#aer+,,,,,,,
317,,div ger#suo+che vnſ zeſamene ,,[…]erucht vns […],,,,,
318,,fur ir ſun #abri+ngen,,,,,,,
319,,ſi ist all#aer+ æren gimme,,iſt aller kuſheit ein g#aim+me,,,,,
320,#iI+oachim der gotes man,Ioachym d#aer+ goteſ man,,,,,,,
321,eren gnuch er gewan,d#aer+ vil #^æ+ren gewan,,,,,,,
322,in ſiner chintheit,in ſiner chintheit,,,,,,,
323,leid er doh arbeit,lait er arebeit,,[…]t er erweit,,,,,
324,die wile er inivgent was,do er ind#ae+r iugent waz,,,,,,,
325,gerner ſanch vnd las,wie gerne er ſank v#and+ las,,[…]r ſank vnd […],,,,,
326,uon ſinem ſchephf#^æ+re,von ſinem ſchephere,,,,,,,
327,d#siv+ ſtarchen alten mære,die vil ſtarken m#^æ+re,,[…] nuwen me[…],,,,,
328,er #suo+bet sich harte in der ê,#sve+bet er ind#aer+ alten #^æ+,,,,,,,
329,mit uaſten tet er im wê,mit vaſten tet er im wæ,,[…]ſtun tet er […],,,,,
330,ſin menniſlichen brode,menſchliche chrankheit,,,,,,,
331,die #lde+wanger alſo ſchone,,,[…] er alſo ſcho[…],,,,,
332,,er gedultechlichen lait,,,,,,,
333,in einer guten wiſe,in ein#aer+ ſenfte weiſe,,,,,,,
334,er teilet #sov+h ſin spiſe,er tailte ſine ſpeise,,[…]ch ſine ſpiſe,,,,,
335,und alle ſin richeit endr#siv+,v#and+ alle ſine habe endriv,,,,,,,
336,ze himele blikter under d#siv+,zehimel plikte er vnd#aer+ dev,,[…] blikte er vnd#aer+ […],,,,,
337,ein teil gab er den armen,ein teil gab er den armen,,,,,,,
338,die liez er ſih erbarm#aen+,die liez er ſich erbarmen,,[…] er ſich d#aer+bar[…],,,,,
339,bediv witewen v#and+ weiſen,witeben v#and+ waiſen,,,,,,,
340,daz an#lde+r ze gotes huſen,v#and+ ze gotſhouſern,,[…] d#aer+ gotſhuſen,,,,,
341,den ze rate v#and+ ze minne,,,,,,,,
342,die got dien#f7v+ten dar inne,,,,,,,,
343,,,,[…]gen ,,,,,
344,ze dem almuſen was ime ger,z#svo+ dem alm#suo+ſen waz im ger,,zu den #f5v/C4+ almuſen w[…],,,,,
345,daz dritteil behielt er,daz dritail daz behielt er,,,,,,,
346,ze ſin ſelbes tiſche,,,zu ſime ſelb[…],,,,,
347,vnt ſinem hiwiſche,,,,,,,,
348,daz ſi der uon ſpise habeten,daz er die ſpeiſe hete,,[…]ſe hetten ,,,,,
349,die wile daz ſi lebeten,die weile er lebte,,d[…],,,,,
350,die ſpende treib er elliu iare,#rD+ie ſpende begienk er alle iar,,[…] alle iar,,,,,
351,ſwaz er geredet daz was ware,ſwaz er ſp#ara+ch daz waz war,,w[…],,,,,
352,erne wolte niht liegen,,,[…] nicht ligen,,,,,
353,neheinen ſinen genoz betriegen,,,,,,,,
354,ſin ſele luterot er damite,#f13v+ Sin sæle levtert er damit,,[…]le l#sue+teret e[…],,,,,
355,#f8r+ uon ſo heiliclichem ſite,mit ſo heiligem ſit,,,,,,,
356,gab im got ſinen ſegen,gab im got den ſinen ſegen,,gab vn go[…],,,,,
357,himeltov und regen,himel tov v#and+ regen,,[…] regen,,,,,
358,daz ez michel genuht gewan,daz er genuhtſam gewan,,daz […],,,,,
359,ſwaz er buwen began,ſwaz er bowen ie began,,[…] began ,,,,,
360,an ſwiv ſich der herre uerlîe,,,vnd […] sich u#aer+lie ,,,,,
361,mit heil ez fur ſih gîe,v#and+ vaste fur ſich gie ,,v[…],,,,,
362,ν#and+ ergab im ſælicliche,,,,,,,,
363,er was alſo vihe riche,,,[…] was ſin vih[…],,,,,
364,,got v#aer+ læh im vil vihe,,,,,,,
365,daz er chume vant die weide,daz er chovme vant div waide,,,,,,,
366,andem velde ν#and+ an der heide,#sov+f dem velde v#and+ #sov+f d#aer+ heide,,,,,,,
367,,bede hev v#and+ gras,,,,,,,
368,,dez ez notdurftik waz,,[…]tig was,,,,,
369,dem chorter alſo grozen,,,,,,,,
370,zu ime en maht ſih niemen genozeN,,,z[…] mochte ſich […],,,,,
371,,z#svo+ dem het er heil ſo groz,,,,,,,
372,,daz n#sie+man des waz ſin genoz,,,,,,,
373,#iA+ls er zweinzic iar alte wart,#iD+o er zweinzik iar alt wart ,,#iA+ls er wa[…] ,,,,,
374,unt im chume erſpranch #lde+r bart,v#and+ im ch#sov+me enſprank ſin part,,[…]rank ,,,,,
375,erne wolte ſih niht uerboſen,er wol#lde+ ſich ver boſen,,er en[…],,,,,
376,mit deheiner getloſe,mit denheiner getloſen,,[…] getteloſen,,,,,
377,er nam ein k#ain+t ze ſiner ê,er nam ein chint ze sin#aer+ æ,,,,,,,
378,iane wane ich ſit noh #?e+,ich wæn ouch ſeit noch #^æ+,,[…] ſint noch e,,,,,
379,chivſker brût ie wart geborn,chevſer geburt nie wart geborn,,,,,,,
380,die gemahelen het er im erchorn,die er ze mahel het erchorn,,[…]heln hat er […],,,,,
381,uz dauidis geſl#?æ+hte,ovz dauides geslæhte ,,,,,,,
382,daz er damit mæhte,daz er da mitte mohte,,[…] er damite […],,,,,
383,behalten ſele vn#lde+ lip,behalten sel v#and+ leip,,,,,,,
384,alſo ſchône was daz wip,alſo ſchone waz ſin weip,,[…]ne was daz [...],,,,,
385,,daz ir alle die holt waren,,,,,,,
386,daz ir alle die ſi anſahen,die ſey an geſahen,,[…] geſahen,,,,,
387,der eren vnt der ſælden iahen,,,,,,,,
388,v#and+ ſie #sov+vh minnen#lde+ waren,,,,,,,,
389,uon ir tugentlichen gebæren,,,,,,,,
390,ir liebe cherten ſie zu ir,ir genade cherten ſi z#svo+ ir,,ir […],,,,,
391,ane wentliche gire,ane falsche gir,,[…] gir ,,,,,
392,ſi hete reinez leben,ſi het geiſtlich leben,,geiſtlic[…],,,,,
393,v#and+ begun#lde+ groz alm#suo+ſen geben,v#and+ begunde alm#svo+ſen geben,,#f1/C4+ ſi gab[…]n ,,,,,
394,vnd ir opfer vil gereite,vnde ir opher vil bereit,,vnd ir oppher uil gereite ,,,,,
395,in ir ivgent ioh #lde+r chintheite,in ir chintheit,,in irre kintheite ,,,,,
396,mit vil fr#sov+derichen mut,,,,,,,,
397,als der got meinet gerne tvt,,,,,,,,
398,,mit fr#soe+lich#aer+ gebêre,,mit vrolicher geberde ,,,,,
399,,durich ir ſchæpfere,,durch iren ſchepphere ,,,,,
400,ſi chun#lde+ #f8v+ niht geraſten,ſi chunde niht geraſten,,ſi enkonden nicht geraſten ,,,,,
401,von wachen un#lde+ uon vaſten,wachen v#and+ vaſten,,wachen vnd uaſten ,,,,,
402,wan #lde+s pfleget ſie ane maze,,,des phlagen ſi ane maze ,,,,,
403,,chunde ſi ſich niht mazzen,,,,,,,
404,ir guten umbeſæzen,ir g#suo+ten #f14r+ vmbeſæzzen,,ire guten vmmeſazen ,,,,,
405,die lobeten den got,die lobten alle got,,di lobtun den got ,,,,,
406,der himel vnt erde gebot,der himel v#and+ ærde gebot,,der himel vnd erden gebot ,,,,,
407,vnd die mergriezen zelt,v#and+ d#aer+ den mergriez zelt,,vnd den mergriz zelt ,,,,,
408,daz er im die het erwelet,daz er ſey im het erwelt,,daz er im hie het erwelt ,,,,,
409,ze ſine ſelbez eren,,,,,,,,
410,vnt baten an ir gemeren,,,,,,,,
411,,,,zu ſime dinſte ,,,,,
412,,,,ſi baten daz er ſi vriſte ,,,,,
413,ſin lop z#svo+ bezzerunge,wol zepezzerungen,,zu einer bezerung#aen+,,,,,
414,#lde+n alten v#and+ den iungen,den alden v#and+ den iungen,,den altun vnd den iungen ,,,,,
415,daz ſie bildes da bequæmen,,,daz ſi bilde nemen ,,,,,
416,v#and+ die ſuzen lere næ#amen+,,,,,,,,
417,,,,ſo ſi ane ſehen ,,,,,
418,#f9r+ uon uil maniger g#suo+ttæte,,,die manige gut tete ,,,,,
419,die ſie gefrum#&+ hæte,,,di ſi gefrumet hetten ,,,,,
420,wol fr#sov+et ſih do ioachim,#rD+es frevt ſich #rI+oachim,,wol vreute ſich ioachim,,,,,
421,vnd ſin l#sie+biv fr#sou+e mit im,,,,,,,,
422,,ſi tr#suo+gen niht neides vnder in,,ſi trugen nicht nides vnt#aer+ in ,,,,,
423,wan ſie lebeten wnnechliche enſamte,ſi lepten lieplich bedesamp,,ſi lebten wunnenclichen ſamt ,,,,,
424,anna was ſie zerehte genante,div vrowe waz anna genant,,di vrouwe was anna genant ,,,,,
425,an#?na+ daz chivt gracia,anna daz ſp#ari+chet gr#aati+a,,anna daz ſprichet gracia ,,,,,
426,michel gnade div was da,michel genade waz al da,,michele […],,,,,
427,wand uon in der wcher bequam,,,,,,,,
428,#lde+r fr#sov+en euen ſchul#lde+ benam,,,,,,,,
429,vnd ſie die maget ſcolten gebern,,,,,,,,
430,die got ſelbe nien mag ent#^w+ern,,,,,,,,
431,deheiner bete die ſie an in get#?v+t,,,,,,,,
432,nu dingen ir gnaden daz iſt uns g#svo+t,,,,,,,,
433,,wan ſi von ir ſamen,,,,,,,
434,,daz tiwer w#suo+cher namen,,,,,,,
435,,ſi m#suo+ſten die chvniginnen,,,,,,,
436,,geberen v#and+ gewinn#aen+,,,,,,,
437,,div den himel hat entſlozzen,,,,,,,
438,,der alle w#aer+lt hat genozzen,,,,,,,
439,#iD+er fr#sou+en annam gebar,#rD+er die vrowen annam gebar,,,,,,,
440,#lde+r furſte hiez yſachar,der furſte d#aer+ hiez yſachar,,,,,,,
441,ſie was ſiN liebiv tohter,ſi waz ſin liebe,,,,,,,
442,wol uon herzen loben mohter,loben wol moht er,,,,,,,
443,die gotes ordinunge,die gotes orden#aun+ge,,,,,,,
444,daz er ein ſolih kint hete gewnne,,,,,,,,
445,,daz er ir ie begunne,,,,,,,
446,iedoh waren ez chlagelich#siv+ dinch,daz waren chlegeliche dink,,,,,,,
447,daz div frôwe vnt der iungelinch,daz div vrowe vnt der iungelink,,,,,,,
448,zeweinzich iâr enſamet waren,zwainzik iar enſamt waren,,,,,,,
449,daz ſi kindes niht gebaren,daz kinde niht gebaren,,,,,,,
450,daz tet in inneclichen we,daz tet in inrechlichen w#^æ+,,,,,,,
451,wan ſie hete uerfluchet o#siv+ e ,ſi waren v#aer+fluchet in d#aer+ #^æ+,,#f2/C4+ w[…]rn v#aer+uluchet in der e ,,,,,
452,di #zvn+geſegent alſo erſturben,,,,,,,,
453,daz ſi erben niht erwrben,,,,,,,,
454,,die an ir gebur#aden+ ,,di an irre geburte ,,,,,
455,,gesegenet niht enwur#aden+,,geſegent nie wurden ,,,,,
456,Eines tageſ do ſie chamen,#rE+ineſ tage#zs+ do ſi quamen,,eines tages do ſi komen ,,,,,
457,vnd daz gotes wort uern#?a+#amen+,v#and+ daz goteſ wort vernamen,,vnd daz gots wort u#aer+namen ,,,,,
458,indem templo d#aomi+nj,#rI+n t#aem+plo d#aomi+ni,,in templo d#aomi+ni ,,,,,
459,ioachim der ſtunt da bi,#rI+oachym st#suo+nt da bey,,ioachim der ſtunt da bi ,,,,,
460,da ſih die ewarten,da ſich die æwarten,,da ſich di ewarten ,,,,,
461,zudem opher garten,z#svo+ dem #f14v+ opfer garten,,zu dem oppher karten ,,,,,
462,u#and+ nah #f9v+ ir gewonhêite,v#and+ nach ir gewonheiten,,v#and+ nach ir gewonheite ,,[...] wonehaite,,,
463,heten die ſchaf dar fur gereite ,,,di ſchaf da wr gereiten ,,div ſc#zh+af dar fur geriten,,,
464,,do sch#suo+f man dar bereiten,,,,,,,
465,lember vnd d#siv+ roten rinder,lamp v#and+ r#soe+te rinder ,,lamp vnd to[...]e rinder ,,lamp u#and+ div roten rinder,,,
466,ioachim der ſtûnt dar under,#rI+oachim st#suo+nt dar vnder,,ioachim der ſtunt dar under ,,ioachim ſtunt dar under,,,
467,ſam d#siv+ einvalte tube,ſam die ainvalde toube,,als di wandernde tube ,,ſame div ainvalte t#svo+be,,,
468,daz er da ſin uerſume,ſin v#aer+ſoum#aun+ge,,ſine v#aer+ſume ,,ſiner fraſûme ,,,
469,eruolte vnd #sov+h ſiniv leit,,,,,,,,
470,got in dem herzen chleite,,,,,,,,
471,,wold er erfullen,,di wolt er d#aer+uollen ,,die wolte er da ir wllen,,,
472,,v#and+ ſtiften goteſ willen,,ſtiften gotis willen ,,ſtiften goteſ willen,,,
473,er hete opfers gnuch,er het da des opfers gen#suo+k,,er het opphers gnuk ,,er hete opherſ gen#svo+ch,,,
474,daz im ſin hiwiſh dar truch ,daz er dar tr#suo+k ,,daz man im dar getruk ,,daz ime ſin hiweſch dar tr#svo+h,,,
475,daz wolt er da uerbrennen,daz wold er v#aer+brennen,,daz wolte er do v#aer+brenne ,,daz wolte er da verbrennen,,,
476,#lde+n r#sov+ch zehimele ſenden,den rouch ze himel ſenden,,d#aen+ rouch zu himele #dbringe+ ſende ,,den r#sov+ch ze himele ſenden,,,
477,fur d#siv+ gotis #sov+gen,fur die goteſ augen ,,wr di gotis ougen ,,fvr div goteſ #sov+gen,,,
478,grozen habeter gl#sov+ben,groz waz ſin gelauben,,groz was ſin gloube ,,groz waz ſin gel#sov+be,,,
479,do waſ ie #f10r+ nit als #sov+h nv,æz waz do neit als auch nv,,do was er nicht als nv ,,da waſ iê nit alſ och nv,,,
480,ein ſcriba der trat darzu,ein schreib#aer+ ſp#ara+ch da z#svo+,,ein ſcriba ſprach darzu ,,ein ſcriba ſpranc dar z#svo+,,,
481,ruben der ewarte ,#rR+vben d#aer+ æwarte,,rubyn der eruarte,,ruben der ewarte,,,
482,den herren rafſter harte,den herren refſte er harte,,den h#aer+ren […],,den herren rafſter ſtarche,,,
483,und beſtunt in alſo ſere,v#and+ ſtrafte in harte ſer,,,,v#and+ ſt#sov+te in alſo ſere,,,
484,er ſprah dv en ſcolt nien mere,er sp#ara+ch dv ſolt niemer,,,,er ſprah dvne ſcolt niht mere,,,
485,zn unſerem opfer gan,ze vnſerm opfer gan,,,,zv vnſerme opher gan,,,
486,wir haben unſ alle wol enſtan,wir han vnſ alle wol v#aer+ſtan,,,,wir haben unſ alle wole enſtan,,,
487,got hat dih ſo uerfluchet,got hat dich ſo v#aer+fl#suo+chet ,,,,hat dih got ſo verfluchet,,,
488,daz er nien geruchet,daz er niht ger#suo+chet,,,,d#aaz+ er niht en r#sov+chet,,,
489,deheines #^w+chers uon dir,den cheineſ w#suo+chers von dir,,,,en heineſ wcherſ von dir,,,
490,din fræuel miſſeuell#&+ mir,,,,,,,,
491,,din#aer+ frevel iſt ze vil,,,,der diner frauel iſt ſo vil,,,
492,du muſt dich ſvndern hinnen,dv m#suo+ſt dich ſundren hinnen,,,,dv m#svo+ſt dih ſvndern hinnen,,,
493,wir newellen niht gewinnen,wan wir niht gewinnen,,,,wirne wellin niht gewinnen,,,
494,ſuſgetanen geſellen,dich ze einem ſolhen gesellen,,,,ſusgetane geſellen,,,
495,wir megen #sov+h dih ze#lde+n beſten niht gecelleN,,,,,wir ne m#sov+gen #sov+ch dih zv den beſten nicht gezellin,,,
496,,noch wellen da mit div #^æ+ nih#zt+ vellen,,,,,,,
497,#iU+on ſolhen itewizen,#iU+on ſolhen iteweizzen ,,,,#iV+on ſolichem itevize,,,
498,mit ſinen handen wizen,mit ſinen handen weizzen,,,,mit ſinen handin wizen,,,
499,ſwanger alſo t#sov+gen,ſwank er ab ſo tougen,,,,ſwanch er alſo t#sov+gen,,,
500,die zaher uon #lde+n #sov+gen,die trehen von den augen,,,,die zahere von den #sov+gen,,,
501,ez duht in michel ſchande,ez douht #f15r+ in ein michel ſchande,,,,ez duhte in michel ſcande,,,
502,vnt iedoh waſ im niht ſo ande,doch waz im niht ſo ande,,#f4r/C2+ […] ande,,doch ne waz ime nie ſo ande,,,
503,daz er dazſelbe ſchelten,daz er daz ſelbe ſchelten,,daz er dazſelbe ſchelten,,daz er d#aaz+ ſelbe ſcelten,,,
504,mit ubele wolte gelten,mit vbele wol#lde+ gelten,,mit ubele wolte ge[...]ten,,mit #sov+bele wolte gelten,,,
505,erne wolt #sov+h niht mere,,,er enwolte ouch nicht mere,,erne wolte #sov+ch nit mere,,,
506,wider inſin hus cheren,,,wid#aer+ in ſin hus kere,,wider inſin hûſ cheren,,,
507,,da von ſin gank ſin chere,,,,,,,
508,,wart in daz houſ niemere,,,,,,,
509,vn#lde+ wolt sih vor lei#lde+,v#and+ wol#lde+ ſich vor leide ,,vnd wolte ſich vor leide,,v#and+ wolte ſih #dw+vor laide,,,
510,uon ſinem wibe ſcheiden ,von ſinem weibe ſchai#aden+,,von ſime wibe ſch[...]de,,von ſinem wibe ſc#zh+aiden,,,
511,uon ſiner wnneklichen chonen,von sin#aer+ wunnechlichen chonen,,von ſiner wunnenclic#ahen+ cronen,,von ſiner wunneclicher chonen,,,
512,in einer #^w+ſte gedaht er wonen,in ein#aer+ w#sue+ſte wol#lde+ er wonen,,in einer wuſtunge wolte er wonen,,mainer w#suo+ſte wolter wonen,,,
513,hin dan uon #lde+n livten uerre,vonden levten verre,,,,,,,
514,,,,in einer wuſte v#er+re,,inainer w#suo+ſte uerre,,,
515,dar hiez #sov+h im #lde+r herre,dar hiez im ouch d#aer+ h#aer+re,,do [...] ouch in der herre,,dar hiez och ime der herre,,,
516,allez ſin chorter triben,al ſin vihe treiben,,alliz ſin vihe dar triben,,al ſin chorter triben,,,
517,alſ er da gert beliben,vn#lde+ wan#lde+ da be leiben,,vnd w[...] da bliben,,u#and+ wolte da beliben,,,
518,des vihe#?w+chers wolt er da leben,#rD+es vihe w#suo+chers wol#lde+ er leben ,,des vihe wuchers wolte er leben,,deſ viheſ wcherſ wolter leben,,,
519,zehenten #avnd+ almuſen geben,zehenden v#and+ almuſen geben,,zehe[...] vnd almuſen geben,,zehenden almuſen geben,,,
520,michels baz denne e,michel paz dan #^æ+,,michels baz danne e,,michel baz danne e,,,
521,uil veſte weſen an ſiner e,vil veſt#aer+ an ſiner #^æ+,,vil u[...] weſen an ſiner e,,vil weſte weſin anſiner e,,,
522,got ſin#aen+ #f10v+ chumber da chunden,,,,,,,,
523,#avnd+ ſin angeſt zallen ſt#suo+nden,,,,,,,,
524,chlagen #sov+h menniſkliche b#?r+ode,,,,,,,,
525,,an nihte v#aer+ſovmen ſich ,,an nichte ſich v#aer+ſumen,,an nihte ſich wr ſumen,,,
526,,mit chleige v#and+ vil chummerlich,,clage[...] vnd k#aum+meren,,clagen u#and+ ch#^m+eren,,,
527,in der wilden einode,wol#lde+ er ſein ind#aer+ einode,,,,inder einode,,,
528,,mit menſchlich#aer+ blode,,in d#aer+ menſclichen brod,,menneclicher br#sov+de,,,
529,daz du werlt anders niht eniſt,,,daz di w[...] anders nicht eniſt,,d#aaz+ div werlt niht anderſ iſt,,,
530,wan ſtuppe v#and+ miſt,,,wanne geſtuppe vnd mist,,wan ſtuppe u#and+ miſt,,,
531,unt ein schate #lde+r gar uerſwindet,,,[...] ein ſchade der gar v#aer+windet,,u#and+ ein ſcahte der gar verſwindet,,,
532,ſo ſih di#siv+ ſele enbindet,,,ſo ſich di ſele enpi[...],,ſo ſih div ſele enbindet,,,
533,uon menneſklicher zarge,,,von menſchelicher zarge,,von menneſchlcher zarge,,,
534,ſo zergat #sov+h elliv fr#sov+#lde+ mit arge ,,,ſo zergent ouch alle [...]owen mit arge,,fo zer get och ælliv fr#sov+de mir arge,,,
535,#avnd+ elliv werltliebe da gelit,,,,,,,,
536,ſo daz leben den lip begit,,,,,,,,
537,#f11r+ #iA+ls fr#sov+e anna daz ervant,#rA+ls vrowe anna daz v#aer+nam,,#iA+#rl+s vrouwe anna daz v#aer+nam,,#iA+lſe frowe anna d#aaz+ ver nam,,,
538,daz ioach#aim+ #lde+r ir man genant,daz #rI+oachim der ir man,,daz ioachim ir m[...],,daz ioachim der ir man,,,
539,ſo ſere was geleidigot,ſo ſere waz geleidegot,,ſo sere was gelei#zdi+got,,ſo ſere waz gelaidegot,,,
540,do ware ir lieber der tot,ſi were geweſen lieber tot,,do wer ir liber d#aer+ to#zt+,,do ware ir liber der tot,,,
541,daz uil wnnecliche wip,daz vil minnechliche weip,,daz vil w#aun+nencliche wip,,#f2v+ daz vil wnnecliche wip,,,
542,harte cholte ſie den lip,harte quelte ſi ir leip,,herte hilt ſi den lip,,harte chelte ſie ir lip,,,
543,daz er ir hete entwichen,daz er ir wol#lde+ geſweichen,,daz er i[...] het entwichen,,d#aaz+ er ir hete eintwichen,,,
544,des was ir chlage michel,,,daz was ir clage michel,,dez waz ir clage michel,,,
545,,daz chlagte ſi h#aer+zechlichen,,,,,,,
546,vnt ſo uerre hin was geuarn,,,vnd ſo [...]re was geuarn,,v#and+ ſo verre vaz gevaren,,,
547,ſie entruwot niht bewarn,,,ſi tr#suo+t nicht bewarn,,ſine tr#svo+wete niht bewaren,,,
548,ir hiwiſh dahêime,,,ir hiw[...] daheime,,ir hiwiſch da haime,,,
549,darumbe ſaz ſi mit leide,,,darume was ir vil leide,,dar vmbe waz ir laide,,,
550,#avnd+ weinet herzecliche ,,,,,,,,
551,daz ſie got ſo chumberriche,,,,,,,,
552,hete gescaffen vnde geſat,,,,,,,,
553,ander unſæligen ſtat,,,,,,,,
554,daz ſie bi ſo reinem man,,,,,,,,
555,nie herzeliep mit kinde gewan, ,,,,,,,
556,vnt dazu bi im lebentigen,,,,,,,,
557,daz ſi witewe ſolt geligen,,,,,,,,
558,daz waren ſorgen ungefûge,,,,,,,,
559,die nehein lip ſamfte truge,,,,,,,,
560,,daz ſi ouf der ærden,,daz ſi uffe der erden,,daz ſi vf der erde,,,
561,,witebe solde werden,,ſcholte witebe w#aer+den,,witewe ſcolte werden,,,
562,,bey lebindegem manne,,bi lebendingem man,,bilebendigem manne,,,
563,do muſe erbleichen danne,ſi m#sue+ſte erblaichen danne,,ſi muſte erbleichen dan,,ſie m#svo+ze ir bleichen danne,,,
564,div ſchone #avnd+ div gute fr#sov+e anne,,,,,,,,
565,ir lieht#siv+ varwe uerdarp,ir ſch#soe+ne wart ver terbet,,ir ſchone wart v#aer+derbe[...],,ir ſcone wart verderbit,,,
566,al ir fr#sov+de erſtarp,#f15v+ #ra+lle ir frevde erſterbet,,#f4v/C2+ alle ir vreude wart d#aer+ſchrecket,,elliv ir fr#sov+de wart irſterbit,,,
567,ir hen#lde+ hub ſie hinz im genôte,,,,,,,,
568,der uns daz leben gebot,,,,,,,,
569,,,,ir iam#aer+ wart d#aer+weket,,,,,
570,,ir hen#lde+ h#suo+b ſi ſchone,,di hende hup ſi hohe,,#rD+ie hende h#sov+p ſie hohe,,,
571,,z#svo+ d#aer+ pfalzen frone,,gein der phabize vrone,,gegen der phalnze frone,,,
572,,zv dem himelriche,,gein [...]m himelriche,,gegen dem himelriche,,,
573,ſi ſprah vil chlageliche,ſi ſp#ara+ch vil chlegelich ,,ſi ſprach vil tugentliche,,ſi ſprah #dw+vil clagelig#?zch+e,,,
574,owi got #lde+r gnadige #avnd+ #lde+r riche,,,,,,,,
575,,awe gewalteger got,,ouwe du gewaltig#aer+ got,,owi gewaltiger got,,,
576,,min vil inrechliche not,,mine vil innencliche not,,mine vil inneclichen not,,,
577,du ruche mih arme bedenchen,ger#suo+che dv bedenken,,geruche zubekennen,,r#svo+che dv bedenken,,,
578,iane mag ich niht gewenchen,ich mak dir niht gewenken,,io enmak ich nicht gewenken,,ione ma#zc+h ih niht gewenken,,,
579,ihen muze liden ſwaz du wil ,ich m#suo+z leiden ſwaz du wil,,[...]h m#sue+z liden waz du wilt,,ih ne m#suo+ze liden ſwaz dv wil,,,
580,ia han ich angeſte vil,ia han ich angeſt alzevil,,io hab ich angſt uil,,ia han ih angeſte vil,,,
581,wâ mæh#?t+ ich reſte vin#lde+n,waz frevden mag ich vinden ,,[...] mocht ich raſte vinden,,wa maht ih reſte vinden,,,
582,do du mir an den kin#lde+n,do dv mir anden kinden,,do du mir anden kinden,,do du mir an den kindin,,,
583,verzige liebis beſch#sov+de,,,,,,,,
584,daz du mir do die einen fr#sov+de,,,,,,,,
585,die ih hete #f11v+ benomen haſt,,,,,,,,
586,din gnade herre ſuaz du begaſt,,,,,,,,
587,rehte #avnd+ gnade ſint bed#siv+ din,,,,,,,,
588,daz laze an mir werden ſchin,,,,,,,,
589,,den heine frevde gêbe,,keine vreude nie gegebe,,ne heine fr#sov+de gabe,,,
590,,daz dv mir do ben#^æ+me,,daz du mir be[...]e,,d#aaz+ dvmr do beneme,,,
591,,minen man ſo g#suo+t,,h#aer+re alſo gute,,minen karelen alſo g#svo+ten,,,
592,,mit ſolhem vnm#suo+t,,mit ſulchem vngemute,,mit ſolihem ungem#svo+te,,,
593,ſwaz du wil daz muz ergen ,ſwaz dv wil daz iſt ergan,,[...]s du wilt daz muz erge,,ſwaz dv wil d#aaz+ m#svo+z irgen,,,
594,die toten heizeſt dv ufſtên,den toten hiezzeſt dv #sov+f ſtan,,di totun heizſtu uf ſte,,die totin hiezeſtu uf ſten,,,
595,di armen macheſtu riche,die armen macheſt dv reiche,,[...] armen machs tu riche,,die armen macheſtv riche,,,
596,inſelben ungeliche,v#and+ in ſelben vngelich,,in ſelben vngeliche,,inſelben ungeliche,,,
597,die richen hoheſtv ze ualle,die reichen laſtu vallen,,[...]ichen leſtu vallen,,die richen laſtu wallen,,,
598,des muzen ſie dir alle,dez m#sve+zzen ſi dir alle,,des muzen ſi dir alle,,dez m#svo+zen ſie dir alle,,,
599,uon rehte der meiſterscefte iehen,grozz#aer+ maiſterſchefte iehen,,grozer [...]eisterſchefte iehen,,grozzer maiſter ſcehſte gehen,,,
600,ſwar din #sov+ge r#suo+chet hin geſehen,ſwar din ougen ger#suo+chent ſæhen,,wo dine ougen geruchen ſe[...]n,,ſwaz din #sov+ge ger#sov+chet ſehen,,,
601,da iſt ſa der ſælden me,da iſt din#aer+ gena#aden+ mê,,daz iſt gnedikeit mer,,da iſt genedicha#zi+te mere,,,
602,denne griezes in dem ſe,danne griezzeſ in dem ſæ,,danne griz in dem m#aer+,,denne grizeſ andem mere,,,
603,mere #lde+r gûte #avnd+ der bærme din,,,,,,,,
604,denne zwîer zewal#lde+ mege ſin,,,,,,,,
605,,,,[...]ner g#sue+te manikvalde,,diner g#svo+te manichvalte,,,
606,,,,me danne zwige indem walde,,mere denne indeme walde,,,
607,,,,mugen geſin,,immer zwiger muge ſin,,,
608,,,,#zod#aer++ #de+ indem mer viſche #zge+ſin,,,,,
609,,,,,,ewigez vrſchin,,,
610,gezalt haſtu al die ſterne,gezalt haſtu die ſterne,,gezalt [...]ſstu di ſterne,,gezalt haſtv dine ſternen,,,
611,si mugen dir dienen gerne,ſi mugent dir dienen g#aer+ne,,ſi mugen dir dinen g#aer+ne,,ſie m#suo+gen dir dienen gerne,,,
612,die du wil beruchen,die du wil ber#suo+chen,,der du wilt [...]ruchen,,die div wil ber#sov+chen,,,
613,nu ledige mih uon dem fl#auo+che,nv ledige mich von den fl#sue+chen,,nu ledige mich von den fluchen,,nu ledege mih von dinem fl#svo+che,,,
614,der mich hat erderr#&+,da von ich pin v#aer+derret,,di mich [...]ben gederret,,der mih hat ir derrer,,,
615,#avnd+ mine wambe beſperret,minem manne ſint ver ſperret,,mine wammen geſperret,,min wambe iſt beſperret,,,
616,die ſcholt dv herre entſliezen,die ſoltu herre entſliezzen,,di ſchaltu herre entsſlizen,,die ſcolt div herre entflizen,,,
617,daz ich diner milte genieze,#f16r+ din#aer+ gena#lde+ la mich geniezzen,,daz ich din#aer+ heilikeit genize,,d#aaz+ ih diner hailichaite genize,,,
618,#iA+nna begunde venigen ,#rA+nna ſ#suo+cht ir venien,,#iA+nna ſuchte ir venien,,#iA+nna ſchvt ir venie,,,
619,mit zaheren alſo manigen,mit ir zeher menien,,mit zehern als manig#aen+,,mit zaheren alſo manigen,,,
620,daz ſi got erhorte,daz ſi got erhort,,daz ſi got erhorte,,d#aaz+ ſi got er horte,,,
621,#avnd+ ir angeſt ze ſtorte,v#and+ ir angeſt zeſtort,,ir angſt gar zuſtorte,,ir angeſt zerſtorte,,,
622,do ſie nider genicte,do ſi ze tal nikte,,do ſi nid#aer+ #f5r/C2+ genikte,,do ſi nider genihte,,,
623,unde wider uf geblicte ,v#and+ wid#aer+ ouf plikte,,vnd wid#aer+ ouf geblikte,,v#and+ wider vf geblichte,,,
624,in einem b#aov+garten,in einem boumgarten,,in einen boumgartun,,in ainem b#sov+gartin,,,
625,ſie began umbewarten,do begunde ſi warten,,ſi begonde vmme warten,,ſie beg#aun+de / vmbe warten,,,
626,unde ſah an einem aſte,v#and+ ſach an einem aſte ,,vnd ſach an eime aſte,,v#and+ ſach an ainem aſte,,,
627,die ſperchen ſchrien uaste,die agilſt#aer+ ſchreien vaſte,,di ſperken ſchrie uaſte,,die ſperchen ſcrigen vaſte,,,
628,ſi gahten ze einem neſte,ſi gahte z#svo+ einem neſte,,ſi gahte zu eime neſte,,ſie gaheten zv ainem neſte,,,
629,uf eines b#aov+mes ueſte,da ſi die iungen weſte,,da ſi ire kint weſte,,da ſi ir kindelin veſten,,,
630,,v#and+ braht in die ſpeiſe,,vnd bracht in di ſpiſe,,v#and+ brahten in die ſpiſe,,,
631,,ouf einem chleinem reiſe,,uf eime cleinen riſe,,vf einem clainem riſe,,,
632,d#aiv+ fr#aov+e nam #lde+s g#aov+me,ovf einem lorboume,,uf eime birnboume,,vf ainem lorb#sov+me,,,
633,uf einem lorb#aov+me,die vrowe nam des gaume,,di vrouwe nam des goume,,#f3r+ div frowe nam dez g#sov+me,,,
634,wie vroliche ſi flugen,wie frolich ſi flugen,,wi vrolich ſi flugen,,wie frolichen ſie flugen,,,
635,da #f12r+ ſie ir ivngide zugen ,da ſi ir iungen zvgen,,durch daz ſi i#aun+ge zugen,,durh d#aaz+ ſi iungide z#svo+gen,,,
636,vnde brahten in ir ſpise,,,,,,,,
637,do ſprah ſi alſo liſe,,,,,,,,
638,owî owî got herre,#rS+i ſp#ara+ch owe herre,,ſi ſprach ouwe h#aer+re,,#rS+i ſprach owie herre,,,
639,bediv nahen unde uerre,nahen v#and+ verre,,nahen vnd v#aer+re,,nahen u#and+ verren,,,
640,iſt din troſt geleitet ,iſt din troſt gelaitet,,iſt din troſt geleitet,,,,,
641,,,,,,iſt din gnade getailet,,,
642,din gnade uz gebreitet,v#and+ din gena#lde+ gebreitet,,din gnade bereitet,,din trôſt vz ge braitet,,,
643,fur allerſlahte chundir,fur aller ſlahte chumm#aer+,,vor allerſlachte kund#aer+,,fur allir ſlahte chunter,,,
644,du ſtifteſt groziu uvndir,dv ſtifteſt michel wund#aer+,,du ſtiftes michel wund#aer+,,dv ſtifteſt michel wnder,,,
645,durh daz du in allen obeliſt,dvrch daz dv im allem ob#ze+ piſt,,durch daz du ob in allen biſt,,durh d#aaz+ dv ime allem ob lîſt,,,
646,diner creature du giſt ,din#aer+ ſchepfede dv gibeſt,,dine geſchefte du giſt,,diner geſchefede dv gîſt,,,
647,miſliche gnade un#lde+ wnne,maneg#aer+ hande wunne ,,vnmenſchliche wune ,,miſcliche wnne,,,
648,uon regen ioh von ſunne,von regen v#and+ ouch von ſunne,,von regen vnd von ſunnen,,von regene ioch uon ſunnen,,,
649,macheſtv die erde berhaft,macheſt dv die erde behaft,,machſtu di erden b#aer+nhaft,,macheſtu die erde berehaft,,,
650,#lde+n uogellinen giſtu die chraft,den vogelin geiſt du die chraft,,den vogelin gibſtu di kraft,,den uogelin giſtu die craft,,,
651,daz ſie ir kint mêinent,daz ſi ir kint meinen,,daz ſi ire kint meinen,,d#aaz+ ſie ir kint mainent,,,
652,ſwie ſie in den luften ſwêiment,ſwie ſi in den luften ſwaimen,,wi ſi ind#aer+ luft ſweimen,,ſwi ſie indem l#suo+fte ſwaiment,,,
653,du gebivteſt #lde+m wilde,dv gebivteſt den wilden tieren,,du geb#sue+tes den wilden tirn,,dv gebivtiſt den vilden tieren,,,
654,daz ez nah muterlichem bilde,,,,,,,,
655,allez ſin#siv+ kint ziehen chan,daz ſi ir kint erziehen,,daz ſi zihen,,d#aaz+ ſie kint ziehin,,,
656,#avnd+ hat #sov+h ſin fr#sov+de daran,,,,,,,,
657,,Div nater div da ſleifet ,,di natere di da ſlifet,,div natir da ſlichet,,,
658,,daz ſi chint #f16v+ begreiffent,,wa ſi ir kint begrifet,,ſva ſie ir kint ir griffit,,,
659,,,,ſi get in willeclichen bi,,ſi gat ime willeclichen bi,,,
660,,,,vnd bezeiget daz ſi ſin muter ſi,,v#and+ zeiget d#aaz+ ſie ſin m#svo+tir ſi,,,
661,uon dir die viſche namen,von dir die viſche nament,,von dir di viſche namen,,von dir die #svv+iſe namen,,,
662,bediv wchir v#and+ ſamen,w#suo+chernt v#and+ ſament,,wucher vnd ſamen,,wcher u#and+ ſamen,,,
663,die indem wazzer fliezent,die in dem wazzer fliezzent,,di in deme wazere vlizen,,die fiſche indem wazzære fliezzent,,,
664,diner g#^v+te ſi genîezent,din#aer+ g#sue+te ſi geniezzent,,diner gute ſi gen#sie+zen,,diner g#svo+te ſie geniezzent,,,
665,allez daz ter îe #avnd+ ie wart ,alles daz ie wart,,allez daz da ie wart,,allez d#aaz+ der ie wart,,,
666,hat dinen ſegen wol bewart,daz hat din ſegen wol bewart,,daz hat din ſegen wol bewart,,d#aaz+ hat din ſegen wol bewart,,,
667,daz ez ſih ie iteniwet,daz ſich iærlichen niwet,,daz ez ſich v#aer+neuwet,,d#aaz+ ez ſich iente nivwet,,,
668,ſwaz chreſ#&+ oder flivget,ſwaz chrivchet oder flivget,,waz krucht od#aer+ fl#sue+get,,ſwaz criſet oder fli#svo+get,,,
669,uf #lde+r erde v#and+ indem wage,ovf der erde v#and+ indem wage,,uffe der erden od#aer+ indem [...],,vf der erde u#and+ indem wage,,,
670,nu ſage ich dir gnade,nil ſag ich dir gena#lde+,,nu ſage ich dir gnade,,nu ſage ih dir gnade,,,
671,daz daz du mich alterſeine,daz dv mich aleinen,,daz du aleine,,d#aaz+ dv mih alter ſaine,,,
672,ſo uerre haſt geſ#zh+ceiden,ſo verre haſt geſcheiden,,ſo v#aer+re haſt geſcheiden,,ſo verre haſt geſchaieden,,,
673,,von allen den ſachen,,von allen ſachen ,,von allen ſachen,,,
674,,die woldeſt machen,,di du haſt d#aer+ſchaffen,,die dv haſt geſchaffen,,,
675,uon allem dem dinge,von allen den dingen,,von alle[...]gen,,von allen den dingen,,,
676,daz uz dem urſpringe,die ouz den vrsp#ari+ngen,,di uz dem vrſpringen,,die uf dem urſpringe,,,
677,dines gewaltes iſt bechomen ,dines gewalteſ ſint bechomen,,dins gewalts ſint bekumen,,mit dinem gewalte ſint bechomin,,,
678,dar nz haſtu mich genomen,darz#svo+ haſt dv mich genomen,,dar #suo+z #f5v/C2+ haſtu mich genumen,,dar uf haſt du genomen,,,
679,geſundert ioh gescheiden,geſundert v#and+ geſcheiden,,geſundert vnd geſcheiden,,geſurdert ioch geſchaiden,,,
680,des m#suo+z ih min sûnde weineN,dez m#suo+z ich imm#aer+ wainen,,des m#sue+z ich immer clage vnd weinen,,d#aaz+ m#svo+z ih iemer clagen v#and+ wainen,,,
681,#f12v+ #iB+edaz ſie die rede uolſprah,#rA+lso schir si die red gesp#ara+ch,,#iE+ #rd+az ſi di rede volſprach,,#iH+e d#aaz+ ſie die rede #dw+volle ſprach,,,
682,einen engel ſi geſah,einen engel geſach,,einen engel ſi geſach,,ein engel ſie ſah,,,
683,uor ir antlutze ſten,vor ir antlutze ſten,,vor irme antlizce ſten,,vor ir antl#svo+hte ſten,,,
684,d#siv+ uorhte begun#lde+ ſie durhgen,voriht begunde ſi ane gen,,di vorhte begunde ſi angen,,div vorhte begunge ſie ane gen,,,
685,ſie wider ſaz irz harte,ſi wider ſaz in harte,,ſi widerſaz ez harte,,ſi wider ſazzez harte,,,
686,do ſie in began anwarten,ſi beg#aun+#lde+ warten,,do ſi begonde warte,,do ſie begunge warten,,,
687,,an die ſchonen vederen,,an ſine ſchone vederen,,an ſine ſcone vedere,,,
688,ir ſin fûr enwedele,ir ſin f#suo+r enwedelen,,vr ſin wr als ein wedele,,ir ſin v#sov+r en wedele,,,
689,ſam uor dem winde d#siv+ uedere,ſam vor dem winde daz laup,,tut vor deme winde daz loup,,ſam won dem uuinde d#aaz+ l#sov+p,,,
690,#avnd+ #sov+h daz lovb gerne tut,,,,,,,,
691,der engil ſwang ir #lde+n m#suo+t,,,,,,,,
692,uz den ſorgen alſo ſwæren,,,,,,,,
693,mit ſemftlichen gebæren,,,,,,,,
694,,der engel niht ouf ſchoup,,der engel nicht ouf ſchop,,der engel niht vf ſc#sov+p,,,
695,er gruzte die fr#sov+en ſchone,ſine botſchaft frone,,ſine botſchaft vrone,,ſine poteſclaft frone,,,
696,mit der botſcaft frone,die vrowen gr#suo+zt er ſchone,,di vrouwen gruzt er ſchone,,die frowen grvzeter ſcone,,,
697,mit minne#f13r+lichen worten,mit ſemftelichen worten,,mit ſen[...]chlichen worten,,mit ſenftent worten,,,
698,du ſolt mich niht erfurhten,du ſolt dir niht furhten,,du ſcholt dich nicht wrchten,,dvne ſcolt dir niht fvrhtin,,,
699,in des gwalte div werlte ſtat,,,,,,,,
700,vnd ell#siv+ dinch geſcaffen hat,,,,,,,,
701,im zedîeneſt unt zelobe,,,,,,,,
702,w#aan+d er richſent dar obe,,,,,,,,
703,der wil indinen ſachen,,,,,,,,
704,,sp#ara+ch der engel lieht,,ſp#ara+ch der engel lichte,,ſprah der engel liehte,,,
705,,der alle dink von niht,,d#aer+ alle dink von nichte,,dir alliv dinhc von nihte,,,
706,,chan wol gemachen,,konde wol gemachen,,chvnde wol machin,,,
707,gnadechliche wachen,der wil ſelbe #f17r+ wachen,,d#aer+ wil ſelber wachen,,der wil ſelbe wachen,,,
708,uber din reinez gebet,vber din reines gebet,,uber din reinez gebet,,vbir din raineſ gebete,,,
709,als er kunich îe tet,als er kvnik îe têt,,als d#aer+ kunc ie tet,,alſ er k#svo+nech iê tet,,,
710,uber alle die ir gem#suo+te,vber alle die ir gem#sve+te,,#da+ vber alle di ir gemute,,vber alle die ir gem#svo+te,,,
711,kerent an ſîne gute,cherten an ſeine g#sue+te,,keren an ſine gute,,cherent an ſine g#svo+te,,,
712,#iD+o din karle ioachim,do din man #rI+oachim,,do din alt man ioachim,,do din c#zh+arele ioachim,,,
713,alſ ih dir chundent bin,als ich dir ſaginden pin,,als ich dir kvndigen bin,,alſ ih der chvndende bin,,,
714,von dir nv ze i#^v+ngeſte ſchîet,von dir zeiungiſt ſchiet,,vnd dir zuiungeſt ziet,,von dir #f3v+ zeiungeſte ſchiêt,,,
715,d#siv+ gotes gnade ivh berîet,do goteſ genade evch beriet,,di gotiſ gnade ouch wirret,,div goteſ gnade ivch beriet,,,
716,daz du ſwanger wrde,daz dv ſwanger wurde,,daz du ſwanger wurde,,d#aaz+ dv ſwanger wurde,,,
717,einer chunklicher burde,einer keiſerlichen burde,,keiſerlicher burde,,chaiſerlicher burde,,,
718,du treiſt bi dinen bruſten,dv treiſt vnder dinen bruſten,,du treiſt vnt#aer+ dinen bruſten,,dv treiſt indinen bruſten,,,
719,des dih wol mak geluſten,dez dich wol mak geluſten,,des dich wol mak geluſten,,dez dich wol mach l#svo+ſten,,,
720,eine tohter here,eine toht#aer+ hêre,,eine tochter here,,eine tohter here,,,
721,ia ne wirt #sov+h niemer mere,ia wirt nimmer m#^æ+re,,ia enwirt ouch n#aim+mermere,,io ne wart niemer mere,,,
722,dehein ir glich geborn,ir geliche geborn,,ur glich geborn,,ir geliche geboren,,,
723,wan ſie iſt ze fr#sov+en erchorn,Si iſt ze kvniginne erchorn,,ſi iſt zu kvneg#ain+ erkorn,,ſie iſt ze k#suo+neginne ir chorn,,,
724,uber allez himiliſke her,vber alles himiliſchez hêr,,uber allez himeliſchs her,,vber allez hvmelſchez hêre,,,
725,uon ir ſol chomen der,,,,,,,,
726,,daz si goteſ ſun geber,,ſi ſchol gotis ſvn geber,,ſie ſcol den goteſ ſunt gebern,,,
727,#lde+r aller werlte vater iſt,den heiligen chriſt,,den vil heiligen criſt,,den heiligen criſt,,,
728,daz iſt der heilige chriſt,der aller werl#lde+ vater iſt,,der aller werlde vater iſt,,der aller der werlte vater iſt,,,
729,din tohter iſt #lde+r engeln fr#sov+de,,,,,,,,
730,wan ſie in gotes beſch#sov+de,,,,,,,,
731,gewihet iſt #avnd+ geſegent,,,,,,,,
732,daz uon ir gna#lde+ begegent,,,,,,,,
733,,Si wirt weiſe v#and+ h#^ae+r,,,,,,,
734,,,,di tochter iſt herlich,,#rD+in tohter iſt hêr v#and+ wîch,,,
735,,ir wart nie niht geleiches mêr,,ir wart nie kein vrouwe glich,,irne wart nîe niemen gelich,,,
736,allem menniſklichem chunne ,vnder weiplichem kvnne,,vnt#aer+ wiplichem kvnde,,vnder wiblichem chunne,,,
737,ſi wir der werlte wnne,ſi wirt ein michel wunne,,ſi wirt ein #f3/C4+ michele wunne ,,ſie wirt ein michel wnne,,,
738,,aller der werlde,,aller diſer werlt ,,aller dirre werlte,,,
739,,ſo got erb#sov+wet ir gezelte,,got buwet mir ir [...]in gezelt ,,ſo got b#svo+wet mir gezelte,,,
740,#iD+o diu botſchaft was ergangen,#iA+ls er d#aer+ botſchaft het v#aer+iehen,,#iA+ls diſe botſchaft was e[…]geben ,,#iA+Lſe div boteſcaft wart ergeben,,,
741,den ſie hete beuangen,,,,,,,,
742,lipliche mit ir #sov+gen,,,,,,,,
743,der #f13v+ h#suo+b ſih wider zeden t#sov+gen,,,,,,,,
744,da div engiliſkiv kint,,,,,,,,
745,ingotes ordenunge ſint,,,,,,,,
746,,ſi moht ſein niht mær geſehen,,ſi enmochte ſin n#aim+me geſehen ,,ſine mahte in mere niht geſehen,,,
747,,wan er in churzen ſtun#aden+,,wenne er zukurzcen ſtunden ,,wan er ze kvrzen ſtunden,,,
748,,von ir waz v#aer+ſwunden,,von ir was v#aer+ſwunden ,,vor ir waz verſwnden,,,
749,,,,er wr zu ſime meiſter ,,v#and+ f#svo+ zeſinem maiſter,,,
750,,,,wider zu andern geiſten ,,zv andern gaiſten,,,
751,,,,di indeme himelriche ſint ,,die ime himelriche ſint,,,
752,,,,ge[...]hen engeliſſ[…]he kint ,,gehaizen engelſciv kint,,,
753,do begun#lde+ fr#sov+e anne,Do begunde vrov #ra+nna,,do begund d[…] vrouw anne ,,#rD+o begunde frowe anna,,,
754,got ſtarche loben danne,got loben starke alda,,got baz lobun dan e ,,got loben ſtarche danne,,,
755,,,,irme ſchepphere ,,ir ſchephare,,,
756,ſi ſagete im gna#lde+ groz,,,ſagt ſi gnade ,,ſagete ſie gnade,,,
757,daz ſie alſovil gnoz,,,,,,,,
758,der ſinen gute wider in,,,,,,,,
759,ſie erhub ir herze #avnd+ ſin,,,,,,,,
760,im ze danchen mit flize,,,,,,,,
761,wan er ſie uon dem itewîze,,,,,,,,
762,,daz er ſi erloſte,,daz er ſi erloſt#ze+ #dhatte+ ,,d#aaz+ er ſie ir lôſte,,,
763,mit ſo getanem troſte,mit ſogetanem #f17v+ tr#soe+ſte,,mit ſogetanem troſte ,,mit ſvſgetanem troſte,,,
764,gnadecliche erloſte,,,,,,,,
765,,von ir iteweizze,,von aller itwizce ,,von allen ietewizen,,,
766,,des lobt ſi in mit fleizze,,des lobte ſi vn mit flize ,,dez l#sov+pte ſie in mit fliſcze,,,
767,ſie wart uil herzeclichen fro,Si wart vil inrechlichen fr#soe+,,ſi wart vil innenclichen vro ,,ſie wart vil inneclichen frô,,,
768,ir uenige ſuhte ſie auer do,ir venie ſ#suo+cht ſi do,,ir venyen ſuchte ſi aber do ,,ir venie ſvhte ſie abir do,,,
769,darnah giench ſie raſten,darnach gienk ſi raſt#aen+,,darnach gink ſi raſtun ,,dar nah ginch ſie raſten,,,
770,ia hete ſie daz uaſten,ia het ſi daz vaſten,,ia hat si daz vaſtun ,,io hete ſie d#aaz+ vaſten,,,
771,ein teil geſwendet,,,ein teil vaſte geſwendet ,,ein tail geſwendet,,,
772,doh hete ſie ir arbeit wol gewendet,,,doch hat ſi alle ir […] ,,doch hete ſie ir arbait wol gewendet,,,
773,,ze gote v#aer+endet,,,,,,,
774,,v#and+ ouch bewendet,,,,,,,
775,#iI+n ir bette ſie gelach,#rI+n ir bette ſi gelach,,,,#iI+N ir beite ſie gelach,,,
776,ein naht vnd ein#aen+ tach,eine ganze naht vnz an den tak,,,,eine ganze naht v#and+ einen tach,,,
777,daz ſie enaz noh entranch,daz ſi niht az noch trank,,,,d#aaz+ ſie en hâz noch en tranch,,,
778,ſi hete reinen gedanch,ſi het reinen gedank,,,,ſie hete rainen gedanch,,,
779,ia waſ ir ander ſelben zit,ir waz an d#aer+ ſelben zeit,,,,iô waz ir ander ſelbin zît,,,
780,als ein#aen+ man #lde+r da gelit,,,,,,,,
781,,als ob ein man oder ein weip,,,,alſe ein man oder ein wîp,,,
782,begrifen mit ſwarem tr#sov+me,mit ſwerem trovme,,,,mit ſwaregem tr#sov+me,,,
783,ſlafend under einem b#sov+me,ſlief vnder einem bovme,,,,ſliefe under einem b#sov+me,,,
784,dem chom#amen+ wære ze ſune,,,,,dem ware chomen deſchvme,,,
785,daz er entrunne chûme,,,,,d#aaz+ er entrunne chvme,,,
786,,v#and+ bedouht v#aon+ ſinnen,,,,,,,
787,,wie er niht moht ent#ari+nnen,,,,,,,
788,uor #lde+n ſinen uianden,dahin vor ſeinen veinten,,,,vor ſinen uianden,,,
789,vnde darnah erchande,,,,,v#and+ er dar nah irchande,,,
790,,die im ſær nach eilten,,,,,,,
791,ſwenner uon dem ſlafe erwâchot,v#and+ als er dan erwachot,,,,ſwenne er ir wachete,,,
792,daz garliche alle ſin not,daz alle ſeine not,,,,d#aaz+ alle ſine nôte,,,
793,uon im wære uerſ#^w+nden,wæren gar v#aer+ſwunden,,,,waren verſwnden,,,
794,alſo was ſie an #lde+n ſtunden,alſo waz ir zeſtuden,,,,alſe waſ ſie anden ſtunden,,,
795,bechuket uon ir lei#lde+,gar chomen von laide,,,,bechomen von ir laide,,,
796,bed#siv+ #^w+nne vnd wêide,wunne v#and+ liebe pai#lde+,,,,wnne v#and+ waide,,,
797,unt vil ſtatigen ſegen,het ir d#aer+ engel geben,,,,v#and+ vil ſtetigen ſegen,,,
798,hete ir #lde+r engil gegeben,v#and+ ein#aen+ ſteten ſegen,,,,hete ir der engil gegeben,,,
799,,ire weip rief ſi ane,,#f4/C4+ […] rif ſi eine ,,ir wibe einer r#sov+fte ſie,,,
800,,die chomen alzeſaine,,di kom ir alleine ,,div chom ir alze ſeime,,,
801,do rufte ſie einer mage#lde+,do rief ſi d#aer+ magede,,do rif ſi aber d#aer+ meide ,,do r#sov+fte ſie der magede,,,
802,div #f14r+ was uil ungeſagede,,,di w[...]s vil vngeſch[…]de ,,div waſ vil vngeſagede,,,
803,ſie m#suo+ſe ir haren ofte,,,,,ſie m#svo+ſe ir harne ofte,,,
804,,d#aer+ waz niht leihte zeſagene,,,,,,,
805,,,,ſi rif vil ofte ,,,,,
806,mere dennez getohte,,,me den ez getochte ,,mere danne ir tohte,,,
807,iedoh uber lanch gie ſi dar,vber lank gie ſi dar,,uber lanc ginc ſi dar,,vber lanch gie ſie dar,,,
808,do ſprah d#siv+ tohter yſachar,,,do ſprach di tocht yſachar ,,do ſprah div tohter yſachar,,,
809,,do sp#ara+ch ſi zwar,,,,,,,
810,anna d#siv+ uil reine,#ra+nna div reine,,anna du reine ,,anna div raine,,,
811,ſage mir waz daz meine,nv ſage mir waz daz meine,,nv ſaga mir waz ez meine ,,nu ſage mir waſ daz maine,,,
812,wanne chum#?aet+ dir der geiſt,od#aer+ von wev chumt dir der geiſt,,wanne komet dir d#aer+geiſt,,wannen chvmet dir der gaiſt,,,
813,ſo du min angeſte wol wieſt,ſeit dv min angeſt wol weiſt,,ſo duminangeſt wol we[...]t ,,ſo du min angeſt wol waiſt,,,
814,daz du so ſtille dageſt,,,,,,,,
815,#avnd+ mir antwrte uerſageſt,,,,,,,,
816,,daz dv alſo trâgeſt,,daz d[…] ſch[…]ſt,,d#aaz+ dv ſo harte trageſt,,,
817,,v#and+ mich niht enfrageſt,,d[...] du mich nich[...] vrageſt ,,d#aaz+ dv mih nine frageſt,,,
818,,ob ich leb od#aer+ tot ſey,,weder ich lebe oder tot ſi ,,weder ih lebe oder tôt ſi,,,
819,du wæreſt mih billicher bi,dv wæriſt mir #f18r+ billeich bey,,du werſt mir billich#aen+ bi ,,dv weriſt mir bellichen bi,,,
820,#avnd+ ſæheſt wie min dinch ſten#lde+ sj,,,,,,,,
821,ob ich den lip wolte laben,ob ich den leib wolde laben,,ab ich den lip wolde laben ,,ob ih den lip wolti laben,,,
822,#f14v+ daz ich daz uon dir mæhte haben,,,,,,,,
823,,daz ich dirz mohte geſagen,,daz ich di mochte geſagen ,,d#aaz+ ih dir daz mahte geſagen,,,
824,Div maget begunde murmeln,div magt begunde murmen,,di maget begonde zurnen ,,#rD+iv maget begunde murmeln,,,
825,ungezonlichen zurnen,v#and+ hezzechlichen zvrnen,,vngezogenclichen murmeln ,,vngezogenlichen zvrnen,,,
826,ſi ſprah waz mag ich dir eine getun,ſi ſp#ara+ch waz moht ich dir get#suo+n,,ſi ſprach waz mochte ich dir eine getvn ,,ſi ſprah waz mahte ih dir aine getûn,,,
827,dune haſt die tohter noh d#lde+n ſun,dv hast toht#aer+ noch ſun ,,du enhaſt di tochter noch den ſvn ,,dune […],,,
828,din m#?a+n der hat dich uerlan,din man hat dich ver lazzen,,din man hat dich v#aer+lazen ,,,,,
829,nu wil #sov+h ich min #z?+ ſtraze gan,ich wil ouch mine ſtrazzen,,ich wil ouch mine ſtraze ,,,,,
830,an#lde+rhalben min dinch wen#lde+n,al von hinn#aen+ wenden ,,anderhalben wend#aen+,,,,,
831,ich kan ez wol uerenden,vn wil daz ſchier vol enden,,,,,,,
832,waz tuſtu zeliebe mir,,,,,,,,
833,ſwaz ih ie gedienot dir,,,,,,,,
834,des en han ich dan#?c+#zh+ noh lône,,,,,,,,
835,die fr#sov+e uertrugez ſchone,,,,,,,,
836,#avnd+ bewein#&+ doh #zdie+ itewîze,,,,,,,,
837,u#and+ ſwie ez wære an#lde+m imbize,,,,,,,,
838,ſie half dem libe alſo ſêine,,,,,,,,
839,,Mit ſolhen iteweizzen,,,,,,,
840,,ſo m#svo+ſt div vrowe enbeizzen ,,,,,,,
841,,ſi labt ſich vil chleine,,,,,,,
842,ir fr#sov+de wart gemiſk#&+ mit lei#lde+,ir frevde miſchte ſi mit weinen,,,,,,,
843,#iD+er engel fur hin umbe,#iD+#rE+er engel f#suo+r hin vmbe,,,,,,,
844,uon gotes ordenunge,von gotes ordenunge,,,,,,,
845,da er weſſe ioachim,da er weſte Ioachim,,,,,,,
846,inder #^w+ſte gieng er zu im,in die w#sue+ſte gie er z#svo+ im,,,,,,,
847,uf dem breiten gevilde,ouf dem gevilde,,,,,,,
848,in eines knappen bilde,in eines knappen bilde,,,,,,,
849,#avnd+ gruzte in alſo liſe,er gr#suo+zt in vil leiſe,,,,,,,
850,er ſprah herre uil wiſe,er ſp#ara+ch herre weiſe,,,,,,,
851,waz liſtu hie ſuſt eine,wes biſtu hie aleine,,,,,,,
852,wie haſtu dih geſcheiden,wie haſtu dich geſcheiden,,,,,,,
853,uon diner loblichen chonen,von diner lobelichen chonen,,,,,,,
854,wîe iſt d#siv+ unminne chomen,wie iſt div vnminne chomen,,,,,,,
855,weſ enuerſtv niht widere,var heim ſchir widere,,,,,,,
856,d#siv+ fr#sov+e iſt ſo biderbe,div vrowe iſt alſo biderbe,,,,,,,
857,daz du ſie wol troſten m#suo+ſt,daz dv ſi troſten m#suo+ſt,,,,,,,
858,v#and+ #sov+h wendeklichen tuſt,wan dv tumplichen t#suo+ſt,,,,,,,
859,daz du ſie læſt ſo lange friſt,daz du ſey laſt ſo lange friſt,,,,,,,
860,du uindeſt da daz dir liep iſt,,,,,,,,
861,,wan ſi zebarmen iſt,,,,,,,
862,,allem der ſey be ſchowet,,,,,,,
863,,doch hat ir wol gezowet,,,,,,,
864,,#f18v+ vm allez daz dir lieb iſt,,,,,,,
865,,nv ſoume dich lenger den heine friſt ,,,,,,,
866,nv uar heim zu den dinen,far heim z#svo+ den dinen,,,,,,,
867,la din gewizzen ſchinen,la dine tugende ſcheinen,,,,,,,
868,uar uz diſem ſteingeuelle,ovz diſem geſtein velle,,,,,,,
869,ſih waz dine #f15r+ chone welle,ſich waz dein weip welle,,,,,,,
870,heue dih uz diser chluſe,heb dich ouz der chlouſe,,,,,,,
871,dv m#suo+ſt heim zu dinem hûſe,var wider heim zehouſe,,,,,,,
872,#iD+o ſprah der herre ioachim,Do sp#ara+ch der herre #rI+oachim,,,,,,,
873,wand ihc ein ſundare bin,wan ich ein ſund#aer+ bin,,,,,,,
874,uon ſchulden not ih lide,da von ich not leide,,,,,,,
875,ich was bi minem wibe,ich waz bey minem weibe,,,,,,,
876,zweinzich iar uolle,zweinzik iar volle,,,,,,,
877,daz des got nien wolde,daz got des niht enwolde,,,,,,,
878,daz ich dehein herzewnne,,,,,,,,
879,noh liep mit kinde ge#^w+nne,,,,,,,,
880,,daz enſamt erben,,,,,,,
881,,îe mohten erwerben,,,,,,,
882,waz ſcolt ih denne da ſuchen,waz ſol#lde+ ich nv da ſ#suo+chen,,,,,,,
883,iane wellent des niht ge#f15v+ruchen,ia wellent niht ger#suo+chen,,,,,,,
884,div irdiſkiv livte,yrdiſche levte,,,,,,,
885,daz ich mit miner brûte,daz ich mit min#aer+ brevte,,,,,,,
886,zu ir opfer geturre gan,z#svo+ ir opfer turre gan,,,,,,,
887,dar umbe muz ich hie beſtan,darum m#suo+z ich hie beſtan,,,,,,,
888,u#and+ ſus armeklichen leben,v#and+ ærmechlichen leben,,,,,,,
889,un#lde+ wil doh almuſen geben,min alm#suo+ſen geben,,,,,,,
890,iemer minem ſchepfære,minem sch#^æ+pfere,,,,,,,
891,#lde+r mih im zekamerare,der mich zechamerere,,,,,,,
892,gesetzet hat dar ubere,geſetzet hat dar vbere,,,,,,,
893,wærez mit miner ubele,were ez mit minem vbele,,,,,,,
894,ioh mit ſun#lde+n niht un#lde+ruangen,niht vnd#aer+vangen,,,,,,,
895,ez ware mir lihte baz ergangeN,ez wær mir baz ergangen,,,,,,,
896,#iD+es antwrte im der engel,#rD+es antwurte im d#aer+ engel do,,,,,,,
897,din leben iſt ane wandel,din leben iſt an wandel ſo,,,,,,,
898,ich bin #lde+s himele#zs+ bot frone,ich bin d#aer+ engel frone,,,,,,,
899,got hat dir geben zelone,got #f19r+ hat ge gæben dir zelone,,,,,,,
900,ein tohter bi dinem wibe,ein toht#aer+ bey deinem weibe,,,,,,,
901,div chom uon dinem libe,div chom von dinem leiben,,,,,,,
902,do dv ivngeſte ſchîede uon ir,do dv ze iungiſt ſchiet von ir,,,,,,,
903,uil mandunge ſage ich dir,daz ich ſage fur war dir,,,,,,,
904,din tohter d#siv+ wirt ſo lobeſâme,din toht#aer+ wirt ſo lobeſam,,,,,,,
905,daz aller menniſken name,,,,,,,,
906,,daz b[...]de weip v#and+ man,,,,,,,
907,ioh ell#siv+ himiliſk#siv+ ſchare,v#and+ auch div himeliſche ſchar,,,,,,,
908,div muz chnieuallen dare,m#sue+zzen knievallen dar,,,,,,,
909,da d#siv+ roſe ane dorn,,,,,,,,
910,ioh d#siv+ kungin here wirt geborn,,,,,,,,
911,,da ſi die chuniginnen,,,,,,,
912,,zetroste mvgen gewinnen,,,,,,,
913,nu uar indin geſæze,var heim in dein geſæzze,,,,,,,
914,wan ſwer dir herre mæzze,ſwer mit schatze mæzze,,,,,,,
915,diſen irdiſken gibel,diſen yrdiſchen gibel ,,,,,,,
916,hohe ûf unz an den himel,hoch vnz an den himel,,,,,,,
917,mit rotguldinen ſpelten,mit guldeinen ſpelten,,,,,,,
918,der enmæht dir daz k#ain+t niht uergelten,dein toht#aer+ moht er niht vergelten,,,,,,,
919,#iA+ls ioachim andem worte,#rA+ls #rI+oachim an dem wort,,,,,,,
920,den richen t#zro+ſt erhorte,den ſelben troſt erh#soe+rte,,,,,,,
921,fur den engel viel er bereite,,,,,,,,
922,daz er got un#lde+ im gnade ſæite ,,,,,,,,
923,er ſprah herre #f16r+ nu gewêr mich,,,,,,,,
924,einer bete #lde+r ih dinge andih,,,,,,,,
925,ob ich daz heil zedir han funden,,,,,,,,
926,,er ſovmte ſich niht lenger,,,,,,,
927,,er ſ#suo+cht fur den engel,,,,,,,
928,,ſeine venie ſchone,,,,,,,
929,,er sp#ara+ch z#svo+ dem poten vrone,,,,,,,
930,, won ein weile pei mir,,,,,,,
931,,ob ich zegot v#and+ z#svo+ dir,,,,,,,
932,,genade han erfunden ,,,,,,,
933,nu #zſo+ uergiz der minen ſunden,ſo v#aer+giz miner ſvn#aden+,,,,,,,
934,nu ich zeden eren ſie erwelt,ſeit ich ze den æren pin er welt,,,,,,,
935,uar ſam mir in min gezelt,ſo var mit mier in mein gezelt,,,,,,,
936,vnd enbizzen wir dar inne,v#and+ enbeizze wir #f19v+ da inne,,,,,,,
937,inder gotes minne,ind#aer+ gotes minne,,,,,,,
938,,v#and+ ger#suo+che dich erbarmen,,,,,,,
939,,vber mich vil armen,,,,,,,
940,daz mih din ſegen geſterche,daz mich dein ſegen ſterke,,,,,,,
941,zereiniklichem werche,in reinichlic#ahem+ werke,,,,,,,
942,der engel im antwrte,#rD+er engel im antwurtte,,,,,,,
943,got ſelbe mit ſinem worte,,,,,,,,
944,,mit senftechlichem worte,,,,,,,
945,der geruche dich geſegenen,ger#suo+che dich geſegenen ,,,,,,,
946,daz dir allez daz #f16v+ begegen,daz dir frevde begegenen,,,,,,,
947,daz dir liep muge ſin,,,,,,,,
948,,v#and+ allez daz dir lieb iſt,,,,,,,
949,dune biſt niht der ſchalk min,,,,,,,,
950,dv biſt min huſgnozze,,,,,,,,
951,,min lieber frevnt dv biſt,,,,,,,
952,,v#and+ min#aer+ h#sov+ſgenozzen,,,,,,,
953,ein#aen+ herren haben wir grozzen,wir han einen herren grozzen,,,,,,,
954,der dich alles deſ gewert,der dich allez dez gewert,,,,,,,
955,des din diemût an in gert,des dein m#suo+t gen im gert,,,,,,,
956,er newil din niht uergezzen,er wil dein niht vergezzen,,,,,,,
957,min trinchen unt min ezzen,mit trinchen noch mit ezzen,,,,,,,
958,daz enmahtu niht beſc#sov+en,daz maht dv niht beſchowen ,,,,,,,
959,min fleiſklichen #sov+gen ,mit fleiſchen ougen,,,,,,,
960,daz iſt daz ewige lieht,daz iſt daz æwige lieht,,,,,,,
961,dune darft mih andingen n#sie+ht,dv darft mich andig#aen+ niht,,,,,,,
962,daz ich die dine ſpiſe,daz ich dine ſpeiſe,,,,,,,
963,zu minem munde wîſe,ze meinem mvnde weiſe,,,,,,,
964,nu brinch #lde+r gotes chrefte,dv brink d#aer+ gotes chrefte,,,,,,,
965,ſwaz du zewirtſchefte,ſwaz dv mir wirtſchefte,,,,,,,
966,mir hivte woldeſt bieten,hivte welleſt bieten,,,,,,,
967,ſo maht du dih gnaden nieten,,,,,,,,
968,,mit heiligen mieten,,,,,,,
969,,mit deinem opfer drate,,,,,,,
970,,al nach minem rate,,,,,,,
971,uon dines ſchepfæres gewalte,in deineſ ſchepfers gewalt ,,,,,,,
972,der din g#suo+te hat gezalte,d#aer+ al dein g#suo+t hat gezalt,,,,,,,
973,und allez din almuſen,v#and+ dein alm#svo+ſen,,,,,,,
974,treit inſin#aen+ buſem,treit in ſeinem b#svo+ſem,,,,,,,
975,daz du #?i+e begienge,daz dv îe begienge,,,,,,,
976,ſit du ſin gevîenge,ſeit dv ſein gevienge,,,,,,,
977,daz du im chundeſt gedienen,,,,,,,,
978,er wil #sov+h dich erchennen #avnd+ liebeN,,,,,,,,
979,#iD+er herre ilent gie,#iD+er herre eylinde gienk,,,,,,,
980,ein læmbel er geuîe,zehant er #f20r+ gevienk,,,,,,,
981,ein lamb ungemeiligot,ein lamp vngemailot,,,,,,,
982,als im #lde+r engil gebot,als im der engel gebot,,,,,,,
983,er ſprah ich engetorſtez niht getuN,er sp#ara+ch ich torſte ſein niht get#suo+n,,,,,,,
984,wan daz du mir rateſt darzu,wan daz dv mich herre darz#svo+,,,,,,,
985,#avnd+ mih ſîn haſt geſchund#&+,mit worten haſt geſchundet,,,,,,,
986,ſwaz ich nu han geſund#&+,ſwaz ich han geſvndet,,,,,,,
987,da hilf mir uon durh din gute,,,,,,,,
988,daz ich mit reinem gem#suo+te,,,,,,,,
989,,daz hilf mir ouf halden,,,,,,,
990,,gen got dem gewaldigen,,,,,,,
991,uor dir daz opfer bringe,vnz ich daz opfer bringe,,,,,,,
992,ia han ih #f17r+ des gedinge,ia iſt daz min gedinge,,,,,,,
993,daz ich geniezen m#suo+ze,daz ich geniezzen muezze,,,,,,,
994,daz ich dinen f#suo+zzen,daz ich bey deinem f#sue+zze,,,,,,,
995,alſo nahen biſten,hie alſo nahen stê,,,,,,,
996,untze die oblei ergeN,vnz daz obley er g#^æ+,,,,,,,
997,Do ſprah #lde+r engel g#suo+t,,,,,,,,
998,enweſſe ih niht in minem m#svo+t,,,,,,,,
999,daz din opfer liep wære,,,,,,,,
1000,,#rD+o ſp#ara+ch d#aer+ engel weſſe ich niht,,,,,,,
1001,,daz dine gedanke weren lieht,,,,,,,
1002,,v#and+ daz ez niht lieb wære,,,,,,,
1003,#lde+s himeles riht#^æ+re,dez himels rihtere,,,,,,,
1004,ſone hete ihz niht gefrum#&+,ſo hiet ich ez niht gefrumet,,,,,,,
1005,ſuſt wêiz ich daz ez dir chumet,Suſ waiz ich daz iz dir chumet,,,,,,,
1006,,als ez zerehte ſol,,,,,,,
1007,ze diner ſælicheit wol,dinen ſælden wol,,,,,,,
1008,wand unſer re#lde+ damit ſchol,,,,,,,,
1009,uf der moltigen erde,,,,,,,,
1010,geûrchundet #f17v+ werden,,,,,,,,
1011,do daz lamb was erſlagen,#rd+o daz lamp wart erſlagen,,,,,,,
1012,er ilet ſa holz zutragen,er eilte holz z#svo+ tragen,,,,#f4r+ […] tragen,,,
1013,#avnd+ leit ez uf einen ſtêin ,v#and+ warf ez #sov+f einen ſtain,,,,v#and+ warf ez vf ainen ſtain,,,
1014,er br#aan+t bediv fleiſh vn#lde+ bein,er prante fleiſch v#and+ pein,,,,er brande flaiſch v#and+ bain,,,
1015,do ſih #lde+r r#sov+ch uf bôvch,do ſich d#aer+ rouch ouf povk,,,,d#aaz+ ſich der r#sov+ch vf b#sov+ch,,,
1016,#lde+r engil aldamit fl#sov+ch,d#aer+ engel al da mit flouk,,,,der engel al da mite fl#sov+ch,,,
1017,,faſte gen den luften,,,,vaſte gen den l#sov+ften,,,
1018,,mit ſemft v#and+ mit zvht#aen+,,,,mit zæheren u#and+ mit zuhten,,,
1019,der herre geſtunt eîne,geſt#suo+nt der herre aleine,,,,geſtunt der herre eine,,,
1020,ſin herze was luter #avnd+ reine,mit louterm h#aer+zen reine,,,,ſin herze waſ luter u#and+ raine,,,
1021,#iS+in geb#&+ waſ im #avnd+ vnſ nutze,Sein gebet daz waz ſo nutze,,,,#iS+in gebet d#az+ waz ſo nvzze,,,
1022,mit zæhern uf ſin antlutze,#sov+f ſein antlvtze,,,,vf ſin antluzze ,,,
1023,viel er nider an daz graſ,viel er nid#aer+ ovf daz gras,,,,vil er nider uf daz graz,,,
1024,da er da opferend was,da er opfernde was,,,,da er opherende waſ,,,
1025,er lach bidem gecile,er lak bey dem zil,,,,er lach bi dem ge zile,,,
1026,uon der ſehſten wile,von d#aer+ sexten weil,,,,von der ſehſten wile,,,
1027,untze an die veſpercit,#f20v+ vnz an die veſper zeit,,,,vnze an die weſ#ape+rzit,,,
1028,ſo d#siv+ ſunne ſchatte git,ſo div ſunne ſchate geit,,,,ſô div ſunne ſchaten gît,,,
1029,do chomen ſin hirte,#rD+o quamen ſeine hirte,,,,#rD+o chomen ſine hyrten,,,
1030,hin zir herren #avnd+ ir wirte,z#svo+ ir herren v#and+ z#svo+ ir wirtte,,,,hin z#svo+ ir herren v#and+ z#svo+ ir wirete,,,
1031,ſi begunden gahen,ſi eilten alle gahen,,,,ilten ſie gahen,,,
1032,do ſi in erſahen,da ſi in da ſahen,,,,do ſie in ſahen,,,
1033,ligen inder molten,ligen inder molte,,,,nider ligen inder m#svo+lten,,,
1034,ſie wanden daz er wolte,ſi wanten daz er wolte,,,,ſie wanden d#aaz+ er wolte,,,
1035,ſih ſelben uerlieſen,ſich ſelben v#aer+lieſen,,,,ſich ſelben verlieſin,,,
1036,uor lei#lde+ den tot chieſen,vor laide den tot chieſen,,,,vor laide den tot kieſen,,,
1037,ſie ilten in ûfrihten,ſi eilten in #sov+f riht#aen+,,,,ſi ilten in vf rihten,,,
1038,er ſaget #sov+ch zir geſihte,er ſagte ze ir geſihten,,,,er ſagete #sov+ch ze ir geſichte,,,
1039,wie ez was ergangen,wie ez im waz ergangen,,,,wie ez ime ware ergangen,,,
1040,do wrden ſie beuangen,do wurden ſi bevangen,,,,do wrden ſie bevangen,,,
1041,mit fr#sov+den ioh mit uorhten,mit zeheren v#and+ mit vorihten,,,,mit ziteren i#sov+ch mit […]chten,,,
1042,an#lde+rs ſi nîen worhten,anders ſi niht worihten,,,,anderſ ſie nine worhten,,,
1043,wan daz ſie lobeten got,wan daz ſi lobt#aen+ got,,,,wan d#aaz+ ſie lobeten alle got,,,
1044,der uzzer angeſt #avnd+ not,der von ſorgen v#and+ ouz n#soe+t,,,,der uzzer angeſt v#and+ vzzer not,,,
1045,d#siv+ riwigen herze enbindet,die revgen h#aer+ze enbindet,,,,div rivwigen herze enbinden,,,
1046,ſwa er den gl#sov+ben vindet,ſwa er rehten gelawe vindet,,,,ſwa er den gel#sov+ben vindet,,,
1047,do was ez ir aller geræte,,,,,,,,
1048,daz er zehante ſa tæte,,,,,,,,
1049,nah den engeliſken worden,,,,,,,,
1050,,,,,,an den g#svo+ten u#and+ an den rehten,,,
1051,,#rD+o rieten dem man,,,,alle ſine knehte,,,
1052,,alle ſein vndertan,,,,die riêten dem hailigen man,,,
1053,,daz er des engels rat,,,,,,,
1054,,volget ander ſtat,,,,,,,
1055,,,,,,d#aaz+ er wrde gehorſam,,,
1056,,,,,,dem engil u#and+ ſinen worten,,,
1057,ſie ſprachen daz ſie uorhten,,,,,ſi ſprachen ſie vorhten,,,
1058,an#lde+rs d#aen+#ds+ gotes zorn,,,,,,,,
1059,ob er ſin gebot hete uerchorN,,,,,,,,
1060,,,,#f9r/C2+ [...] nicht mere,,,,,
1061,,,,,,anderſ harte,,,
1062,,,,er wurde gerau#dft+#zbet+ ſere,,er wrde gerefſet ſere,,,
1063,,,,andem [...] vnd ander ſele,,andem libe v#and+ ander ſele,,,
1064,als er des nahtes entſliefe,#rA+ls er des nahtes entſlief,,als er des nachtes entſlif,,#rA+lſ er deſ nahtes en ſlief,,,
1065,#f18r+ der engel im aue zurief,d#aer+ engel im aber z#svo+ rief,,d#aer+ e[...] im ab#aer+ rif,,der engil ime aver zv rief,,,
1066,wes ſumeſt du dih ioachim,wez ſovmeſt dv dich Ioachim,,wes ſumes tu dich ioachim,,weſ ſumeſtu dich ioachim,,,
1067,anderſtunt ih bot zedir bin,anderſtunt ich bote pin,,an ſ[...]ich bote bin,,anderſtunt ih bote bin,,,
1068,daz du heim mûzeſt uarn,daz dv heim ſolt varen,,daz du m#sue+ſt varn,,d#aaz+ dv heim m#svo+zeſt uaren,,,
1069,dune welleſt ez bewârn,,,du enwolles […]warn,,dv ne welliſt ez bewaren,,,
1070,,v#and+ ſolt dein weip bewaren,,,,,,,
1071,du engilteſt ſin zware,,,du m#sue+ſt des engelden,,dv m#svo+ſt ez en geltin,,,
1072,daz anna lebet ſo ſware,,,daz anna nich […] selden,,d#aaz+ anna ſo ſelten,,,
1073,#avnd+ ſo diche nah dir weinen#lde+ wirt,,,nach dir weinen wirt,,nah dir vnweinende wirt,,,
1074,,ſeit ez alſo wirt,,,,,,,
1075,du weiſt wol daz ſie dir gebirt,daz ſi dir gebirt,,du weiſt wol d[…] ſi gebirt,,dv waiſt wol d#aaz+ ſiv dir gebirt,,,
1076,eine tohter gute,eine toht#aer+ g#suo+te,,eine tochter gute,,aine tohter g#svo+te,,,
1077,d#siv+ iſt in gotes hûte,[...]iv iſt in gotes h#suo+te,,di iſt in gotis h[…],,div iſt ingotes h#svo+te,,,
1078,uon ewen #avnd+ ze êwen,,,von ewe zu ewen,,von ewen vnze ewen,,,
1079,wer ſchol dih diner eren flegeN,,,wi ſchal ich dich dines wrum#?+ vlehe[...],,wie ſol ih dih diner fr#sov+me ſo flehen,,,
1080,,maniger ſele ſol ſi wegen,,,,,,,
1081,,ze gotes g#sue+te v#and+ ze ſinem ſegen,,,,,,,
1082,#f18v+ #iA+n dem andern morgen,#iA+n dem andren morgen,,#iA+n deme andern morgen,,IN dem andern morgen,,,
1083,do uerliez alle ſorgen,do v#aer+liez er ſein ſorgen,,do v#aer+liz er alle ſorgen,,do ver liez er die ſorgen,,,
1084,er hub ſih #zvf+ gereit#aen+,er begunde ſich beraiten,,er hub ſich ouf bereite,,er h#svo+p ſih vf gereite,,,
1085,#avnd+ enwolt niht mere bêiten,#f21r+ niht leng#aer+ wolt er baiten,,er wolte nicht lenger beite,,er ne wolte niht baiten,,,
1086,er ſaget ſinem lîvte,er ſaget ſinen levten,,er ſagte ſinen l#sue+ten,,er ſagete ſinen li#svo+ten,,,
1087,des engels rede zedute,des engels re#lde+ ze devten,,des engels wort zu d#sue+te,,deſ engels rede zed#sov+te,,,
1088,die rieten algemêine,ſi riet#aen+ algemeine,,#dd+ ſi riten allege#?zmeine+ine,,die rîeten algemaine,,,
1089,daz ſie furen ſêine,daz ſi f#sue+ren ſaine,,,,d#aaz+ ſie furen ſeine,,,
1090,,,,daz si vm #swe+ren engegene,,,,,
1091,alſo daz daz uihe mæhte gen,al#ds+ daz vihe mohte ga#^æ+en,,als daz vihe mohte gen,,alſe d#aaz+ fihe mahte gên,,,
1092,ſi ſprachen wolt er da beſten,ſi ſp#ara+chen wolt er da be ſt#^æ+n,,ſi ſprach#aen+ wolt ir da beſten,,ſie ſprauchen wolter da biſten,,,
1093,daz m#suo+ſe ane ſie geſchehen,daz m#sve+ſt er ane ſei t#suo+n,,daz m#sue+zt ir an ſi tvn ,,d#aaz+ m#svo+ſe er ane ſie t#svo+n,,,
1094,got begunden ſie iehen,,,,,,,,
1095,,ez were ein michel weiſt#suo+m,,ez were ein michel miſſetun,,ez ware ein michil wiſt#svo+m,,,
1096,,daz er alſo t#^æ+t,,daz er alſo tete,,d#aaz+ er alſo tæte,,,
1097,,ſam im d#aer+ engel chundet het,,als im gekund[...] hette,,alſime gechundet hete,,,
1098,,,,der gewaltige bote,,der gewaltige bote,,,
1099,,,,ſi r#sie+fen vaste hin zu g[...],,ſie r#sov+ften vaſte hin ze gote,,,
1100,ſiner grozen barmunge ,,,uffe ſine barmunge,,vf ſine barmunge,,,
1101,mit lobe ſprechen#lde+r zunge,,,mit weinden zvngen,,mit waeinenden zvngen,,,
1102,ſie fûren enal uerte,do f#svo+ren ſi mit aller verte,,ſi w[...] alle verte,,ſie furen enalverte,,,
1103,d#siv+ moſ ioh die herte,daz mos v#and+ auch die herte,,daz mos und di herte,,d#aaz+ moſ ioch die herte,,,
1104,bed#siv+ berge #avnd+ tal,peide perge v#and+ tal,,beide berg vnd [...],,baidiv berch v#and+ tal,,,
1105,daz vihe cherten ſie uberal,daz vihe cherten ſi vber al,,daz vihe karten ſi uberal,,d#aaz+ #dv+fihe cherten ſie vber al,,,
1106,ſi waren in der einode,ſi waren inder ode,,ſi warn inder ode,,ſie waren inder ôde,,,
1107,enſamet fivmf manode,fvmf man#soe+de,,gew[...]ſen fvnf manden,,f#^v+nf manode,,,
1108,,geweſen v#and+ mit riwen,,,,,,,
1109,,,,vnd ouch geb#suo+wet,,geweſin ioch gebvwen,,,
1110,,mit ſolhen misset#ari+wen,,mit sulch[...] miſſetr#suo+wen,,mit ſcholi#f4v+che[…] miſſetriwen,,,
1111,daz er botſchafte neheine,daz er botſchaft denhein,,daz er botſchaft eine,,d#aaz+ er boteſchaft […]hein,,,
1112,noh boten ſante hin hêime,nie enbot wid#aer+ heim,,enpot hin widerheime,,ni enbot hin wider heim,,,
1113,ſinem tûgendrichem wîbe,ſinem ſchonen weibe,,ſime ſchonen wibe,,[…]n wibe,,,
1114,daz hete ſie zenide,daz het ſi ze neide,,daz het ſi zun[...],,,,,
1115,do ſie anir gebet ſtunt,#rD+o ſi an ir gebete ſt#suo+nt,,#f9v/C2+ [...]u an irme gebete ſtunt,,do ſie an ir gebet[…] ſtv[…]t,,,
1116,als dicche die gvten t#suo+nt,ſam diche g#suo+te weip t#suo+nt,,als dike gute kind#aer+ t#sve+nt,,ſo di[…]hint t#suo+nt,,,
1117,mit zæheren wol begozzen,mit zehern begozzen,,[...] zeheren begozen,,mit z[…] begozzen,,,
1118,der engel unbedrozzen,d#aer+ engel vnv#aer+drozzen,,der engel vnu#aer+drozen,,der eng[…] bedro[…]en,,,
1119,der chom ir aue zeſûne,chom ir auer ze lovne,,kom ir [...]r zuſvne,,der chom ir aber zegeſune,,,
1120,bi des b#sov+mgarten zûne,bey des bovmgarten zovne,,bi des boumgarten zune,,bi deſ […]garten zvne,,,
1121,da lach ſie an ir chnîe,da ſi lak an ir chnie,,do ſu lat an [...]me knie,,d[…] ſi lac […]n an ir […]ni,,,
1122,#lde+r engel zu ir gie,d#aer+ engel ir ekegen gie,,der engel zu ir gie,,der engil gegin ir gê,,,
1123,ir leit er ir gebuzte,ir lait er ir b#svo+zte,,ur leit er ir gebu#zr+te,,ir lait er ir geb#svo+zte,,,
1124,do er ſie mit liebe grûzte,do er ſei begr#suo+zte,,,,do e[…] ſi geg[…]te,,,
1125,,,,er ſi getroſte,,,,,
1126,er ſprah daz ſie gîenge,er sp#ara+ch daz ſi gienge,,er ſprach daz ſi ginge,,er ſprah d#aaz+ ſie ginge,,,
1127,#avnd+ ir charle wol enpfîenge,v#and+ wol ir man enpfienge,,und irn m#aan+ [...]phinge,,ir karelin wol enphinge,,,
1128,zeêiner borte hiez aurea,z#svo+ ein#aer+ porten die hiez aurea ,,zu einer phorten di h#sie+z antea,,z#svo+ ain[…] porte div h[…]z aur[…]a,,,
1129,#lde+r wirt begegenot ir da,der wirt begenet ir al da,,d#aer+ wirt [...]geinte ir alda,,der wirt begegen[…]te ir da,,,
1130,ane zwiuel an #lde+m tage,ane zweifel an dem tagen,,ane zwiuel andem tage,,zwiwel a[…] de[…] tage,,,
1131,do was ir truren #avnd+ ir chlage,do waz ir #f21v+ trovren v#and+ ir chlage,,daz was [...]r tr#suo+ren vnd ir clage,,do waſ ir […]rvren u#and+ ir clage,,,
1132,in#lde+n wint gahes uerſwnden,inden wint verſwunden,,indeme winde u#aer+ſwunden,,inden wint […]erſwnden,,,
1133,ſie waſ gefrig#&t+ #avnd+ enbundeN,ir h#ae+rze wart enbund#aen+,,[...]r h#aer+zce was enpunden,,ir herze was gef[…]get v#and+ enbunden,,,
1134,#f19r+ #iS+i gahet engegen dem burgetor,#rS+i gahte gen dem #rp+urgetor,,#iS+i gahte gein deme burgetor,,Sie gaheten gen dem burgetor,,,
1135,ir wirtes beitet ſie dauor,des wirttes baite ſi da vor,,des wirtes beitte [...] da vor,,deſ wirteſ […]te ſie da vor,,,
1136,mit des engeles geleite,,,mit des engels geleite,,m[…]ſ eng[…]s gelaite,,,
1137,ſi hete wol gewant ir arbêite,,,,,,,,
1138,uf eine h#soe+he ſie geſt#suo+nt,,,,,,,,
1139,als die getrîwen gerne t#suo+nt,,,,,,,,
1140,die liebe frivnte uf #lde+m wege hant,,,,,,,,
1141,unt dicke andie warte gânt,,,,,,,,
1142,,#sov+f einen perich ſt#suo+nt ſi h#soe+,,,,,,,
1143,,,,ſi wolte ur langez beiten,,ſi wolte ir langeſ baiten,,,
1144,,,,mit gebete vnt#aer+miſſchen,,[…] g[…]ete under miſgen,,,
1145,ir hiwiſk ſtalte ſie zen ſiten,,,ſi ſtalten ir hiuewizcen,,ſie ſt[…]ſch[…],,,
1146,,,,beidentalben zu den ſiten,,baid[…]nth[…] ſi[…],,,
1147,daz mære fl#sov+ch do wîten,,,daz mer vlog vil w#sei+ten,,[…] fl#sov+ch do wit[…],,,
1148,daz der herre chomen ſolte,,,,,,,,
1149,#avnd+ inda enpfahen wolte,,,,,,,,
1150,d#siv+ fr#sov+e uon des engeleſ lere,,,,,,,,
1151,#lde+s ge#^w+ndert ſere,,,,,,,,
1152,daz lîvt ioh die lantſcaft,,,,,,,,
1153,ſie lobeten die gotes chraft,,,,,,,,
1154,#avnd+ elliv ſiniv wn#lde+r,,,,,,,,
1155,d#siv+ erten ſie dar under,,,,,,,,
1156,frowe anna d#siv+ wart #sov+ch erwelt,,,,,,,,
1157,unt entikliche gezelt,,,,,,,,
1158,,,,ſi ſtunt vf einer h#soe+he,,ſie ſtu[…]ch […]ne h#sov+he,,,
1159,,daz ſi verre ſehe do,,daz ſi v#aer+re ſehe,,d[…] ſ[…] ſahe,,,
1160,,,,[...]d #swe+ite mochte geſchouwen,,v#and+ […] mahte ſch[…]en,,,
1161,,,,di vil edele vrouwe ,,diu […] fr#sov+we,,,
1162,,ſi viel nid#aer+ dikke,,[...] da nider dike,,div […]îl do nider diche,,,
1163,,mit manigem ovf pliche,,mit manigem vfblike,,[…]negem […]che,,,
1164,,wa er f#sue+re da her,,wo er [...]e daher,,w[…]r […] d[…]her,,,
1165,,da z#svo+ was ir vil ger,,dazu was ir vil ger,,dar z#svo+ waz ir vil ger,,,
1166,,die levte mit ſchalle,,,,,,,
1167,,,,di l#seu+te di da wa[...]n,,[…]ie d[…]en,,,
1168,,begunden fragen alle,,di bogonden alle vragen,,die b[…]nde[…]ll[…] fragen,,,
1169,,von wannen d#aer+ bote z#^æ+me,,,,,,,
1170,,der ſelben vr#sov+ chæme,,,,,,,
1171,,,,von der vrouwen [...]h#soe+ne,,wenne der frowen ſcho[…],,,
1172,,,,der gewiſſe bote queme,,der […] bote ch[…]e,,,
1173,,der ir hiet ovz genomen,,d#aer+ ir hette daz uz [...]numen,,der ir […]te d#aaz+ […] genomen,,,
1174,,wan ir man ſolde chomen,,wanne ir man ſcholde kumen,,d#aaz+ ir karele ſ[…] chomen,,,
1175,,do ſi deſ wurden innen,,do ſi da [...]urden inne,,do ſie do wrden innen,,,
1176,,daz von der gotes minnen,,daz vonder gotis ſtimme,,d[…]te[…] ſtimme,,,
1177,,div re#lde+ waz erſchellet,,di rede was erſchellet,,div […] wa[…] erſchellet,,,
1178,,anna wart gezellet,,anna wart gezelet,,[…]ellet,,,
1179,zedem allerbeſten wibe,z#svo+ dem beſte weibe,,zudem aller#f1r/C3+ beſten wibe,,z[…]em[…]ll[…]eſten wibe,,,
1180,d#siv+ iender w#^æ+re enlibe,die indiſem leibe,,di in dekeime libe,,[…]ſeme libe,,,
1181,,waz do bey den zeiten,,was bi den geziten,,[…]en […]ten,,,
1182,,nahen v#and+ weit#aen+,,,,,,,
1183,,mit maniger re#lde+ dar vnder,,,,,,,
1184,,lobten ſi goteſ wund#aer+,,,,,,,
1185,,,,ir war#dt+ten vnd biten,,[…] ir biten,,,
1186,,,,daz wart beſufzcet tife,,d#aaz+ w[…]t biſ#svo+ftet […]f,,,
1187,,,,got ſi ane rife,,[…]t ſie ane riefen,,,
1188,,,,alle ſine wunder,,elliv ſiniv wnder,,,
1189,,,,lobte ſi darunder,,lo[…]eten ſie darunder,,,
1190,,,,di ſi da v#aer+namen,,die ſie da vernamen,,,
1191,,,,lop ſi im gaben,,l[…]p ſie i[…] gaben,,,
1192,,v#and+ mit zeheren ſich beguzzen,,mit zehern ſi ſich v#aer+guzen,,mit […]n ſie ſich begvzzen,,,
1193,,die von ir h#aer+zen fluzzen,,die vondeme h#aer+zcen fluzen,,d[…] von den herzen flvz[…]n,,,
1194,ſchiere ſie do ſahen,vil ſchier ſi do ſahen,#f?+ [...] do ſahen,ſchire ſi do ſahen,,ſchiere ſie do […]en,,,
1195,zu in uber velt gahen,her vb#aer+ velt gahen,vbir velt gah[…],uber uelt gahen,,vber #dw+velt gahen,,,
1196,ioachim mit ſiner ſchâre,#rI+oachim v#and+ ſine ſchar,,ioachim vnd ſine ſchar,,ioachim u#and+ ſine ſchare,,,
1197,d#siv+ fr#sov+e h#suo+b ſich dare,div vrowe gahte dar,[...]rowe hub ſich dar,di vrouw gahte dar,,div frowe […] dare,,,
1198,umbe den halſ ſie ingevîe,vm den hals ſi in vienk,vmbe [...],vm den hals ſi vn gevinge,,vmbe den h[…]lſ ſie i[…]ge we,,,
1199,anſiner hande ſie gîe,an ſiner hant ſi gienk,[...]at ſi im gie,an ſiner hende ſi ginge,,an ſiner hende ſie g#zi+e,,,
1200,ſi chuſt#de+ in div rêine #avnd+ d#siv+ gvt,,,,,,,,
1201,mit vil frolichem m#suo+t,,,,,,,,
1202,,ſi halſt in v#and+ chuſte,ſi holſt in v#and+ [...],ſi halſte in vnd kuſte,,ſie […] vnde chvſte,,,
1203,,v#and+ drukte in z#svo+ ir bruſte,,ſi drukte in an ir bruſte,,ſie duhte in andie bruſte,,,
1204,,,[...]eluſten,,,,,,
1205,#avnd+ enpfieng in inneklich#aen+ wol,ſi enpfienk in min#f22r+ne chlichen wol,v#and+ enphiench in [...],vnd enphing in innenclichen wol,,v#and+ enpf[…]nch in inneclich[…],,,
1206,alſ liep herzelieben ſchol,,,,,,,,
1207,âne ſun#lde+ mæilige minne,,,,,,,,
1208,wan zegot stûn#dt+#lde+#zn+ ir ſinne,,,,,,,,
1209,#lde+r die gvten beruch#&+ ie,,,,,,,,
1210,d#siv+ menige im engegen gie,,,,,,,,
1211,,ſi waren bede frevden vol,[...]ediuſamt uol,ſi waren beideſament uol,,ſie […]en […]ſament vol,,,
1212,,,dez troſtes [...],des troſtes allermeiſt,,deſ troſteſ aller […]ſte,,,
1213,,,[...] geiſt,vondem heiligen geiſt,,[…]n gaiſtes,,,
1214,,al die menige,elliv div menige,alle di minen,,elliv di[…] menigi,,,
1215,,giengen in enkegene,di[...],tret im inkeine,,div trat ime engegene,,,
1216,#avnd+ hiez in willechomen ſin,v#and+ hiezzen in willechomen ſein,[...]zen in willechomen ſin,vnd hiz in willekumen ſin,,v#and+ hiez in willechomen ſin,,,
1217,do wart al #lde+r werlte ſchin,,,,,,,,
1218,daz ſin ie vil gut rat wirt,,,,,,,,
1219,derz ubel #f19v+ durh die warheit uerbirt,,,,,,,,
1220,,do tet got vil wol ſchein,da [...],do tet got wol ſchin,,do det got vil g#svo+t ſchin,,,
1221,,vor mannen v#and+ vor weiben,[...]annen vnd uor wiben ,vor mann#aen+ vnd vor wiben,,vo[…],,,
1222,,daz nieman ſein wund#aer+ chan vol ſchreiben,daz [...]iwen,daz nimant ſine g#sue+te mak volſcriben,,,,,
1223,#iR+vben den ewarte,#rR+vben den æwarten ,,#iR+ubin den ewarte,,,,,
1224,den maht do riwen harte,begun#lde+ riwen harte,[...]harte,den mochte r#sue+we harte,,,,,
1225,ſwaz er dem herren ie geſprah,ſwaz er dem h#aer+ren îe geſp#ara+ch,daz e[…],waz er dem h#aer+ren ie geſprach,,,,,
1226,do er die zeichen geſah,do er die zeichen ane ſach,,do er di zeichen ane ſach,,,,,
1227,d#siv+ zemaere waren cho#amen+,,,,,,,,
1228,vn#lde+ witen wrden uernomen,,,,,,,,
1229,inder iudiſgen diet,,,,,,,,
1230,wie in got mit kin#lde+ beriet ,,,,,,,,
1231,wie er in geruchte ſcheiden,,,,,,,,
1232,uon kumber #avnd+ in beiden,,,,,,,,
1233,nah m#suo+en fr#sov+de uerlech,,,,,,,,
1234,der in div werlte uerzêch,,,,,,,,
1235,,,,daz er nuwent bleip,,,,,
1236,,,,vnz er in wrder treip,,,,,
1237,,,,uz dem gotis huſe,,,,,
1238,,,,davor mocht im gruſe,,,,,
1239,,do er die gotes tovgen,,do er di gotis tougen,,,,,
1240,,an ſchowet mit den augen,,,,,,,
1241,,,,beschouwet an d#aer+ vrouwen,,,,,
1242,,an dem reinen weibe,,,,,,,
1243,,v#and+ an ir werden leibe,,,,,,,
1244,Nah den #f20r+ uierzich wochen,#rN+ach den vierzich wochen,,nach den virzig wochen,,,,,
1245,d#siv+ kamer wart entlochen,die chamer wart entlochen,,di kamere wart entſlozen,,,,,
1246,da div richeit inne was,da div reicheit inne lak,,da di richeit inne was,,,,,
1247,dauon #lde+r uerlorn menniſk gnas,,,,,,,,
1248,,div al d#aer+ werlde wak,,der alle di werlt genas,,,,,
1249,#avnd+ elliv gotes hantgetat,,,,,,,,
1250,leb#aen+ #avnd+ gnade enpfangen hat,,,,,,,,
1251,der wâz vil guter ſalben,,,,,,,,
1252,,d#aer+ ſmak d#aer+ ſ#sve+zzen ſalben ,,der ſmak vil guter ſalben,,,,,
1253,begun#lde+ do allenthalben,begunde allenthalben,,begonde da all#aen+thalben,,,,,
1254,#duz breiten+ uz breiten ſine ſ#suo+ze,ovz breit#aen+ ſin ſ#sve+zze,,uz breite ſine ſuze,,,,,
1255,den ſundæren zeb#suo+zze,den ſunderen zeb#svo+zze,,den ſvnden zu buze,,,,,
1256,zeeiner gewiſſen urſtende,z#svo+ einer gewizzen vrſtende ,,#f1v/C3+ zu einer gewiſſen urſtende,,,,,
1257,nah des libeſ ende,nach deſ leibes ende,,nach des libes ende,,,,,
1258,Der uater uil guter,,,der uater uil guter,,,,,
1259,und ir vil ediliv muter,,,vnd ir uil edele muter,,,,,
1260,,d#aer+ vat#aer+ v#and+ div m#suo+t#aer+,,,,,,,
1261,,wolten d#aer+ toht#aer+ g#suo+ter,,,,,,,
1262,die newolten die himelroſen,ir namen niht v#aer+b#soe+ſen,,di enwolten di edelen roſen,,,,,
1263,mit nam#aen+ niht uerboſen ,der edelen himelroſen,,mit namen nicht v#aer+boſen,,,,,
1264,ſi hiezen ſie marien,ſi hiezzen ſey #rMaRien+,,ſi h#sie+zen ſi marien,,,,,
1265,wand als daz honich die bigen,wan als daz honik die peien,,wanne als honik di bynen,,,,,
1266,uzem trore mugen vinden,ovz dem trore chan gewinnen,,uz dem trore mugen vinden,,,,,
1267,alſo kan ſie den kinden,,,,,,,,
1268,die ir dienent #avnd+ ge#zt+ruvent,,,,,,,,
1269,die wile ſie hie ener#lde+ buvent,,,,,,,,
1270,,als chan div chvniginne,,alſo kan di kuneginne,,,,,
1271,den heil triefenten fladen,den vil ſ#sve+zzen fladen,,den trifenden vladen,,,,,
1272,nah diſem libe fûrtragen,nach diſem leibe fur tragen,,nach diſme libe wrtragen,,,,,
1273,ſie kan #sov+ch die bitter der sunden,,,,,,,,
1274,ioh die totliche wnden,,,,,,,,
1275,mit ir g#suo+te wol uerdekeN,,,,,,,,
1276,nu ruche ſie unſ erweken,,,,,,,,
1277,,den hungergen ſælen,,der ungewegen ſe#dr+le,,,,,
1278,,an ir #f22v+ iſt lobes mere,,als ir iſt lobes mere,,,,,
1279,,danne denhein ſtimme,,danne kein ſtimme,,,,,
1280,,mvge immer fure bringen,,wr muge bringe,,,,,
1281,daz #zwir+ ſie uon herzen mêinen,,,,,,,,
1282,ſo mak ſie unſ gna#lde+ bescheineN,,,,,,,,
1283,#iD+o daz reine magdin wart geborn,,,,,,,,
1284,,#iD+o daz reine chindelin,,#iD+#rO+ daz reine kindelin,,,,,
1285,,daz æwige magedein,,daz ewige megetin,,,,,
1286,,in diſe w#aer+lt wart geboren,,#ain+ diſe werlt wart geborn,,,,,
1287,do wart erleſket der zorn,do wart erleſchet d#aer+ zorn,,do wart erleſchet der zorn,,,,,
1288,der gotes unwir#lde+,goteſ v#and+ vnwirde,,der gotis vnwirde,,,,,
1289,v#and+ fleiſklicher gir#lde+,nach des todeſ girde,,vnd vleiſchlicher girde,,,,,
1290,do wart #sov+h der menniſke,do wart der menſch gela#aden+ ,,do wart der menſche,,,,,
1291,geladet zegotes tiſche,z#svo+ goteſ tiſche v#and+ ze ſin#aen+ genaden,,geladen zu gotis tyſſche,,,,,
1292,zedem lebentigen brote,z#svo+ der lebendigen ſpeiſe,#f?+ [...]tigen ſpiſe,zu der lebending#aen+ ſpiſe,,,,,
1293,daz die ſele nimet uzer note,,,,,,,,
1294,der men#f20v+niſh wart engels genoz,,,,,,,,
1295,,die engel in dem paradeyſe,di engel in d[...],die engele indem paradyſe,,,,,
1296,,die enphieng#aen+ do den menſch z#svo+ ir genoz,[...] ir genozzen,di enphigen do den irn genoz,,,,,
1297,honich #avnd+ milch vz der erde floz ,#rH+onik v#and+ milich floz,honich vnd […],honik vnd milch vloz,,,,,
1298,got die werlte do ſegent,,,,,,,,
1299,vnt heil von himel regent,,,,,,,,
1300,,,[...]gen,notturftigir ſegen,,,,,
1301,,,heile u#suo+rger regen,heilfuriger regen,,,,,
1302,pigmente ole #avnd+ mirre,,,bimente vnd mirren,,,,,
1303,daz ſchâf daz e fur irre,,[...] ſchaf daz e fur irre,,,,,,
1304,daz uant do c#zh+rippe #avnd+ ſtal,,daz v[...],,,,,,
1305,,,,daz ſchaf kant di krippen,,,,,
1306,do got luhte uber al, ,[...]hte vbir al,vnd da got luchte uberal,,,,,
1307,unſ chom #lde+r wintr#suo+be,vnſ chomen die wein trovben,vns chome[...],vns kom der wintruben zal,,,,,
1308,div ware turteltube,div ſtimme d#aer+ #rT+urtiltovben,[...]turteltuben,di ſtimme d#aer+ turteltuben,,,,,
1309,wart gehor#&+ uil gereite,wart gehort berait,wart gehoret[...],wart gehort vil gereit,,,,,
1310,uber al die chriſtenheite,vber alle die chriſtenheit,[…]h[…],uber al di kriſt#aen+heit,,,,,
1311,#iD+er tach daz ſie geborn wart,#rD+er tak do ſi geboren wart,[…] gebo[…],#iD+#re+r tac daz ſi geborn wart,,,,,
1312,der iſt liep #f21r+ wer#lde+ #avnd+ zart,d#aer+ iſt liep v#and+ zart,,der iſt ſo lip vnd ſo zart,,,,,
1313,allem dem livte,allen den levten ,alle[...] den […]uten,allen den luten,,,,,
1314,daz ſih mit #lde+r #?brûte+,die ſich mit der brevte,di ſich […],di ſich mit d#aer+ brute,,,,,
1315,gert uz den ſunden ſwingen,,,,,,,,
1316,,hinze himel wellent ſwingen,[…] ſwingen,hin zu himele wollen ſwing#aen+,,,,,
1317,under ir uanen dingen,,[…] ir van[…],vnd ir vanen dringen,,,,,
1318,,mit reinechlichen dingen,,,,,,,
1319,die ivngen #avnd+ die alten,,,iunge vnd alte,,,,,
1320,muzzen die dult behalten,,,di m#sue+zen #f11r/C2+ den tac behalte,,,,,
1321,mit vire geſange #avnd+ gebet,,,mit vire und mit geſange,,,,,
1322,wand unſ got gnade mit ir tet,,,,,,,,
1323,#avnd+ uber unſ ſelbe erſchêin,,,,,,,,
1324,daz ware lieht brahte ſie êine,,,,,,,,
1325,ſie iſt unſer fr#sov+den angenge,,,,,,,,
1326,ir g#suo+te wert wol die lenge,,,,,,,,
1327,,,,ſo wirt vil wol enphangen,,,,,
1328,,#rS+i ſol vnſ willechomen ſeyn,,ſu ſchol vns willekum#aen+ ſi,,,,,
1329,,ia levhtet vnſ d#aer+ magede ſchein,,ia luchtet vns daz megetin,,,,,
1330,,ſam div lilye ovz dem dorn,,als di lilie uz den dorn,,,,,
1331,,ſi wiget vns gen goteſ zorn,,,,,,,
1332,,,,ſi weget ouch vns davorn,,,,,
1333,,als ez vnſ andie not gat,,ſo ez vns an di not gat,,,,,
1334,,den ſvnde#ar+n ſi bey geſtat,,den ſundern ſi da biſtat,,,,,
1335,,vil reht m#sve+terlichen,,vilrechte m#sue+terliche,,,,,
1336,,ſi wil vnſ niht geſweichen,,ſi wil vns nicht entwiche,,,,,
1337,,vnz ſi vnſ bringet andie ſtat,,wanne ſi vns bren[...] an di ſtat,,,,,
1338,,des îe vn#aſer+ #f23r+ herze pat,,,,,,,
1339,,,,des ir gert vnd bat,,,,,
1340,,,,allez vnſer gem#sue+te,,,,,
1341,,,,ſo groz ſint ir g#sue+te,,,,,
1342,,ſi h#aer+tet ander lenge,,ſi hertet wol di lenge,,,,,
1343,,vnſer frevde nam anigenge,,vnſere vreude von anegenge,,,,,
1344,,do ſi der werlde molde,,do ſi inder molde,,,,,
1345,,mit vnſ hie bowen wolde,,mit vns buwen wolde,,,,,
1346,ſwaman ſænd marien nennet,ſwa man Mareien nennet,,waman ſant mariam nennet,,,,,
1347,ſo fr#sov+et ſih #avnd+ mendet,ſo frevt ſich v#and+ erchennet,,ſo vreuwet ſich vnd menget,,,,,
1348,beid#siv+ enſamet ſel #avnd+ lip,pede ſele v#and+ leip,,beide ſele vnd lip,,,,,
1349,wand unſ ir name die wisunge git,ir name vnſ weiſunge geit,,ir name vns wege git,,,,,
1350,ze unſer heimode,z#svo+ vnſerm heimot,,#dv+ zu vnſerm heymote,,,,,
1351,uz irdiſker brode,,,vzir diſer brode,,,,,
1352,,ovz menſchlicher not,,,,,,,
1353,bezzer name wart nie,,,bezer name wart nie,,,,,
1354,daz ſie daz leben ie geuie,,,,,,,,
1355,,,,der zu leben ie,,,,,
1356,des loben wir den heilant,des lob wir den hailant,,des loben wir den heilant,,,,,
1357,#lde+r da herberge vant,d#aer+ #dd+ie herberge vant,,der da herberge vant,,,,,
1358,indem ſunne ſchîne,indem ſunne ſcheine,,in dem ſvnnen ſchine,,,,,
1359,daz iſt d#siv+ muter ſine ,,,,,,,,
1360,,ſi wart nie ze weibe,,ſi enwart ouch ni[...] zu wibe,,,,,
1361,,ſi iſt vnbewollen,,ſi iſt magt vnbewollen ,,,,,
1362,,die frevde geit den vollen,,ſi gibt vns troſ[...] enuollen,,,,,
1363,#iD+annen uber dr#siv+ iare,Dar nach vber driv iar,,#iD+#ra+nnen uber dru iar,,,,,
1364,daz ſie die toht#aer+ gebare,do ſi div toht#aer+ gebar,,daz ſi di tochter gebar,,,,,
1365,ir opfer ſie ufhuben,ir opfer si #sov+f h#svo+ben,,ir oppher ſi uf huben,,,,,
1366,mit #lde+m kinde ſie daz trugen,mit dem chinde ſi daz tr#suo+gen,,mit deme kinte ſi ez trugen,,,,,
1367,gegen #lde+m ſale frone ,gen dem tempel frone,,gein deme tempele ſch#soe+ne,,,,,
1368,MaRia gie ſo ſchone,maria gienk ſo ſchone,,,,,,,
1369,,,,maria gin da vore,,,,,
1370,ſo wol ufgerihte,,#f?+ [...] wol uf gerihte ,ſo wol ufgerichte,,,,,
1371,,v#and+ begunde sich ovf rihten ,,,,,,,
1372,#lde+n livten zegeſihte,den levten ze geſihten,,den luten zugeſichte,,,,,
1373,daz ſie nie umbe geſ#?d+ah,daz ſi vme nie geſach,daz ſi vmb nie geſach ,daz ſi nie vmgeſach,,,,,
1374,zeder muter ſie niht enſprah,z#svo+ ir m#suo+t#aer+ ſi niht ſp#ara+ch,zir muter ſi niht enſprah,zuder muter ſi nicht ſprach,,,,,
1375,noh ſih darzu gem#suo+zte,,noch ſich dar zv gemuzte ,noch ſich darzu nicht gem#sue+zte,,,,,
1376,daz ſie den vater gr#suo+zte,,daz ſi ir vat#aer+ gruzte,daz ſi den #f11v/C2+ vater gruzte,,,,,
1377,#f21v+ #avnd+ ſie nie des gezam,v#and+ ſei nie gezam ,noch ſi dez nine gezam ,vnd ſi ni des gezam,,,,,
1378,daz ſie wip oder maN,daz ſi weip oder man,daz wip od#aer+ man ,daz ſi wip od#aer+ m#aan+,,,,,
1379,ane wolte ſc#sov+wen,ane wolde ſchowen,an wolde ſchowen ,an wolde ſchouwen,,,,,
1380,ſie gie uor al #lde+n frôwen,ſi gie vor al den frowen,ſi gie mit #aan+dern frowen ,ſi gink vor allen vrouwen,,,,,
1381,uil gereite zu der reſte,vil beraite z#svo+ der reſte,gereit fur reſte,vil gerechte zuder reſte,,,,,
1382,aller dirnkin#lde+ beſte,aller kinde beſte,daz kint aller beſte ,aller kinde beſte,,,,,
1383,daz ſuhte manige uenige,daz ſ#suo+chte manik venie,do ſchute ſin venie ,daz ſuchte manige venien,,,,,
1384,des wnderot die menige,deſ wunderte al die menige,dez wundert alle di menige,des wundert di menie,,,,,
1385,daz ſie kint was amme libe,,daz ſi weruch waz andem libe,daz ſi kint was ame libe,,,,,
1386,#avnd+ doh alſ ich fur ware ſcribe,,,,,,,,
1387,,daz ſi mit chintlichem leibe ,,,,,,,
1388,,pede manne v#and+ weibe,,,,,,,
1389,,,vnd doch alten wibe,vnd doch alten wiben,,,,,
1390,der werlte ein bilde uor truch,ſo g#suo+t bilde #f23v+ v#ro+r tr#suo+k,ſo gutiu bilde vor truch,ein gut bilde vor [...]ruk,,,,,
1391,daz was zuhteklich gnuch,v#and+ all#aer+ zuhte gen#suo+k,vnd aller zuhte genuch,vnd aller zuchte gnuk,,,,,
1392,#avnd+ gut ze merchen uberal,,,,,,,,
1393,den mageden in#lde+m ſale,,,,,,,,
1394,die got zaller zit dienten da,,,,,,,,
1395,nu wart #z#sov+h+ #d?+ en#f22r+pfolhen ſa,,,,,,,,
1396,den ſelben fro#sov+en daz kint,,,,,,,,
1397,,den meiden die da waren,div maget di da waren,den meiden di da waren,,,,,
1398,,v#and+ indem t#aem+pel lagen,vnd indem templo lagen,vnd indeme tempel lagen,,,,,
1399,,alle zeit v#and+ alle friſt,allezit vnd alle friſt,alle zit vnd alle vriſt,,,,,
1400,,ingotes lobe v#and+ ſinem dienſt,in dem gotis dieniſt ,in gotis dinſt,,,,,
1401,,den enphulhen ſi daz kint,den ephu#zl+hin ſi daz kint ,dem beualch ſi das kint,,,,,
1402,dem die ſæligen diende ſint,dem alle die dieninde ſint,dem alle di dienent ſint ,d#aem+ alle di dinent,,,,,
1403,,die got wellent ſehen,,,,,,,
1404,,v#and+ himiliſche frevde ſpehen,,,,,,,
1405,,,[...] daz ewige lewen,di daz ewige leben,,,,,
1406,,,immer wellent geſehen,immer woll#aen+t ſehen,,,,,
1407,alſus beleip ſie under in,si waz g#aer+ne vnder in ,da beleib[...],do bleip ſi gerne vnder in,,,,,
1408,d#siv+ muter #avnd+ ioachim,div muter v#and+ #rI+oachim,,di muter vnd ioach#aim+,,,,,
1409,begunden danne keren,die eylt#aen+ dann#aen+ cheren,,di ilten dannen keren,,,,,
1410,d#siv+ maget #^w+hſe mit eren,div magt waz mit eren,,di maget wuchs mit eren,,,,,
1411,ân aller ſlahte itewîz,ane aller ſlahte laſter,,au allerſlachte laſter,,,,,
1412,wan got ſelbe ſinen fliz,,,,,,,,
1413,#avnd+ ſin hute anſie leite,,,,,,,,
1414,des wart im gnade geſeite,,,,,,,,
1415,uon allen die in meinten,,,,,,,,
1416,,v#and+ nam ſich fure ſo vaſte,,vnd nam wr ſich vil uaſte,,,,,
1417,,daz ir alle holt waren,,,,,,,
1418,,die ſey an geſahen,,,,,,,
1419,uor liebe ſie beweinten,,,daz ſi vorlibe weinten,,,,,
1420,,,,di got v#aon+ herzcen meinten,,,,,
1421,des kindes tugend zvht #avnd+ gûte,,,,,,,,
1422,ſuze gebære reinz gemvte,,,,,,,,
1423,#iD+o ſprah fr#sov+e anne,#rD+o sp#ara+ch frow#ze+ anne,,#iD+#ro+ ſprach di vrouwe anne,,,,,
1424,got ſchivbet uf lange,got ſchevbet #sov+f vil lange,,got ſchubet ouf lange,,,,,
1425,ſine gnade ſwenner wil,ſine genade ſwen er wil,,ſine gnade wanne er #?w+il,,,,,
1426,un#lde+ git ir enſamet vil,v#and+ geit ir danne ſo vil,,vnd gibt der zumale vil,,,,,
1427,daz ſie niemen mak ergrunden,daz ſi nieman chan vol grun#aden+,,daz ſi nimant ergrunde,,,,,
1428,noh furbaz gechun#lde+n,noch furbaz kechvnden,,noch wrbaz mac gekunde,,,,,
1429,gezellen noh gemezzen,,,geceln noch gemezen,,,,,
1430,wer ſcholt im des uergezzen,,[...]en,wer ſcholte im des v#aer+gezen,,,,,
1431,die mine viande,#rD+ie minen viande,di min vianden ,mine v#sie+nde,,,,,
1432,die ſtent nu mit ſchanden,geſtent in grozzer ſchande,di ſtant nu anden ſchanden,beſten anden ſchandin,,,,,
1433,die mir ubele ſprachen,die mir vbel ſp#ara+chen,di mir vbel ſprachen,di mir vbele ſprachen,,,,,
1434,ſine weſſen waz ſie rachen,v#and+ ir ſpot an mir rachen,ſine weſſen waz an mir rachen,ſi enwoſten waz ſi rachen,,,,,
1435,do ih unberhafte was,do ich vnperhaft was,d[...] ich vnberhaft waz,do ich vnberhaft was,,,,,
1436,#avnd+ darnach ſchiere genas,v#and+ ſeit ich nv genas,dar nach ich ſchiere genas,vnd darnach ſchire genas,,,,,
1437,der herzelieben tohter min,der lieben tohter mein,,,,,,,
1438,da wart wol in allen ſchin,da worden an iſt ſchein,,,,,,,
1439,,michel goteſ zaichen,,,,,,,
1440,,nv greifen v#and+ reichen,,,,,,,
1441,,,der liben tôhter di ich #?w+ han,der liben tochter di ich han,,,,,
1442,,,da mohten ſi ſich alle wol enſtan,doch mochten ſi alle wol enſtan,,,,,
1443,daz daz gotes zeichen,,daz ditze zeichen ,daz #f12r/C2+ daz gotis zeichen,,,,,
1444,herce mir wolt gereichen,,herze mir wold raich,daz er uz mir wolte reichen,,,,,
1445,nu m#suo+ze in allez daz loben,,nu muz in allez daz loben,nv muz in alle#dn+ daz loben,,,,,
1446,daz uon im iſt bechomen,,da von im iſt bekomen ,daz von im iſt kumen,,,,,
1447,der menniſk vnt ezwilt,,,,,,,,
1448,#lde+r uogel #avnd+ ſwaz in wage ſpilt,,,,,,,,
1449,,layen v#and+ phaffen,Leien vnd phaphen ,leyen vnd phaffen,,,,,
1450,,#rv+#and+ ſwaz got hat beſchaffen,vnd ſwaz er hat geſchafen,vnd waz er hat derſchaffen,,,,,
1451,,daz erchenne in an mir,daz êre in allez an mir,daz bekent in allez anmir,,,,,
1452,,wilde #f24r+ vogel v#and+ tier,di vogel vnd di wilden tier,di wilden vogele vnd tier,,,,,
1453,,,die viſche vnd allez daz wunder,di viſſche vnd allez daz wunder,,,,,
1454,,,ſwaz indez mereſ vnde,daz indes mers grunde,,,,,
1455,ſwaz flivzet oder ſwebet,ſwaz flivzzet oder ſwebt,bediv fliuzet vnd ſwebet,beide fl#sue+zet vnd ſwebet,,,,,
1456,ſwaz chreſet oder lebet,ſwaz chreſt oder lebt,ſwaz creſcet vnd lebet ,waz kruchet oder lebet,,,,,
1457,uf dem er#lde+po#?d+me,ovf dem erpodeme,uf dem erde bodem,vffe dem ertbodeme,,,,,
1458,#avnd+ inden luften #f22v+ obene,od#aer+ in den luften obene,oder inden luften obene,oder inden luften obene,,,,,
1459,daz muze mir beſcheinen,,daz muz mir #f?+ allez zeigen,daz muz mir beſcheinen,,,,,
1460,wie ih #zin+ ſchul loben #avnd+ meineN ,,wie ich in #zſchul+ minnen oder meinen,wi ich in lob vnd meinen,,,,,
1461,#iE+ daz got menniſke wrde,,,,,,,,
1462,ane ſuntliche burde,,,,,,,,
1463,,daz ſol got den reinen,,,,,,,
1464,,mit lobe in triwen meinen,,,,,,,
1465,,#iV+or goteſ geburte noch,[]or gotis geburte ,#iU+#rO+r gotis geburte,,,,,
1466,ſwie gut die livte w#^æ+ren,,ſw#zi+e gute diu leute wurden,wi gut di lute worchten,,,,,
1467,,ſwaz die levte taten doch,,,,,,,
1468,,ſwie reht ſi waren,ſwie heilich ſi warn,wi heilig ſi do waren,,,,,
1469,#avnd+ d#siv+ kint die ſie gebaren,v#and+ ſwaz ſi kint gebaren,diu kint diu ſi gebarn,di kint di ſi gebaren,,,,,
1470,,die zehimel ſint geſelt,,,,,,,
1471,,v#and+ z#svo+ den g#suo+ten gezelt,,,,,,,
1472,,,,vnd doch inden iarn waren,,,,,
1473,doh begen wir ir dulte niht,do begæ wir niht ir tult,iedoch begen wir niht ir tult,,,,,,
1474,wizzet ir umbe welhe geſciht,,,,,,,,
1475,,ir ſult wol wizzen die ſchult,wiſſet ir wol diu ſchult,nv iſt ir wol di ſchult,,,,,
1476,war umbe wir daz miden,warume wir daz meiden,war umbe wir daz miden ,warumme wir daz meiden,,,,,
1477,daz wir ſie niht viren,daz die vaſte noch daz veiren,daz uaſten vnd daz vieren,daz di vaſte und di vire,,,,,
1478,noh in div ere geſatzet iſt,,,,,,,,
1479,untze unſer herre crhiſt,,,,,,,,
1480,,ingeſetzet niht eniſt,in geſetzet niht iſt ,in geſezcet nicht en iſt,,,,,
1481,,vnz aller manne bezzeriſt,wan aller man beſt,vnz aller manne lezziſt,,,,,
1482,ſie ſelbe erledigot,ſi erle#dg+degot ,,ſi eriledigot,,,,,
1483,,,ſit diu werlt wart erledigot ,,,,,,
1484,uz angeſtlicher not,ovz engeſtlich#aer+ not,uz angeſtlicher not,vz engeſtlicher not,,,,,
1485,#d?+ #zdvrh+ des erſten mannes ſunde,von des erſten weibes ſvnde,von dez e#zr+ſten wibes ſunden,vondes erſten mannes ſunden,,,,,
1486,waſ daz tief abgrunde,was daz abgrunde,ſo wa[...] daz abgrunde,waz daz aptgrunde,,,,,
1487,gerichet uon den ſelen,gereichet mit den ſelen,gerichet von den ſelen,gerucht von den ſelen,,,,,
1488,die muſen dar cheren,die m#suo+ſten dar cheren,ſi muſen alle dar keren,di muzent dar keren,,,,,
1489,ſolhe #avnd+ ſameliche,,ſoliche vnd ſæmeliche,ſulche vnd ſemeliche,,,,,
1490,bed#siv+ arme vn#lde+ riche,,arme vnd riche,arm vnd riche,,,,,
1491,do wart nehein gebein,do wart nie den hein gebeine,iz waz nehein gebein,do enwart kein gebeine,,,,,
1492,ſo luter noh ſo rêin,ſo lout#aer+ noch ſo reine,ſo luter noch reine ,ſo lutter noch ſo reine,,,,,
1493,daz daz mæhte bewarn,daz ez mohte bewarn ,,daz daz mochte bewarn,,,,,
1494,ſine m#suo+ſen alle dar uarn,div ſele m#sve+ſte dar varen,,ſi m#sue+ſten alle dar varn,,,,,
1495,#avnd+ mit langem ſere erbiten,da m#svo+ſen ſi erbeiten,iz muſe da enbiten,mit manigem ſer erbite,,,,,
1496,der oſterlichen zite,d#aer+ oſterlichen zeiten,der oſterlichen zite,der oſterlichen cite,,,,,
1497,daz daz ewige vrſchin,vnz der liehte ſchein,vnz daz daz ewige[...],daz der ewige ſchin,,,,,
1498,erluhte enmitten vnder in,erlouht vnd#aer+ in,,erbl#sue+te mitten vnder in,,,,,
1499,#avnd+ des cruces inſigele,do des chrevzes inſigil,,do des crucis inſigele,,,,,
1500,daz zæichen uon himele,daz zeichen #sov+z dem himel,,daz zeichen vzdem himele,,,,,
1501,der helle gewalte entrante,die tiefen helle entrant ,,di tifen hell[...] entrante,,,,,
1502,die ſele erloſte den tievil geſchante,,,den tuvel geſchante,,,,,
1503,,v#and+ den tivel pant,,,,,,,
1504,,v#and+ die volg#aer+ ſin,,vnd ſine volgere,,,,,
1505,,die da waren #f24v+ in dem pein,,,,,,,
1506,,,,di #12v/C2+ darinne waren,,,,,
1507,#iD+o hiez got uber die ſinen,#rD+o hiez got vber die ſeinen,,#iD+#ro+ hie got uber di ſinen,,,,,
1508,ein michel lieht erſchinen,ein groz lieht ſcheinen,,ein michel licht liz ſchinen,,,,,
1509,ein groze berhtel v#and+ glaſt,,,ein groz berk tal vnd glaſt,,,,,
1510,,daz waz dem tievel ain laſt,,,,,,,
1511,nu horet wie des cruciſ aſt,nv horet wie deſ chrevzeſ aſt,[...]des cruces aſt ,nv horet wi des cruces aſt,,,,,
1512,#avnd+ der uil heilige ſtam,v#and+ der vil heilege ſtam,vnd der [...],vnd der vilheilige ſtam,,,,,
1513,erlediget wib #avnd+ man,erloſte weib v#and+ man,[...] man,der erloſt wip vnd man,,,,,
1514,#f23r+ ſit der heilig aller heiligon,ſeit der heilige chriſt,do der heilig aller heiligon,ſin der heilige aller heiligen,,,,,
1515,bed#siv+ ſich v#and+ lon,,bediv ſic vnd lon ,beide ſich vnd lon,,,,,
1516,aller #lde+r werlte erzeigte,,alle der werlt erzæi[...]e,aller d#aer+werlde erzeigete,,,,,
1517,d#siv+ ſih zu im geneigte,,die ſich hinz im geneicten,di ſich zu im neigeten,,,,,
1518,,geſiget an des tievels liſt,,,,,,,
1519,vnt d#siv+ helle zebraſte,v#and+ div helle wart zebroſten,vnd diu helle wart zebrochen,vnd di helle was zubrochen,,,,,
1520,ſit wart unſ d#siv+ uaſte,,,,,,,,
1521,geboten #avnd+ d#siv+ banvire,,,,,,,,
1522,durh die holden ſine,,,,,,,,
1523,,ſeit m#suo+ſte wir vaſten,ſit muſten wir vaſten,ſint muſten wir uaſten,,,,,
1524,,v#and+ mit banne veiren,vnd vieren ,vnd mit ban v#sie+re,,,,,
1525,,eren die holden ſeinen,eren die holden ſin,eren di holden ſine,,,,,
1526,,,die den lip garten,di irn lip karten,,,,,
1527,,,zemiſlicher martir ,zu gemiſſcheter marter,,,,,
1528,die ſolh#siv+ werch worhten,,vnd ſolhiv werche worhten,vnd ſulche werk worchten,,,,,
1529,daz ſie den tot nien uorhten,,da ſi niht er frohten ,daz ſi nicht envorhten,,,,,
1530,durh die gotes minne,,,,,,,,
1531,moyſes #avnd+ ſin geſinde,#rM+oyſes vnder tan,,,,,,,
1532,,v#and+ and#aer+ g#suo+te weip v#and+ man,,,,,,,
1533,,,dez libes wandelunge,des libes wandelunge,,,,,
1534,,,moyſes iunger,moyſes der iunge,,,,,
1535,die dauor lebeten,die da vor lebten,die da vor lebten,di da vor lebeten,,,,,
1536,ſwie vil tugende ſie pflegeten,ſwie vil ſi tugende phlegten,ſwie ſi tugent phlegeten ,wi uil ſi tugende phlegeten,,,,,
1537,ir dulte doh nieman begat,ir tak doch nieman beget,ir tult doch nienen beget ,ir gedult doch nimant beget,,,,,
1538,div an ir iarzite geſtat,der an ir iarzeit geſtet,di an ir iarzit geſtet,di an ir iargezit geſtet,,,,,
1539,wand ſie den nie geſahen,wan ſi den nie geſahen,wan den ſi nie geſahen,wanne ſi den nie geſahen,,,,,
1540,des ſie zeherren iahen,des ſi ze herren iahen,dez ſi zeherren iahen,des ſi zuherren iahen,,,,,
1541,der ſit un#lde+r menniſk#aen+ gîe ,der ſeit vnd#aer+ vnſ gie,der ſit vnder vns gie,der ſint vnder vns gie,,,,,
1542,#avnd+ ſih crucigen lie,v#and+ ſich chrevzen lie,vnde ſich crucen lie,vnd ſich crucigen lie,,,,,
1543,durh liebe #lde+r chriſtenheit,,,,,,,,
1544,d#siv+ nu wît iſt v#and+ breit,,,,,,,,
1545,,,daz elliv heilicheit,daz alle heilikeit,,,,,
1546,,,wurde [...],wurde deſterbaz bereit,,,,,
1547,,,,vnd criſtenlicher ere,,,,,
1548,,,,wurde deſtermere,,,,,
1549,#iD+avid #avnd+ habraham,#rD+auid v#and+ abraham,,#iD+#ra+uid vnd abraham,,,,,
1550,daz waren furſten lo,die furſten lobeſam,,di waren furſten lobeſ#aam+,,,,,
1551,yſaac #avnd+ ioſue,yſaac v#and+ Ioſue,,yſaach vnd ioſue,,,,,
1552,vnd iacob inder alten ê,,,iacob #dv+in der alten e,,,,,
1553,ioh d#siv+ tohter yſachar,,,vnd di tochter yſachar,,,,,
1554,div unſer fr#sov+en gebar,,,di vnſer vrouwen gebar,,,,,
1555,#avnd+ ir vater ioachim,,,vnd ir uater ioachim,,,,,
1556,,die lebten ind#aer+ alten #^æ+,,,,,,,
1557,,ysachar v#and+ #rI+oachim,,,,,,,
1558,die heten allen ir ſin,die heten allen iren ſin,,di hatten alle irn ſin,,,,,
1559,an got ſtarche gewendet,an got vaſte gewendet,,an got gewendet,,,,,
1560,des enwrden ſie niht geſchendet,deſ wurden ſi nie geſchendet,,des enwurden ſi nicht geſchendet,,,,,
1561,ſie ſint inme himelriche,ſi ſint in himelreiche,,ſint in himelriche,,,,,
1562,#aden+ engeln geliche,den engeln geleiche,,den engelen gliche,,,,,
1563,vnd ſint da ſo gefriſtet,,,vnd da ſo ge#f13r/C2+vriſtet,,,,,
1564,daz in da nihtes gebriſtet,,,daz in nicht gebriſtet,,,,,
1565,wan des alterſeine,,,wanne des aleine,,,,,
1566,daz wir ſie uzſchei#lde+n,,,daz wir ſi uz ſcheiden,,,,,
1567,#du+an unſern hohziten,,,an vnſern hochgeziten,,,,,
1568,durh daz ſie muſen biten,,,dadurch daz ſi muzen b#sie+ten,,,,,
1569,der gotes ledigunge,,,der gotis ledigunge,,,,,
1570,#avnd+ an #lde+ſ libes wandelunge,,,,,,,,
1571,die helle muſen ſc#sov+eN,,,,,,,,
1572,,,,#ain+ deme abgrunde,,,,,
1573,#f23v+mit allem ir gezôwe,,,mit allem irm gezeume,,,,,
1574,nu rufet ſie #du+an alle,,,,,,,,
1575,uon herzen niht mit #lde+s mun#lde+s ſchalle,,,,,,,,
1576,,,,geru[...]et in di hohe,,,,,
1577,da ſie nu ſint gefuret,,,dar ſi nv ſint gefuret,,,,,
1578,uon dem tievil umberuret,,,von deme tuvele vngeruret,,,,,
1579,,nv #f25r+ helfe got d#aer+ g#suo+te,,,,,,,
1580,,durch ſin w#aer+des pl#suo+t,,,,,,,
1581,daz daz heilige ingeſide,daz wir daz inſinde,,daz heilige ingeſinde,,,,,
1582,uor hazze ioh uor nide,,,vor haze noch vor nide,,,,,
1583,unſ armen ruche enbinden,,,vns armen ruche enpinden,,,,,
1584,daz wir ſie hernah vinden,,,daz wir ſi hernach vinden,,,,,
1585,,alle gemeine vinden,,,,,,,
1586,in den himiliſken eren,in den himiliſchen eren,,in den vnzellichen eren,,,,,
1587,ſo wir uzem ellen#lde+ chereN A#aMen+,ſo wir von hinnen m#?sue+zzen cheren A#amen+,,ſo wir von diſem enlende keren,,,,,
1588,#IN+v uernemet die ſenften lere,#iN+v vernemt di ſemften lere,,#iN+#rv+ u#er+nemt diſe lere,,,,,
1589,uon der magede here,von d#aer+ magt here,,von der maget here,,,,,
1590,d#siv+ uns #lde+n heilant gebar,div vnſ den hailant gebar,,di vns den heilant gebar,,,,,
1591,gut#siv+ herze heuet ivh dar #?d+,g#suo+tev herze hebt evch dar,,gute herzc#aen+ nv hebet uch dar,,,,,
1592,da ir daz hæil gwinnet 1235,,,,,,,,
1593,,da ir den troſt vindet ,,da ir den troſt vindet,,,,,
1594,des iv niemer cerinnet,des nimmer ev ze rinnet,,des uch nimmer zurinnet,,,,,
1595,bittet ſie der undirdige,,,,,,,,
1596,,pitet ſey mit ſteter dige,,,,,,,
1597,,,,bit ſi darunter nige,,,,,
1598,daz ſie flehliken lige,daz fleizzechlich an lige,,daz ſi v[...] ulizclichen lige,,,,,
1599,ir trut ſun andem fuze,ir trout ſvne an den fuezzen,,irme trutſune andeme fuz[...],,,,,
1600,untze er unſ gebuzze 1240,vnz er vnſ gebuezze,,vnz er vns gebuze,,,,,
1601,unſer leit unt unſer ſere,vnſer lait v#and+ vnſer ſer,,vnſer leit vnd vnſer ſer,,,,,
1602,#lde+r pfaffe heizet wernhere,der prieſt#aer+ heizzet wernher,,der priſter heizet wernher,,,,,
1603,der des lides began,der des liedeſ began,,der des lides began,,,,,
1604,uon #lde+m er urchunde nam,von dem er vrchunde nam,,von dem er urkunde nam,,,,,
1605,der iſt #sov+h uon chriſte 1245,der iſt vor chriſt,,der ist ouch von criſten,,,,,
1606,zeinem ewangeliſte,zv einem ewangeliſt,,zu eime ewangeliſten,,,,,
1607,geſegent #avnd+ gewihet,geſegent v#and+ geweihet,,geſeinet vnd gewihet,,,,,
1608,nieman ime d#?ê+s uerzihet,niht ingot verzeihet,,nimant in des v#aer+zihet,,,,,
1609,math#?seu+s iſt #lde+r orthabe,Math#aeu+s iſt d#aer+ orthabe ,,matheus iſt der erthale,,,,,
1610,der ratet dazman uz trage 1250,,,der retet daz vns uztragen,,,,,
1611,die margariten andaz lieht,,,di di margariten in daz licht,,,,,
1612,daz ſie werde uertunchelt nieht,,,daz ſi v#aer+tunkelt w#aer+de nicht ,,,,,
1613,indem irdiſkem ſt#sov+be,,,in irdiſſchem ſtoube,,,,,
1614,ia hilfet uns der gl#sov+be,,,ia hilft uns d#aer+ gloub[...],,,,,
1615,d#aen+ wir zu der kuniginne han 1255,,,#f13v/C2+ den wir andi kvneginne haben,,,,,
1616,ſo wir dem tievil wi#lde+r#f24r+ſtan,,,ſo wir dem tuuel widerſagen,,,,,
1617,ſie iſt des himels fr#sov+e #avnd+ brut,,,,,,,,
1618,,der retet daz wir die habe,,,,,,,
1619,,v#and+ die red an daz lieht,,,,,,,
1620,,t#ara+gen v#and+ deſ lazzen nieht,,,,,,,
1621,,v#and+ des mereſ ſterne,,,,,,,
1622,,mariam loben g#aer+ne,,,,,,,
1623,,,,ſi iſt in ein ſterne,,,,,
1624,,,,ia mugen wir ſi loben ger,,,,,
1625,,,,di h#de+imeliſſchen brut,,,,,
1626,ſie beſchirmet wol daz lîvt,,,ſi beschirmet #?w+ol daz l#sue+t,,,,,
1627,un#?lde+ alle ir undertane,,,vnd alle ir vndertane ,,,,,
1628,die getut ſie ſorgen ane 1260,,,di tut ſi ſorgen [...]ne,,,,,
1629,ſie hat den heilig#aen+ daz lon,,,ſi hat gemert wol daz l#soe+n,,,,,
1630,gemert mit #lde+s lebens chrôn,,,,,,,,
1631,,,,allen gotis heilig#aen+,,,,,
1632,wand allez mannes chunne,wan alleſ menſch chunne,,#?w+anne allez kunne,,,,,
1633,ienoh zehelle brunne,noch ze helle brunne,,muſte zur helle brunne,,,,,
1634,ware in d#siv+ maget niht chom#aen+ 1265,wer div magt niht cho#amen+,,w#aer+ [...]n di maget nicht kumen,,,,,
1635,d#siv+ ſie uzer not hat genomen,#f25v+ div vnſ da von hat genomen,,di #zſi+ uz deme fure hat genum#aen+,,,,,
1636,ſie iſt ein chriſtalle,ſi iſt ein chriſtalle ,,ſi ist ein criſtalle,,,,,
1637,uber die engil alle,ob den engeln al#alen+,,uber di engele alle ,,,,,
1638,ein liehtvaz in der vinſter,,,,,,,,
1639,ſie zuchet uns uon #lde+r winſter 1270,,,,,,,,
1640,daz wir zeſwenthalben geſt#aen+,,,ceſme eintalp geſten,,,,,
1641,ſo wir andaz gerihte gen,,,ſo wir zu gerichte gen,,,,,
1642,alle ir uolgære,,,alle volgere,,,,,
1643,nv bittet den ſagerare,,,di bitent den ſagere,,,,,
1644,,nv pit die vrowen mære,,,,,,,
1645,,den heren ſagerere,,,,,,,
1646,den der heilig geiſt begoz 1275,den der heilige geiſt beſloz,,den der heilige geiſt begoz,,,,,
1647,daz ſie mine ſunde also groz,daz ſi mine ſvnde groz,,da her mine ſunde ſo groz,,,,,
1648,mit gna#lde+n wol bedeche,mit vollen gena#aden+ deche ,,mit gnaden wolle bedeke,,,,,
1649,untz ih d#siv+ herze erweche,vnz ich div h#aer+ze erweche,,vnz ich di h#aer+zcen erweke,,,,,
1650,d#siv+ noh ſlafen#lde+ ſint,die nu ſlaffinde ſint,,di noch ſlafende ſint,,,,,
1651,daz ſie erchennen daz kint 1280,daz ſi erchennen daz chint,,daz ſi erkennen daz kint,,,,,
1652,daz ſie mit armen umbe vie,daz ſi mit armen vmbevienk,,daz ſi mit armen vmme ving,,,,,
1653,do ſie ze keminaten gie,do ſi ze chemenaten gienk,,do ſi zu kemenaten ging,,,,,
1654,bi der ſmahen krippe,bey d#aer+ ſmehen krippe,,bi der ſmehen crippen ,,,,,
1655,do wart adameſ rippe,do wart Adâmes rippe,,do wart adams rippen,,,,,
1656,an#lde+r fr#sov+en wol geeret 1285,an frevden wol ge #^æ+ret,,and#aer+ vrouwe wol geeret,,,,,
1657,ſie hat unſ alle fr#sov+de gemeret,ſi hat vnſ frevde gemeret,,ſi hat alle vreude gemeret ,,,,,
1658,#iD+o ſænte #?MaRje+,#iD+o ſant #rm+areie,,#iD+#ro+ ſant maria,,,,,
1659,d#siv+ edile vnt div frie,div edele v#and+ div freye,,di edele maget vnd vrie,,,,,
1660,div maget unberuret,div magt vnber#sue+ret,,iuncvrouwe vnberuret,,,,,
1661,zu dem templo wart gefuret 1290,ze dem tempel wart ge fueret,,zu deme wart gefuret,,,,,
1662,,den d#aer+ kvnik Salomon,,daz der kvnik ſalomon,,,,,
1663,,ſtifte durt den gotes lon,,ſtifte durch daz gotis lon,,,,,
1664,inder ſtat ze #?Ierusalem+,in d#aer+ ſtat ze ieruſalem,,inder ſtat zu iheruſalem,,,,,
1665,ir ere begun#lde+ do uf gen,ir ere begunde #sov+f gên,,,,,,,
1666,,,,e her begunde uf gen,,,,,
1667,erkant wart ſie witen,gepredigot wart ſi weiten,,gepredigit wart ſi witen,,,,,
1668,wan#lde+ ſie in denſelben ziten,wan ſi in den ſelben zeiten,,wanne ſi in den ſelben geziten,,,,,
1669,erluhte ſam d#siv+ ſunne 1295,louht alſam div ſvnne,,er beluchte als di ſvnne,,,,,
1670,uz all#aem+ ir #f24v+ chunne,ovz allem irem kvnne,,uz #f14/C2+ allem irm kvnnde,,,,,
1671,ir antlutze was so tugentliche,,,,,,,,
1672,ir #sov+gen alſo kunchliche,,,,,,,,
1673,ir gebær#lde+ alſo reine,,,,,,,,
1674,daz ſih zv ir glichte #lde+hêine 1300,,,,,,,,
1675,under allen #lde+n fr#sov+en,,,,,,,,
1676,,ir antlutze v#and+ ir ougen,,ir antlize vnd ir ougen,,,,,
1677,ſie mvſen anſc#sov+en,daz m#svo+ſen an ſchowen,,daz mvzen ane ſchouwen,,,,,
1678,d#siv+ livte mit uorhten,die levte mit forhten,,di lute mit vorchten,,,,,
1679,ſwa andere fr#sov+en worhten,ſwa ander vrowen worhten,,w[...] andere vrouwen worchten,,,,,
1680,linwat un#lde+ ſiden 1305,leinwat oder ſeiden,,linwat vnd ſyden ,,,,,
1681,#?i+r nehe#?ni+v maht erliden,ir enhein moht erleiden,,ir keine mochte erliden,,,,,
1682,alſo vil der arbeit #d?+,d#aer+ arbeit ſo vil,,der erweit alſo vil,,,,,
1683,ſo ditze kint frolichen leit,,,,,,,,
1684,den tempelherren ze minne,,,,,,,,
1685,,ſo daz kint #f26r+ in ſinem ſpil,,ſo diz kint in ſinem ſpil,,,,,
1686,,,,mochte volbringen,,,,,
1687,ſie worhte mit richem ſinne 1310,,,ia worchte ſi mit ſinnen,,,,,
1688,al des ſie begunde,,,allez des ſi begonde,,,,,
1689,ſwaz ſo wibes hant chunde,,,,,,,,
1690,,,,waz di alten konde,,,,,
1691,daz enmahte ir niht #f25r+ engân,,,daz enmohte ir nicht engan,,,,,
1692,des nahteſ ilte ſie uf ſtân,,,des nachtes ilte ſi uf ſtan,,,,,
1693,daz ſie ir venige pflæge 1315,,,daz ſi ir venien pflege ,,,,,
1694,vn#lde+ ſih got ergæbe,,#f?+ [...] ergebe,gote ſi ſich ergebe,,,,,
1695,ir ſite v#and+ ir gewonheit,Al ir gewonheit,[]r gewonheit,ire gewonheit,,,,,
1696,die ſage ih iv gereit,ſag ich ev bereit,ſaget ich iv gereit,ſage ich uch gereit,,,,,
1697,alle morg#aen+ vil fr#suo+,alle morgen vil fr#suo+,alle morgen vil fru,alle morgen vru,,,,,
1698,ſo gedahte ſie darzu 1320,ſo gedahte ſi dar z#svo+,ſo gedahte ſi wol da zu,ſo gedahte ſi darzu ,,,,,
1699,daz ſie ir gebetes h#suo+te,da ſi ir gebeteſ g#suo+t,daz ſi ir gebetes hute,daz ſi ires gebetis hutte,,,,,
1700,d#siv+ reine #avnd+ div gute,,div reine vnd di gute,di reine vnd di vilg[...],,,,,
1701,,phlak inreht#aer+ h#suo+t,,,,,,,
1702,mit michelme flize,v#and+ mit allem fleizze,mit michelm flize,mit michelem vlize,,,,,
1703,untze zudem inbizze,biz #sov+f daz imbeiz,unz zu dem imbize,vnz #zzu+ #dſi+ dem inbize,,,,,
1704,ſo die fr#sov+en gazzen 1325,So die frowen gazen,ſo di frowen gazzen,ſo d[...] vrouwen gazen,,,,,
1705,v#and+ wider an ir werh geſazzen,v#and+ an ir werch geſazen,wider an ir werche geſazzen,wider zu w#aer+ke geſazen,,,,,
1706,den half ſie untze an die none,den half ſi vnz an die n#soe+ne,den half ſi vnz an die none,de[...] half ſi vnz zu none,,,,,
1707,ſo gie ſie aue ſchone,ſo gie aber ſchone,ſo giench aue ſchone,ſo gink ſi aber ſchone,,,,,
1708,hin fur #lde+n altære,hin fur den alt#aer+,vor den altare,w#ze+r den altare,,,,,
1709,daz ſie ir ſa#?lt+er lære 1330,da las ſi ir ſalter,da ſi ir churſ da lare,,,,,,
1710,,,,daz ſi irgebete ſpreche,,,,,
1711,daſtunt ſie unze an die veſper,vil ſtete vnz an die veſ#aper+,da ſtunt ſi unz an die veſper,da ſt#aun+t ſi vnz andi veſper,,,,,
1712,daz alle die ſweſter,daz alle die ſweſter,daz alle dieſweſter,daz alle di ſwester,,,,,
1713,daz geſanch anv#?î+engen,daz geſank an viengen,daz ſanc an viengen,den ſanc angevingen,,,,,
1714,#avnd+ ir tagezit begiêngen,ir tagzeit be giengen,ir tagecit begiengen,ir tagezit begingen,,,,,
1715,ſo chom geflogen gabriel 1335,#rD+o chom geflogen Gabriel,ſo chom gabriel,ſo kom gevlogen gabriel,,,,,
1716,der gotes engel vil here,d#aer+ gotes engel vil ſnel,der gotis engel her,der gotis engel vil her,,,,,
1717,er braht #sov+h ir daz himel brot,der braht ir daz himel prot,er braht #sov+ch ir daz himelbrot,er brachte ouch vr daz himel brot,,,,,
1718,daz er der ivnchfr#sov+en bot,daz er d#aer+ kvniginne bot,daz er der chunigenne enbot,daz er d#aer+ kuneginne bot,,,,,
1719,daz noz ſie mit kivſhem libe,,,,,,,,
1720,d#siv+ nie wart ze wibe 1340,,,,,,,,
1721,,,uz ſiner hant in di ir,vz ſiner hant in di ir,,,,,
1722,anders aze ſie niht vil,,anders az ſi niht vil,anders az ſi nich[...] vil,,,,,
1723,alſ ich ivh bewiſen wil,,,,,,,,
1724,ſwaz man ir gap ze ſpiſe,#rS+waz man ir gab zeſpeiſe,ſwaz man ir gab zeſpiſe,wazman ir gab zuſpiſe,,,,,
1725,daz ilte d#siv+ maget wiſe,daz eilte div magt weiſe,daz ilte div maget wiſe,daz gehilt di ma[...] wiſe,,,,,
1726,den armen ellenden 1345,armen ellenden,armen ellenden,armen #da+enlenden,,,,,
1727,in die ſtat ſenden,indie ſtat ze ſenden,in di ſtat zeſenden,in di ſtat zuſenden,,,,,
1728,al der fr#sov+en ſamnunge,alle div ſamenunge,allen div ſamnunge,#f14v/C2+ [...]l di ſamenunge,,,,,
1729,bed#siv+ alte #avnd+ iunge,alte v#and+ iunge,alten vnd iunge,alt vnd iunge,,,,,
1730,di wrden do wol inne,die wurden wol innen,die wurden wol inne,di wurden do wol innen,,,,,
1731,der t#sov+genlichen minne 1350,der tougenlichen minne,der t#sov+genlich[…] minne,der tugentlichen minnen,,,,,
1732,die ſie mit dem engel habete,die ſi mit dem engel habte,die ſi mit den engeln habet,di ſi mit den egelen hatte ,,,,,
1733,ſie ſelbe ez wol uerdagete,ſi ſelbe ez wol ver dagte,ſiſelbe iz wol uerdaget,ſi ſelbe ez wol v#aer+dagete,,,,,
1734,doh waſ ez unverborgen,doch waz ez niht v#aer+borgen,doch waz iz vnuerborgen,doch was ez unv#aer+borgen,,,,,
1735,daz enmahte ſie niht beſorgen,daz kvnde ſi niht beſorgen,daz chunde ſi niht beſorgen,daz enmocht ſi nicht beſorgen,,,,,
1736,#iS+æligen ſweſter wonten do 1355,#rS+ælig ſweſt#aer+ waren do,[]ælige ſweſter wonten do,#iH+#re+ilige ſweſtere wonten do,,,,,
1737,inſalomonis #f25v+ templo,inſalomoniſ templo,inſalemonis templo,in salomonis templo,,,,,
1738,die waren da gehohet,die waren gehohet,die warn da gehohet,di waren do gehohet,,,,,
1739,nu ſint ſie gar zeſtoret,ſeit ſint ſi gar zeſtoret,ſit ſint ſi gar zeſtoret,ſider ſint ſi gar zuſtoret ,,,,,
1740,ſit habent ez beſezzen,nu habent ez beſezzen,nu habent iz beſezen,nv habent ez beſezen,,,,,
1741,riter vil uermezzen 1360,rit#aer+ gar v#aer+mezzen,ritter uil mezzen,rittere vil v#aer+mezen,,,,,
1742,die ez werent mit chrefte,die w#^æ+rent ez mit chreften,die wernt iz mit crefte,di werend ez mit kreften,,,,,
1743,uor #lde+r hæidenſchefte,#f26v+ vor der heidenſcheften,uon der heidenſchefte,vor d#aer+ heidenſchefte,,,,,
1744,mit den was d#siv+ maget rêine,,,,,,,,
1745,alſo daz ſie ſtaete ſchêine,,,,,,,,
1746,,Do div keiſerinne,[]o diu cheiſerinne,do di keiſerinne,,,,,
1747,,div erwelte gimme,diu erwelt gimme,di erwelte gymme,,,,,
1748,,wolde beleiben,,,,,,,
1749,,,zu uerſiht der werlde,zuv#aer+ſiht der w#aer+lde,,,,,
1750,,,div den ſal erwelte,di ir den ſal erwelte,,,,,
1751,,,da ſi wolt erſcheinen,daz ſi wolte erſchinen,,,,,
1752,,bey den reinen weiben,bi den heiligen wiben,bi [...] heiligen wiben,,,,,
1753,,do lobt ſi vnſeren herren,do lobte ſi vnſern herren,do lobte ſi vnſern herren,,,,,
1754,,daz er ſey ſo verren,d[…] er ſi ſo uerre,[...]z er ſi alſo v#aer+ren,,,,,
1755,,ovz den andren erh#suo+b,uz den andern erhube,uz den andern erhub,,,,,
1756,,daz ſi ane tr#suo+b,,,,,,,
1757,,,da ſi ſenftlichen truch,daz ſi [...]fticlichen trug,,,,,
1758,zaller ſlahte arbeit 1365,mit grozz#aer+ arebeit,alle die arbeit,alle di erbeit,,,,,
1759,die ſie ze gwonheit,,die ſi zegewonheit,di ſi zu gewonheit,,,,,
1760,heten geſprochen un#lde+r in,,heten geſprochen under in,hatten geſprochen,,,,,
1761,,gedultechleichen leit,,,,,,,
1762,,gepreſten vnd#aer+ in,,,,,,,
1763,niemen maht den ir ſin,nieman moht ir ſin,niemen mohte ir ſin,vnd nimant enmochte,,,,,
1764,errechen noh ergrunden,erreihen noch ergrunden,er#f?+rechen noh er grunden,den iren ſin erkunden noch ergrunden,,,,,
1765,ſie mante ſie zallen ſt#suo+nden 1370,,,,,,,,
1766,werben nah got#?ais+ hul#lde+,,,,,,,,
1767,#f26r+ ſie was ân alle ſchulde,,,,,,,,
1768,gut wolgem#suo+t milt #avnd+ wîſe,,,,,,,,
1769,,ſi eylte ſi alle ſchunden,ſi ilte ſi alle ſchunden,ſi ilte zu allen ſtunden,,,,,
1770,,ze goteſ dienſt v#and+ ſinem lobe,ze gotis dienſte,zu gotis dinſt,,,,,
1771,,dem ſi lak ſtetichleichen obe,,,,,,,
1772,,,zu der ewigen geniſte,zu d#aer+ ewigen geniſt,,,,,
1773,,,ſi was an allez wandel,ſi was an alliz wandel,,,,,
1774,,,kuſcher denne ein ander,kuſcher danne diandern,,,,,
1775,,ir denhein waz ſo weiſe,irne heine was ſo weiſe,ir keine was ſo wiſe,,,,,
1776,ſie lebet der heren ſpiſe,ſi az die goteſ ſpeiſe,ſi aze die gotis ſpiſe,ſi az di gotis ſpiſe,,,,,
1777,die ir der engel brahte 1375,die ir d#aer+ engel prahte,di ir der engel brahte,di ir der engel brachte,,,,,
1778,neheines arges ſie gedahte,den heineſ vbels ſi gedahte,neheines vbelis ſi gedahte,keines vbels ſi gedahte,,,,,
1779,kivſche diemût vn#lde+ ſtæte,,,,,,,,
1780,die dri tvgen#lde+ ſie hæte,,,,,,,,
1781,mit den andern uzerchorn,,,,,,,,
1782,nit hohfart #avnd+ wiplich zorn 1380,,,,,,,,
1783,vant an ir neheine ſtat,,,,,,,,
1784,wand nie fr#sov+e ſo hohe getrat,,,,,,,,
1785,zeſælden #avnd+ zeeren gliche,,,,,,,,
1786,des iſt h#siv+te ir lop ſo riche,,,,,,,,
1787,die zuht ſie umbegurte 1385,,,,,,,,
1788,fluchen #avnd+ boſe antwrte,,,,,,,,
1789,muſte ir ſin unerchant,,,,,,,,
1790,ſie was ân der ſun#lde+n bant,,,,,,,,
1791,,,an der gute was ſi ſtæte,and#aer+ gute was ſi [...]ete,,,,,
1792,,,ingeiſtlicher wæte,in geiſtlicher wete,,,,,
1793,uaſten oder wachen,vaſten noch wachen,wachen vnd vaſten,wachen und vaſten,,,,,
1794,daz enmahte ſie niht gemachen 1390,daz chun#lde+ ſey niht gemachen,daz mohte ſi niht gemachen,des mocht ſu nicht gemachen,,,,,
1795,miſſeuar noh trube,bleich noch tr#suo+be,bleich oder trube,bleich od#aer+ trube,,,,,
1796,deſ wnderot genuge,dez wundrot gen#svo+ge,dez wundert genuge,des w#aun+[...]ert genuge,,,,,
1797,,,daz beſte het ſi erchorn,daz beſte het ſi derkorn,,,,,
1798,,,#sov+ch hube ſi deheinen zorn,ia d#aer+hub ſi #f?/C3+ inkeinen zorn,,,,,
1799,,,die zuhte ſi umb gurte,di zu#?ht+ ſi #?umbe+ gurte,,,,,
1800,,,der boſen antwurte,#?der+ boſ[...] antwurte,,,,,
1801,,,ne wold ſi niht geruchen,der wolt ſi nicht geruchen,,,,,
1802,,,ſchelten vnd fluchen,ſchelten vnd [...]chen,,,,,
1803,,,daz waz ir ſeltſæne,daz was ir ſeltſene,,,,,
1804,,,der ſunden was ſi ane,der ſunten was ſi ane,,,,,
1805,alle ir huſgnozinne,ir houſgenozzinne,ir huſgenozzi#ann+e,ir [...]ſchen huſgenozen,,,,,
1806,die ſtarhte ſie inder minne,die ſterktes ingoteſ minne,die ſtrachte ſi an d#aer+ minne,di ſterkten ſi ind#aer+ minne,,,,,
1807,,,zebezzerm teile,zu b[...]rem teile,,,,,
1808,,,zeſælden vnd zeheile,zu ſelten vnd zu heile,,,,,
1809,daz ſie die uberm#suo+te 1395,daz ſi ir vberm#sue+te,daz ſi di vb#aer+m#suo+te,daz ſi di vber[...]te,,,,,
1810,erſlugen mit der gute,erſl#sve+gen mit ir g#sue+te,e[...]ſlugen mit der gute,derſlugen mit ir gute,,,,,
1811,#avnd+ allez unreht uermiten,v#and+ allez vnreht ver miten,vnd allez vnrehte uermiten,vn#?lde+ alliz vnrech v#aer+m[...] ,,,,,
1812,ze alſo luterlichen ſiten,mit ſo reinem ſiten,als luterliche ſite,als l#sue+terliche ſiten,,,,,
1813,cherte ſie d#siv+ ſuzze,lerte ſei div ſ#sue+zze,lert ſiv div ſuze,larte ſi di ſuzen,,,,,
1814,nu bittet ſie daz ſie unſ m#suo+zze 1400,nu bit daz wir ſey m#sve+zzen,nu bittet daz wir ſi muzzen,nv bitet da[...] wir ſi ſehen muzen,,,,,
1815,wi#lde+r cher#aen+ uon den ſ#suo+n#lde+n,,,,,,,,
1816,#avnd+ an ir minne erzun#lde+N,,,,,,,,
1817,#iN+ie wart ſo wol ſprechen#lde+r man ,,,,,,,,
1818,der ie uon buchen ſin gewan,,,,,,,,
1819,daz ez tohte im einen 1405,,,,,,,,
1820,zeſprechen uon #lde+r reinen,,,,,,,,
1821,uollekliche nah ir werdicheit,,,,,,,,
1822,andie got ſinen fliz leite,,,,,,,,
1823,,alſus an ger#sue+fen,ſo innechlichen an rufen,alſo angerufe,,,,,
1824,,daz ſi in d#aer+ vnſ geſch#sve+ffe,daz ſi in der vns geſch#suo+ffe,daz ſi in der[...] vns geſchufe,,,,,
1825,,an vnſer tail gewinne,in unſer teil gewinne,in vnſer teil gewinne,,,,,
1826,,v#and+ vnſ erz#aun+de mit ſin#aer+ m#ain+ne ,daz er uns enzunde in ſiner minne,daz er in [...] enzvnde ſine m#ain+ne,,,,,
1827,,#iV+n#lde+ het #zich+ ein zunge,[]et ich ein zunge,#iH+ette ich nv eine zvngen,,,,,
1828,,die ſam ein wafen chlunge,diu als daz eiſen clunge,di als daz yſen clu[...]ge,,,,,
1829,,,geſmidet uzerſtale,geſmidet vz ſtahele,,,,,
1830,,,div mir div rede gæbe,di mir di rede gebe,,,,,
1831,,ich moht d#aer+ christenlicher ſchar,iane mohte ich chriſtenlicher ſchar,do[...] enmocht ich criſtenlicher ſchar,,,,,
1832,,#f27r+ niht geſag#aen+ gar,nimmer geſagen gar,keinewis geſa[...] gar,,,,,
1833,,wie ſich div #zmagt+ ziert,wie ſich die maget zierte,wi ſi d#?i+ magt zirte,,,,,
1834,,gen dem himiliſchen wirt,gegen dem himeliſchen wirte,gein dem himeliſſchen[...] wirte,,,,,
1835,alſ er ſie gemæheln wolte,d#aer+ ſei m#^æ+hilen sol#lde+,der ſi gemaheln ſold,d#aer+ ſi gemeheln ſcholde,,,,,
1836,#avnd+ bi ir b#suo+en ſcholte 1410,v#and+ in ir wonen wol#lde+,vnd ſamt ir bowen wold,vnd bi ir wonen #dſ+[…]#dt+ wolde,,,,,
1837,,von sin#aer+ barmunge,durch ſin barmunge,durch ſine barm#aun+ge,,,,,
1838,eineſ ſites ſie do begun#lde+,eines ſiten ſi begunde,eines ſites ſi begunde,eines ſiten ſi beg[...]de,,,,,
1839,den weder wip noh maN #f26v+ chun#lde+,den wed#aer+ weip noh man,den weder wip noch man,den weder wip noch man,,,,,
1840,noh uor ir geburte ie uernam,vor ir geburt nie gewan,uor ir geburt nie vernam,vor ir geburte nie [...]nam,,,,,
1841,ſwænnez alſo cham,,,,,,,,
1842,daz ſie ieman gr#suo+zte 1415,,,,,,,,
1843,,Swer ſei gr#suo+zte ,ſwer daz kint gruzte,w#aer+ daz kint gr#sue+zte,,,,,
1844,#avnd+ ſie daz gelt#aen+ m#suo+ſte,v#and+ ſi daz gelten m#suo+ſte,daz ſi daz gelten muſte,daz ſi daz gelten muſte [...],,,,,
1845,ſo gnadet ſie got zehant,,,,,,,,
1846,#lde+r ir heil ſo hete gewant,,,,,,,,
1847,daz ir d#siv+ werlte zuſprah,,,,,,,,
1848,ſenft#siv+ wort da ſiſ anſah 1420,,,,,,,,
1849,,ſo ſagt ſi dank ſere,ſo ſaget ſi genade,ſo ſagt ſi gnade,,,,,
1850,,irem ſchepfere,dem ir ſchepfære,irme ſchepphere,,,,,
1851,,ſi plikte hinze himele,ſi blicte hinzehimele,ſi blicte hin z[...] himele,,,,,
1852,,daz ir div werlt hie nidene,daz ir diu werlt hie nidene,daz ir di werlt hi nidene,,,,,
1853,,ſemftev wort z#svo+ ſp#ara+ch,ſenfitiv wort zu ſprach,ſenfte wort [...] ſi ſprach,,,,,
1854,,sw#aer+ ir bleide angeſach,ſo ſi ir bilde an ſach,ſo ſi ir bilde anſach,,,,,
1855,ſwa ſie aver #lde+n gruzſal,ſwan ſi den gr#suo+zſal,ſwenne aue ſi daz gruzſal,wem aber ſi iren gruz ſal,,,,,
1856,ſholte bieten uber al,ſol#lde+ bieten vber al,ſolt bieten vbir al,ſcholde biten vberal,,,,,
1857,ſie bat herzeklichen,ſi bat gezogenlichen,do bat ſi gezogenlic[...],ſi bot gezogenl[...] ,,,,,
1858,daz ſie got gnadeklichen,,,#f?/C3+ [...] da#?z+ ſi got gnediclichen,,,,,
1859,ander rede meinte 1425,,,,,,,,
1860,,daz ſi got d#aer+ reiche,,,,,,,
1861,,an ir re#lde+ v#aer+neme ,,ander rede v#aer+neme,,,,,
1862,#avnd+ g#suo+ten abent beſcheinte,v#and+ g#suo+ten abent gebe,,v#and+ [...]en abv#?n+t gebe,,,,,
1863,oder ſæligen morgen,oder ſæligen morgen,,oder ſeligen morgen,,,,,
1864,den livten die mit ſorgen,den levten die mit ſorgen,,den luten [...]mit ſorgen ,,,,,
1865,in #lde+r werlte b#suo+went,diſe w#aer+lt bowent,,in der werlde buwent,,,,,
1866,v#and+ im iedoh getr#suo+went 1430,v#and+ ſin#aer+ gena#lde+ getrowent,,vnd im doch ge[...]went,,,,,
1867,danne chom unſ d#siv+ gewonheit,dan chom vnſ div gewonheit,,dannen kom vns di gewonheit,,,,,
1868,daz wir bed#siv+ liep vnd leit,daz wir lieb v#and+ leit,,daz [...]r lip#?zb+ vnd leit,,,,,
1869,uf ſin gna#lde+ ſhuln ergeben,#sov+f ſin genade ſulen geben,,vffe ſine gnade ſchullen ergeb#aen+ [...],,,,,
1870,uon dem wir han daz lebeN,d#aer+ vnſ v#aer+lihen hat daz leben,,vns v#aer+lihen hat daz leben ,,,,,
1871,gelernet wir han dabi 1435,gelert hab wir da bey ,,gelernet hab#aen+ wir […]bî,,,,,
1872,ſwer ſo uns gruzen#lde+ ſi,ſw#aer+ vnſ gr#sve+zzinde ſey,,wer vns gruzende ſi,,,,,
1873,daz wir im alſo ſchone,daz wir im ſchone,,daz wir im alſo ſcho[…] ,,,,,
1874,wnſken daz gotes lone,,,,,,,,
1875,,got biten ze lone,,got biten lone,,,,,
1876,vnt dem irdiſkem ſchine,,,vnd irdiſſchem sch#de+ine,,,,,
1877,der eren uercihen 1440,,,der [...]n v#aer+zihe,,,,,
1878,ſi diente got ane wanch,,,,,,,,
1879,,,,#zſi+ was mit gut#aen+ willen,,,,,
1880,,ſi waz ſemft v#and+ ſtille,,ſenfte v#and+ ſtille [...],,,,,
1881,,ſelik v#and+ milde,,,,,,,
1882,#avnd+ hete ein#aen+ gedanch,,,gedank ſi het,,,,,
1883,ob ſie ze vil redet,,,ab ſi zuvil geret,,,,,
1884,daz ez lihte ir ſcæ#lde+t,,,,,,,,
1885,#avnd+ daz ſie uor urſpriche+ 1445,,,daz ſi von [...]ſprich,,,,,
1886,an ir m#suo+te verwan#lde+lt ſiche,,,v#aer+wandelt ſich,,,,,
1887,izen wære uil nutze,,,ez wer den vil nuzce,,,,,
1888,,ſi waz vil gar nutze,,,,,,,
1889,ſie liez ir anlutze,ſi liez ir antlutze,,ſi […] vr antlizce,,,,,
1890,vil ſelten erlachen,vil ſelten erlac#ahen+,,vil ſelten erlachen,,,,,
1891,man iah ir an allen ſacheN 1450,,,vr enmochte […] allen ſachen,,,,,
1892,ie der tugen#lde+ beſten,,,,,,,,
1893,die begun#lde+n #sov+h eſten,,,,,,,,
1894,#avnd+ vil witen umbe vahen,,,,,,,,
1895,di ſiechen die ſie erſahen,,,,,,,,
1896,#avnd+ ſie angerurten 1455,,,,,,,,
1897,,wan in rehten ſachen,,,,,,,
1898,,#rD+iv reine v#and+ div bêſte,,,,,,,
1899,,,,n#?i+mant gebeſte,,,,,
1900,,begun#lde+ ir tugen#lde+ êſte,,ir iugent be[...]nde ir eſte,,,,,
1901,,weite ze #f27v+ breiten,,vil witen gebreite,,,,,
1902,,die mit arbeiten,,d#?i+ mit armike[...]e,,,,,
1903,,waren bevangen,,waren beuangen,,,,,
1904,,v#and+ ſiech geweſen lang#aen+,,vnd ſich geweſen lange [...],,,,,
1905,,ſo ſi ſey ger#sue+ert,,ſi ſi gerurten,,,,,
1906,die chraft ſie danne fvrteN,,,di kraft ſi dannen furten,,,,,
1907,,d#zi+v kraft ſey vmbegurt,,,,,,,
1908,#f27r+ daz ſie niht mere ſwar,,,daz [...] niht enſwar ,,,,,
1909,dar umbe cherten si dar,,,daru#?m+me kerten ſi dar,,,,,
1910,wand ſie da #?d+ gnade funden,,,,,,,,
1911,nu ruche ſie #?unſer+ wn#lde+n 1460,,,,,,,,
1912,bedeken mit ir g#suo+te,,,,,,,,
1913,daz wir uzer gotes h#suo+te,,,,,,,,
1914,iemer komen ſo uerre,,,,,,,,
1915,daz unſ des tiefils gwalt iht werre,,,,,,,,
1916,,#rN+u bite wir die heren,,nv biten [...]r di heren,,,,,
1917,,,,in ſo grozen eren,,,,,
1918,,ſwa wir an d#aer+ ſelen,,w#d?a+ wir an d#aer+ ſele [… ]v#aer+wunt,,,,,
1919,,ze tief ſein v#aer+wundet,,,,,,,
1920,,daz ir ſey daz gekvndet,,daz ir daz ſi gekvnt,,,,,
1921,,daz ſi den geiſt zier,,daz ſi den [...] iſt zire,,,,,
1922,,v#and+ vnſ erledige ſchier,,vnd vns derledige ſch#?i+re,,,,,
1923,,von all#aer+ vnchreffte,,von aller [...]#?nkr+efte,,,,,
1924,,v#and+ daz ſi bei dem hefte,,vnd daz ſi bi dem hefte,,,,,
1925,,den vanen ſelbe chere,,den van ſelber [...]ere,,,,,
1926,,daz wir niht ſchiech werden,,daz wir ſich w#aer+den nimm#aer+ mere,,,,,
1927,#iD+o ſie wahſen begun#lde+ 1465,#iD+o ſi wachſen begunde,,#f16r/C2+ #iD+#ro+ ſi begonde wachſen,,,,,
1928,do wart ſie in kurcer ſtunde,do wart ſi and#aer+ ſtun#lde+,,,,,,,
1929,an dem hare #avnd+ an #lde+r lich,,,,,,,,
1930,uber ell#siv+ wip ſo wætlich,,,,,,,,
1931,,,,do wart ſi and#aem+ vahſe,,,,,
1932,,ſo ſchone an dem leibe,,ſchone vnd andem libe,,,,,
1933,,verre vor andren weiben,,vor irdiſſchem wibe,,,,,
1934,daz ein herre hiez abiathar,#rE+in h#aer+re hiez abiathar,,ein h#aer+re hiz abiathar,,,,,
1935,der wante ſinen m#suo+t dar 1470,der cherte ſinen m#suo+t dar,,der karte ſinen mut dar,,,,,
1936,wie er die maget #f27v+ gwnne,daz er die magt gewunne,,daz er di magt gew#aun+ne,,,,,
1937,ſinem lieben ſvn zewnne,ſinem lieben ſune,,ſime libe zu w#aun+ne,,,,,
1938,der vil kindiſke man,d#aer+ was ein kindiſch#aer+ man,,d#aer+ kindiſſche man,,,,,
1939,der was #sov+h ir gnozſam,v#and+ d#aer+ frowen genozſam,,d#aer+ was ouch ir gehorſam,,,,,
1940,der herliche #lde+gen 1475,ein vil riterlich#aer+ degen ,,d#aer+ vil ritterliche degen,,,,,
1941,gerte ſie mit bete erwegen,,,,,,,,
1942,daz ſie in ruchte minnen,,,,,,,,
1943,,der wol#lde+ ſei ælichen næmen,,wolte ſi elichen nemen,,,,,
1944,,an alle falſche minne,,ane valſche m#ain+ne,,,,,
1945,durh erben gedingen,durch erben gedinge,,durch erben gedinge,,,,,
1946,der e hete er hinz ir gedaht,,,,,,,,
1947,doh wart d#siv+ re#lde+ niht uolbraht 1480,,,,,,,,
1948,wand div fr#sov+e des niht uerdolte,#rD+iv frowe daz niht endolde,,di vrouwe daz nicht v#aer+dolte,,,,,
1949,ſie ſprah daz ſie nien wolte,ſi ſp#ara+ch daz ſi niht wolde,,ſi ſprach daz ſi nicht enwolte,,,,,
1950,iemer man geruren,imm#aer+ man ger#sue+ren,,vnd nimm#aer+ man gewinnen,,,,,
1951,daz werltliche ungefure,wertlich vngef#sue+re,,w#aer+ltlich#aen+ gefrur#aen+ ,,,,,
1952,duhte ſie ſo chumberriche 1485,devhte ſey ſo michel,,ez duchte ſi ſo michel,,,,,
1953,daz ſie gerne friliche,,,,,,,,
1954,,ſi wol#lde+ weſen ſicher,,ſi wolte weſen ſicher,,,,,
1955,lebet ane manneſ gebende,vor mannes gebende,,vor mannis gebende,,,,,
1956,untze an des libeſ ende,#f28r+ imm#aer+ vnz an ir ende,,vnz #zbiz+ andes lides ende,,,,,
1957,got einen hæte ſie erwelt,,,,,,,,
1958,#lde+m ſi lip mit ſele ſelt 1490,,,,,,,,
1959,daz ſie w#^æ+re ſin div #avnd+ ſin brût,,,,,,,,
1960,er bed#siv+ ir herre #avnd+ ir trût,,,,,,,,
1961,d#siv+ antwrte waſ ungemah,,,,,,,,
1962,#lde+m bittel vn#lde+ geſprah,,,,,,,,
1963,alle ſin genozze 1495,#rE+r bot ſchatz grozen,,do bot er mite groze,,,,,
1964,er bot in mîete groze,ſinen genozzen,,ſinen gnozen,,,,,
1965,die des tempels pflagen,die des tempels pfagen,,di des tempels phlag#aen+ ,,,,,
1966,daz ſie niht ſcholte betragen,,,,,,,,
1967,ſie næmen die maget gute,,,,,,,,
1968,uon dem ſwærem m#suo+te 1500,,,,,,,,
1969,den ſie ir habte furgeſat,,,,,,,,
1970,dar umbe gehîez er #avnd+ bat,,,,,,,,
1971,,daz ſi ir ane legen,,,,,,,
1972,,,,daz ſi di magt geben,,,,,
1973,,,,zukoufen ſime kinde,,,,,
1974,,,,des bat er daz geſinde,,,,,
1975,er bot in golt daz rote,,,er bot in golt daz r#soe+te,,,,,
1976,unt dingete vil gnote,er bot in vil genote,,vnd gedingte vilgen#soe+te,,,,,
1977,mit #lde+m ſilber wizze 1505,,,daz ſilber vil wize,,,,,
1978,daz ſie im hulfen mit flizze,,,daz ſi im hulfen mit vlize,,,,,
1979,umbe daz kint #lde+s er gert,,,,,,,,
1980,daz ir ſin ſun wr#lde+ gewert,,,,,,,,
1981,nah rehte ze elichen dingen,,,,,,,,
1982,d#siv+ miete began in gelingen 1510,,,,,,,,
1983,,silber golt rote,,,,,,,
1984,,v#and+ ædel geſteine,,ſin edel geſteine,,,,,
1985,,daz waz im allez vaile,,daz was in alliz veile,,,,,
1986,,,,er bot di breit#aen+ borten,,,,,
1987,,,,vnd vlehte mit den worten,,,,,
1988,,daz daz kint luſtſam,,daz dazkint luſtſam,,,,,
1989,,ſinem ſun wur#lde+ vndertan,,ſime ſvne wurde vnd#aer+tan,,,,,
1990,,da mit erwægt er ſi alle,,di mite er wegete,,,,,
1991,,ez begunde in wol gevallen,,ez beg#aon+de in allen wol gevalle,,,,,
1992,do rieten ſie algliche,ſi rieten alle gelich,,ſi retten algliche,,,,,
1993,#avnd+ ſchunten g#aro+zliche,v#and+ ſchunt#aen+ grozchlich,,v#and+ kvnten grozliche,,,,,
1994,daz d#siv+ fr#sov+e t#^æ+te,daz ſi g#aer+ne t#^æ+te,,daz ſi vilgerne tete,,,,,
1995,ſwes ſie der h#aer+re bæte,ſwez ſey der h#aer+re bête,,des ſi der edele herre bete,,,,,
1996,#f28r+ #iD+o ſprah ſænte #?MaRje+ 1515,#rD+o ſp#ara+ch ſant mareie,,#iD+#ro+ ſprach ſant marie,,,,,
1997,got hete erzundet ſie,got het enzundet ſey,,got #f16v/C2+ hette enzvndet ſi,,,,,
1998,mit reinegerntem m#svo+te,,,mit bezerem mute,,,,,
1999,in engeliſker h#suo+te,,,in engeliſſch#aer+ hute,,,,,
2000,weſ m#^v+et ir ivh herren min,,,,,,,,
2001,lat ditze umbeſcheiden ſpil ſin 1520,,,,,,,,
2002,wand ich niemer man gwinne,,,,,,,,
2003,,vil reine v#and+ vil ſtête,,,,,,,
2004,,in geiſtlich#aer+ w#^æ+te,,,,,,,
2005,,ſi ſp#ara+ch in grozz#aer+ g#sue+te,,,,,,,
2006,,weſet vn gem#sve+t,,,,,,,
2007,,,,ſi ſprach mit guten zuchten,,,,,
2008,,,,nv weſet nicht vngemute,,,,,
2009,,lat varen ditze ſpil,,lazet uar diſe ſpil,,,,,
2010,,wan ich nimm#aer+ wil,,w#an+ne ich nimmer enwil,,,,,
2011,,den heinen man gewinn#aen+,,dekeinen man gewinnen,,,,,
2012,ze werltliker minne,ze w#aer+tlichen minnen,,zu wa#er+tlich#aen+ dingen,,,,,
2013,ir ne ſchult mih niht reizzen,ir ſult mich niht reitzen,,ir enſchult mich nicht reizen,,,,,
2014,ia han ich got entheizzen,ich han got geheizz#aen+,,ia hab ich got entheizen,,,,,
2015,min ſele unbewollen 1525,min ſele vnbewollen,,mine ſele vnbewollen,,,,,
2016,mag ich daz eruollen,mak ich daz ervollen,,mac ich daz erwllen,,,,,
2017,daz iſt der beſte rat,daz iſt d#aer+ aller beſte rât,,daz iſt der beſte rat,,,,,
2018,da min gedinge anſtat,da min gedinge an ſtât,,da min gedinge ane ſtat,,,,,
2019,Do was ein biſgof vnder in,#rD+o waz ein pyſchof vnd#aer+ in,,do was ein biſſchof vnt#aer+ in,,,,,
2020,der was ſin flizich durh den gewin 1530,d#aer+ was ſein fleizzek durch gewin,,der was ſin vlizik vmme gewin,,,,,
2021,er #f28v+ ſprah fr#sov+e la die rede ſtan,,,,,,,,
2022,ich ſage dir wie ez iſt getan,,,,,,,,
2023,umbe die rehten warheit,,,,,,,,
2024,alſ unſ d#siv+ buch hant geſeit,,,,,,,,
2025,d#siv+ e iſt got liep #avnd+ genæme 1535,,,,,,,,
2026,wan er ſelbe adame,,,,,,,,
2027,,d#aer+ ſp#ara+ch ich wil dir ſagen,,,,,,,
2028,,d#aer+ warhait niht v#aer+dagen,,,,,,,
2029,,,,durch di gabe mere,,,,,
2030,,,,tuwa#er+ vnd ſwere,,,,,
2031,,,,di was im geheizen,,,,,
2032,,,,er ſprach du ſchalt mich lazen,,,,,
2033,,,,dir diwarheit ſagen,,,,,
2034,,,,di enwil ich nicht v#aer+dagen,,,,,
2035,,got ſelb#aer+ gab Adâmen,,got ſelber gap adamen,,,,,
2036,,#f28v+ als wir an d#aer+ ſchrift v#aer+namen,,ſo wir an der ſchrift v#aer+namen,,,,,
2037,fr#sov+wen euam gap ze wibe,evam zeweibe,,evam zu wibe,,,,,
2038,wæren wir uon ir libe,v#and+ weren von ir leibe,,warn von ir libe,,,,,
2039,alle niht erſprungen,die levte niht enspr#aun+gen,,enſprungen,,,,,
2040,bediv alte #avnd+ iungen 1540,die alt#aen+ v#and+ die iung#aen+,,alt vnd i#aun+gen,,,,,
2041,ſo wære d#siv+ werlte ode,ſo were div w#aer+lt #soe+de,,ſo were di werlt ode,,,,,
2042,chranch ringe #avnd+ brode,chlein v#and+ bl#soe+de,,geringe vnd blode,,,,,
2043,ſone rufte nîemen an got,ſo rieffe ane got,,ſo enrife nimant an got,,,,,
2044,fr#sov+e lauarn dinen ſpot,vrowe la din#aen+ ſpot,,vrouwe laz ab ez iſt din ſpot,,,,,
2045,nim den man ze e 1545,nim d#aen+ man ze din#aer+ ê,,nim d#aen+ man zudiner e,,,,,
2046,deiz dir ze ſælden erge,daz eſ dir ze heile er gê,,daz ez dir zu ſelden erge,,,,,
2047,uolge unſ ane wi#lde+rſtrit,,,,,,,,
2048,wan dir #zgot+ ſinen ſegen git,,,,,,,,
2049,#avnd+ fr#sov+de mit lieben kin#lde+n,,,,,,,,
2050,an den ſoltu heil vin#lde+n 1550,,,,,,,,
2051,daz du mit den reinen,,,,,,,,
2052,ſin ere m#suo+zeſt mêinen,,,,,,,,
2053,daz iſt #lde+r beſte rat,,,,,,,,
2054,der uon manneſ ſinne gat,,,,,,,,
2055,,volge den levten,,volge den luten,,,,,
2056,,gebir goteſ trouten,,gebe der gotis tr#suo+ten,,,,,
2057,,kint alſo reine ,,di kint alſo reine ,,,,,
2058,,die goteſ dienſt mainen,,di gotis ere meinen,,,,,
2059,,als vnſ ze himel iſt gach,,als zu himele iſt gach,,,,,
2060,,alſo ſulen hernach,,also ſchullen ouch hernach,,,,,
2061,,vnſer nachkomen t#suo+n,,vnſernachkvm#aen+ tvn,,,,,
2062,,daz iſt der bêſte weiſt#suo+m,,daz iſt d#aer+ beſte wiſtum,,,,,
2063,#avnd+ des wir megen erdenchen 1555,des du dir kanſt erdênken,,den wir imm#aer+ mugen erdenken,,,,,
2064,nv ſolt dv unſ an#lde+r bete niht wencheN,,,du enſalt vns an der bete nicht wenken,,,,,
2065,,vnſerem râte ſolt dv dich lênchen,,,,,,,
2066,#iD+eſ antwrte im ave do,#iD+o antwurt in auer,,,,,,,
2067,roſa iniericho,roſa in Iericho,,,,,,,
2068,d#siv+ maget alſo lieht,div magt alſo liehte ,,,,,,,
2069,ichen volge iweſ nieht 1560,ich volg ev mit nihte,,,,,,,
2070,ir ſaget mir uon adame,ir ſagt mir von adâme,,,,,,,
2071,daz er euam næme,daz er evam næme,,,,,,,
2072,#?ddaz+ uon der gotes hende,,,,,,,,
2073,daz t#?ê+t er ane wende,,,,,,,,
2074,doh gnôz mere abel #lde+r g#suo+t 1565,doch genoz des abel,,,,,,,
2075,daz er beleip an kivſkem m#suo+t,,,,,,,,
2076,,ſin#aer+ keuſche hel,,,,,,,
2077,do er daz opher furtruch,do er daz opfer fure tr#suo+k,,,,,,,
2078,v#and+ in ſin bru#lde+r ſluch,v#and+ in ſin pr#svo+der erſl#suo+k,,,,,,,
2079,#lde+nne ob er gemeiliget ware,dann#ze+ er bewollen w#^æ+re,,,,,,,
2080,uor ſinem ſchepfære 1570,vor ſinem ſchepfere,,,,,,,
2081,got ilte im geb#aen+ #f29r+ zelone,got eylte im ze geben ſchone,,,,,,,
2082,z#^w+o guldine chrône,zwo guldeine krone,,,,,,,
2083,uon der martir êine,von der marter eine,,,,,,,
2084,die ander daz er rêine,die and#aer+ daz er reine,,,,,,,
2085,unt unbewollen waſ 1575,v#and+ vnbewollen was,,,,,,,
2086,daz iſt da er mit gnaſ,da von ſin ſele genas,,,,,,,
2087,Helyas der gotes man,#rH+elyas der weiſage,,,,,,,
2088,alſ ihz vernomen han,alſ ich v#aer+nomen habe,,,,,,,
2089,der wart ze himel gefvret,,,,,,,,
2090,,der lebt cheuſche hie nidene,,,,,,,
2091,,deſ wart #f29r+ er zehimele,,,,,,,
2092,,von den englen gefueret,,,,,,,
2093,durh daz er unberuret 1580,durch daz er vnber#sue+ret,,,,,,,
2094,waſ uon allem mæile,was von allen weiben,,,,,,,
2095,im wart getan zetæile,,,,,,,,
2096,d#siv+ gnade d#siv+ iemer ſtat,,,,,,,,
2097,damit unſ got erzaiget hat,,,,,,,,
2098,,got liez an im schein#aen+,,,,,,,
2099,daz er die kivſkeit 1585,daz er die chevſcheit,,,,,,,
2100,mit der liehten gotheit,mit ſin#aer+ gotheit,,,,,,,
2101,gerne wil un#lde+rſtozen,wil vnderſtozzen ,,,,,,,
2102,nu hat er fr#sov+de gro#zz+ze,nv hat er frevde grozze,,,,,,,
2103,#avnd+ eren vil erworben,,,,,,,,
2104,swîe #lde+r lip iſt noh unerſtorben  1590,,,,,,,,
2105,#lde+s ruchet #siv+wer bete lan,,,,,,,,
2106,wand min mvt iſt ſogetan,,,,,,,,
2107,daz ih ſtæte beliben ſchol,,,,,,,,
2108,got #lde+r weiz min herze wol,,,,,,,,
2109,min ahte #avnd+ minen willen 1595,,,,,,,,
2110,,beſezzen v#and+ michel #^æ+re,,,,,,,
2111,,an leibe v#and+ an ſele,,,,,,,
2112,,#rI+ch ſage ev minen willen,,,,,,,
2113,#?daz+ ir êmæhte billen,ir mohte #^æ+ gepillen,,,,,,,
2114,wazzer uz dem ſteine,daz wazz#aer+ ovz dem ſteine,,,,,,,
2115,edaz ih #lde+hein brode meine,,,,,,,,
2116,,#^æ+ ich mich ſein v#aer+eine,,,,,,,
2117,#iZ+ehante ſie ſih viengen,#rB+ey handen ſi ſich viengen,,,,,,,
2118,uon der rede ſie giengen 1600,von d#aer+ re#lde+ ſi giengen,,,,,,,
2119,andem kindiſken wibe,an dem kindiſchen weibe,,,,,,,
2120,#?b+eten ſie daz ze nide,heten ſi ze neide,,,,,,,
2121,daz ſie waſ alſo ueſte,daz ſi was ſo veſte,,,,,,,
2122,darumbe zurnten al die geſte,,,,,,,,
2123,ſie furen alſ ſie tobeten 1605,,,,,,,,
2124,ein teidinch ſie gelobeten,,,,,,,,
2125,ſie gebutten ein geſen#lde+,,,,,,,,
2126,daz ſie chomen an ein en#lde+,,,,,,,,
2127,,die ſchoniſte v#and+ div beſte,,,,,,,
2128,,#rS+i gebuten ein c#aon+cilium,,,,,,,
2129,,was ſi darume mohten t#suo+n,,,,,,,
2130,ob maria div mære,daz maria div m#^æ+re,,,,,,,
2131,ſo ungeuolgich w#^æ+re 1610,als vngevolgik wære,,,,,,,
2132,Der geſprochen tach,do d#aer+ gesp#aro+chen tak,,,,,,,
2133,an einer hohzite gelach,an ir hochzeit gelak,,,,,,,
2134,do #f29v+ chom michel menige dar,ein michel volk chom dar,,,,,,,
2135,der biſgof hiez abiathar,ir #rp+yschof hiez abiathar,,,,,,,
2136,der gruzte ſie an der borte 1615,d#aer+ gr#suo+zte ſei an der porten,,,,,,,
2137,mit dem got#?aes+ worte,mit den gotes wort#aen+,,,,,,,
2138,er ſtunt uf eine grede,er ſt#suo+nt ovf eine #rG+rêde,,,,,,,
2139,#avnd+ hub uf ſin hen#lde+ bede,die hende rekte er bêde,,,,,,,
2140,gegen dem himeliſken ſal,gen dem himiliſchen ſal,,,,,,,
2141,eine ſtille gebot er uber al 1620,ein ſtille gebot er vber al,,,,,,,
2142,er ſprah nu horet alle,er ſp#ara+ch nv horet alle,,,,,,,
2143,wîe iv daz geualle,wie ev daz gevalle,,,,,,,
2144,daz maria d#siv+ ſchone tut,maria div ſchone,,,,,,,
2145,niemen iſt ſo edel noh ſo gut,,,,,,,,
2146,ſo riche noh ſo tîvre 1625,,,,,,,,
2147,daz er ir gezem hîvre,,,,,,,,
2148,,div wil den furſten honen,,,,,,,
2149,ſwer ir zewibe gert,ſw#aer+ ir zeweibe gêrt ,,,,,,,
2150,der ſchei#lde+t dannen ungewert,,,,,,,,
2151,,#f29v+ daz iſt ir vnw#aer+t,,,,,,,
2152,ſine trvet niht geneſeN,ſi chan niht ge neſen,,,,,,,
2153,#f30r+ ſine m#suo+zze maget weſen 1630,ſi m#sve+zze meit weſen,,,,,,,
2154,wir haben fr#sov+en vil gezogen,wir haben hie vrowen vil gezogen,,,,,,,
2155,kunige tohter #avnd+ herzogen,kvniginne toht#aer+ v#and+ h#aer+zogen,,,,,,,
2156,der herlichen ſlahte,,,,,,,,
2157,daz unſ nie dehen#siv+ inder ahte,,,,,,,,
2158,alſo vil ie gemûte 1635,,,,,,,,
2159,und iedoh vil grozer gûte,,,,,,,,
2160,ze re#lde+ waren worden,,,,,,,,
2161,uon allen ir uordern,,,,,,,,
2162,dieſt ein michel herte,,,,,,,,
2163,des guten aaronis gerte 1640,,,,,,,,
2164,#lde+r man ih alle diſe diet,,,,,,,,
2165,,daz nie denheine wart ſo herte ,,,,,,,
2166,,noch ſich alſo gewerte,,,,,,,
2167,,ich man evch weiſe diet,,,,,,,
2168,wie er den grozen ſtrit ſchiet,wie got ein#aen+ ſtreit ſchiet,,,,,,,
2169,do die gotes ewarte,do die ewartt#aen+,,,,,,,
2170,under in zewrfen harte,vnd#aer+ in zeworfen haten,,,,,,,
2171,d#siv+ gerte wart wider grûen 1645,,,,,,,,
2172,begun#lde+ l#sov+ben #avnd+ bl#^v+en,,,,,,,,
2173,in der heiligen arche,,,,,,,,
2174,,aaroniſ gertte gab pl#suo+m#aen+,,,,,,,
2175,,lauben v#and+ gr#suo+nen,,,,,,,
2176,,begunde ſi in der arke ,,,,,,,
2177,got #lde+r mak noh ſam ſtarche,got mak noch ſtarke,,,,,,,
2178,ſin#siv+ t#sov+gen erzæigen,ſin wund#aer+ erzaigen,,,,,,,
2179,d#siv+ werlt iſt ſin æîgen 1650,wir ſein auch ſein aygen,,,,,,,
2180,der menniſke ſin hangetât,,,,,,,,
2181,an im reht #avnd+ gnade ſtat,,,,,,,,
2182,daz bedenchet alle wol,daz bedenchet wol,,,,,,,
2183,ih ſage #siv+ wie nu tvn ſchol,ich ſag ev waz hie t#suo+n ſol,,,,,,,
2184,diſiv menige algemeine 1655,alle diſe menige,,,,,,,
2185,daz got die warheit beſcheine,,,,,,,,
2186,#avnd+ ſinen willen dabi,,,,,,,,
2187,die von elichem bande vri,,,,,,,,
2188,ſin kom#aen+ an den tac hivte,,,,,,,,
2189,der ieglicher uor dem livte 1660,,,,,,,,
2190,bringe morgen ſin gerte,,,,,,,,
2191,,got mit ſinem ſegene,,,,,,,
2192,,d#aer+ ſterke evch da z#sve+,,,,,,,
2193,,daz er daz ſelbe zeichen t#suo+,,,,,,,
2194,,allen diſen weiben,,,,,,,
2195,,die chom#aen+ ſein ze ir zeit#aen+,,,,,,,
2196,,arme v#and+ reicher,,,,,,,
2197,,d#aer+ bringe morgen igelicher,,,,,,,
2198,,eine gerte,,,,,,,
2199,der got der ſie gwerte,d#aer+ got der ſey gewertte,,,,,,,
2200,bi aaronis ziten,bei aaroneſ zeiten,,,,,,,
2201,nu wir ſiner gna#lde+n biteN,,,,,,,,
2202,der lazze unſ werden ſchin 1665,,,,,,,,
2203,wes #?maRja+ brvt ſchul ſin,,,,,,,,
2204,#avnd+ erzæige mit gewalte,,,,,,,,
2205,wer ir von ſiner gebe walte,,,,,,,,
2206,,der zaige vnſ ovf d#aer+ erden,,,,,,,
2207,,wen maria ſule werden,,,,,,,
2208,#iM+ichel wart do #lde+r ſchal,vil michel wart ir ſchal,,,,,,,
2209,der rat gevîel in vber #f30v+ al 1670,der rat geviel in vberal,,,,,,,
2210,do iahen ſie gemæinliche,ez iahen weip v#and+ man,,,,,,,
2211,d#siv+ rede w#^æ+re lobliche,div red were lobeſam,,,,,,,
2212,ſie behielten gerne ſin gebot,ſi behielten ſin gebot,,,,,,,
2213,#avnd+ dingoten hinze got,ſi dingten an got,,,,,,,
2214,die da waren un#?gehit+             1675,,,,,,,,
2215,daz er ſchie#lde+ ſelbe #lde+n ſtrit,,,,,,,,
2216,,#f30r+ die ane weip waren,,,,,,,
2217,,ir venie ſi do pflagen,,,,,,,
2218,d#siv+ naht duhte ſie zelanch,div naht douhte ſei vil lank,,,,,,,
2219,#avnd+ heten mangen gedanch,ſi heten manigen gedank,,,,,,,
2220,vmbe die maget wolgetaN,,,,,,,,
2221,wer ſie zewibe ſolte han    1680,,,,,,,,
2222,wand ſie al #lde+r werlte behagete,,,,,,,,
2223,,als ge gert habten,,,,,,,
2224,do ez des morgenſ tagete,des morges do ez tagte,,,,,,,
2225,der biſgof nam dehein friſte,,,,,,,,
2226,er chom ze uorderiſte,,,,,,,,
2227,die richen #avnd+ die iungen 1685,die alten v#and+ die #rj+ungen,,,,,,,
2228,uaste zu im drungen,,,,,,,,
2229,wol gebadet wol gechleit,,,,,,,,
2230,alſ daz ware liecht ſeit,,,,,,,,
2231,grozlich was ir geuerte,,,,,,,,
2232,,hey wie ſi z#svo+ drungen,,,,,,,
2233,,mit pfellein#aer+ wat,,,,,,,
2234,,d#aer+ beſten die div w#aer+lt hat,,,,,,,
2235,,waren ſi gewirdet,,,,,,,
2236,,v#and+ reilich geziert,,,,,,,
2237,,igelicher mit ſinem geverten,,,,,,,
2238,ſie brahten ſchone gerte 1690,ſi brahten alle gerten,,,,,,,
2239,lange vnde ſlehte,lange v#and+ ſlehte,,,,,,,
2240,do marhte vil rehte,do merkte vil rehte,,,,,,,
2241,aller mannekliche die ſine,menlich die ſeinen,,,,,,,
2242,#avnd+ wante der mage#lde+ gewert ſin,,,,,,,,
2243,,an d#aer+ ſelben weilen,,,,,,,
2244,ir ieglicher het#?aes+ wan 1695,ir igelicher het wan,,,,,,,
2245,doh ſolt ez anders ergan,,,,,,,,
2246,,daz div magt luſtſam,,,,,,,
2247,,daz kint alſo ſchone,,,,,,,
2248,,in ſeine gewalt chome,,,,,,,
2249,die armen umbeſæzen,#rD+ie armen vmbeſazen,,,,,,,
2250,die getorſten niht uerlazzen,die torſten niht gelazzen,,,,,,,
2251,die ledig#siv+ livte waren,die ledige levte waren,,,,,,,
2252,ſine m#suo+ſen gebaren 1700,,,,,,,,
2253,alſman in von hove gebot,,,,,,,,
2254,do kom durh die ſelben not,,,,,,,,
2255,uf #lde+n tach ein griſe man,,,,,,,,
2256,,ſi m#suo+ſten dar gahen,,,,,,,
2257,,#rD+o chom ein greiſer man,,,,,,,
2258,ſo harte forhte er den ban,harte vorht er den pan,,,,,,,
2259,ioſeph waſ er genant 1705,d#aer+ was Iosep genant,,,,,,,
2260,der iſt uns #sov+h wol erchant,d#aer+ iſt wol bechant,,,,,,,
2261,ſo wir anden b#suo+chen,,,,,,,,
2262,ſinen nam#aen+ wellen ſucheN,,,,,,,,
2263,der was ein witew#?^æ+re,d#aer+ was ein witebere,,,,,,,
2264,alter gut #avnd+ gewære 1710,,,,,,,,
2265,,alt v#and+ ſwære,,,,,,,
2266,brode ſines libeſ,bl#soe+de ſineſ leibes,,,,,,,
2267,der engerte niht wibes,d#aer+ gerte niht weibes,,,,,,,
2268,#f31r+ er braht ein chleinez gertelin,der brahte ein chleines gertlin,,,,,,,
2269,durh die gehorſam ſin,durich die gehorſam ſein,,,,,,,
2270,daz riſ alſo churze 1715,daz reis alſo kurze,,,,,,,
2271,daz het er ab #lde+r wrze,daz het er ab d#aer+ wurze,,,,,,,
2272,gecerret harte unwæhe,gezerret gare vn w#^æ+hen,,,,,,,
2273,daz d#siv+ werlt dabj ſæhe,daz ſi da bey ſehen,,,,,,,
2274,ſin gem#suo+te nien ſtan,,,,,,,,
2275,nah fr#sov+#lde+n noh vf liebes wan 1720,,,,,,,,
2276,die gerte gaben ſie zehofe,,,,,,,,
2277,die enphiench der biſgof,,,,,,,,
2278,,daz er #f30v+ daz er niht het willen,,,,,,,
2279,,z#svo+ w#aer+ltlichen dingen,,,,,,,
2280,,alle die da waren,,,,,,,
2281,,die daz gebot v#aer+namen,,,,,,,
2282,,die gaben zehofe,,,,,,,
2283,,die gerten dem #rP+yschoffe,,,,,,,
2284,,die enpfienk d#aer+ æwart,,,,,,,
2285,,d#aer+ piſchof ſich do gart,,,,,,,
2286,#avnd+ garte ſih indie heren wât#?+,in die engliſchen wât,,,,,,,
2287,ze himele ſuhter den rat,zehimel er do ſ#suo+chte rat,,,,,,,
2288,do giench er alſo ſchone 1725,do gienk er alſo ſchone,,,,,,,
2289,zu dem tiſche frone,z#svo+ dem tyſche frone,,,,,,,
2290,daz er da erfun#lde+,daz er da erfun#lde+,,,,,,,
2291,ſo er uerriſte chunde,ſo er verriſt kunde,,,,,,,
2292,ob dem altære,ob dem altare,,,,,,,
2293,waz gotes #f31v+ wille wære 1730,,,,,,,,
2294,,wie ſi ſolten gebaren,,,,,,,
2295,#iN+u uernemet alle beſunder,#iN+U vernemt alle beſund#aer+,,,,,,,
2296,d#siv+ manchvaltjgen wnder,die manik valten w#sun+der,,,,,,,
2297,d#siv+ got der diete zeiget,die got dem volke erzeigte,,,,,,,
2298,d#siv+ ir gemvte næiget,daz ſein gem#sve+te neigte,,,,,,,
2299,under ſine mæiſterſchaft 1735,#sov+f ſein maiſterheit,,,,,,,
2300,do #lde+r biſgof vor der lantſchaft,,,,,,,,
2301,ze himele hub ſine hende,,,,,,,,
2302,do nam ez gut ende,,,,,,,,
2303,,do d#aer+ pyſchof ſin hende preit,,,,,,,
2304,mit zæheren was er begozzeN,mit zehern wart er begozzen,,,,,,,
2305,ſin herze wol beſlozzen 1740,ſin herze was beſlozzen,,,,,,,
2306,inder waren minne,inder war#aen+ minne,,,,,,,
2307,do chom d#siv+ gotis ſtimme,do chom div gotes ſtimme,,,,,,,
2308,ſie ſprah ih wil dih gewern,,,,,,,,
2309,#avnd+ #sov+h diſe menige niht entwern,,,,,,,,
2310,,ſi ſp#ara+ch in miner ordenunge,,,,,,,
2311,,wil ich diſe ſamenunge,,,,,,,
2312,,min#aer+ genaden niht v#aer+helen,,,,,,,
2313,,ich wil die menie geweren,,,,,,,
2314,deſ ſie mih gebeten hat· 1745,dez ſi mich gebeten hat,,,,,,,
2315,mir iſt gelichen din rat,,,,,,,,
2316,nu #f32r+ hab daz indiner ahte,,,,,,,,
2317,daz dv die gerten hinaht,,,,,,,,
2318,zu dem heilctum r#svo+wen legeſt,,,,,,,,
2319,untze ſie morgen wi#lde+r gebeſt  1750,,,,,,,,
2320,ſo zæige ih iv den man ſo g#suo+ten,,,,,,,,
2321,,mir iſt dein geiſtlicher rat,,,,,,,
2322,,ane zweivel wol gevallen,,,,,,,
2323,,nv legt die gerten allen,,,,,,,
2324,,zvo dem heiligen t#suo+me,,,,,,,
2325,,v#and+ lat ſei ligen vnze fr#suo+,,,,,,,
2326,,morgen #f31r+ nemt ſei widere,,,,,,,
2327,,ſo zaig ich #sov+z dem himile,,,,,,,
2328,,ev den man ſo g#suo+ten,,,,,,,
2329,der mariam ſcol behuten,de mariam ſol beh#sue+ten,,,,,,,
2330,dem ih die ere han beſchert,,,,,,,,
2331,,den ich dar z#svo+ han erwelt,,,,,,,
2332,ein tube uon ſinem ſtabe vert,ein toube von ſinem ſtabe vert,,,,,,,
2333,d#siv+ heuet ſih zeder grufte 1755,div hebt ſich ze fluhte,,,,,,,
2334,vnd ſwinget ſih ind#siv+ lufte,v#and+ ſwinget ſich in die lufte,,,,,,,
2335,daz ſie niemen mak geſehen,daz ſei niem#aan+ mak geſehen,,,,,,,
2336,dem ſchult ir alle des iehen,dem ſult ir alle iehen,,,,,,,
2337,daz er die maget ſ#suo+zze,daz er die magt ſuezze,,,,,,,
2338,uor iv gemaheln m#suo+zze 1760,vor iwer mehelen m#sve+zze,,,,,,,
2339,daz ſage du dem lîvte,daz ſag dem levte,,,,,,,
2340,daz ih daz wil #avnd+ gebivte #?d+,daz ich daz gebevte,,,,,,,
2341,#iN+u r#^v+eget ivh alle damite,Nv r#sue+get evch ſelbe damit,,,,,,,
2342,daz got die ſvntigen ſite,daz got ayſliche ſit,,,,,,,
2343,an unſ ſo harte ſchivhet 1765,an vnſ ſo ſtarke ſchevhet,,,,,,,
2344,daz uns ſin ſtimme flivh#&+,daz vnſ ſin ſtimme flevhet,,,,,,,
2345,d#siv+ unſer uordern ofte erſ#zc+hein,,,,,,,,
2346,wan des iſt zwiuel nehein,,,,,,,,
2347,do uon dem biſgofe here,,,,,,,,
2348,eroffent wart d#siv+ lere 1770,,,,,,,,
2349,die er #zgot+ mit diem#suo+t angwan,,,,,,,,
2350,do fr#sov+et ſih wip #avnd+ man,,,,,,,,
2351,,div vnſren vordren #dg+ſâgte,,,,,,,
2352,,ſwaz ſi mit andaht fragte,,,,,,,
2353,vnd als #lde+r morgenrot,als der ander morgen rot,,,,,,,
2354,der vinſtirn er#lde+ lieht erbot,der vinſtren erde lieht gebot,,,,,,,
2355,daz al d#siv+ werlte erluhte 1775,,,,,,,,
2356,die menige do zit duhte,,,,,,,,
2357,daz ſie ze houe giengen,ſi m#suo+ſten hin ze hofe gân ,,,,,,,
2358,ir gerte wider enpfiengen,v#and+ alle ir gerten da enpfan,,,,,,,
2359,ze eriſte gapman #lde+n rieh#aen+,,,,,,,,
2360,den der arme m#suo+zze entwichen  1780,,,,,,,,
2361,#avnd+ darnah #lde+n ſmæhen,,,,,,,,
2362,ſie ſprachen ſwaſie ſæhen,,,,,,,,
2363,daz zeich#aen+ mit den #sov+gen,,,,,,,,
2364,daz wolten ſie gl#sov+beN,,,,,,,,
2365,,do gab man den herſten,,,,,,,
2366,,ir gerten al zem erſten,,,,,,,
2367,ioſebes #f32v+ gerte div chleine 1785,Ioſeps gerten chlein#ze+,,,,,,,
2368,div waſ ueruallen eine,div was gevallen ein#ze+,,,,,,,
2369,uon den an#lde+rn ſie geſlief,von den andren ſi entſlaif,,,,,,,
2370,daz ſie der biſgof niht begreif,daz ſey d#aer+ piſchof niht begraif,,,,,,,
2371,do wanten ſie algemêine,,,,,,,,
2372,nv in daz zeichen niht erſchêine 1790,,,,,,,,
2373,ez chome uon ir ſunden,,,,,,,,
2374,daz got wære erwnden,,,,,,,,
2375,ſiner grozen barmunge,,,,,,,,
2376,ſie wænten herze #avnd+ zunge,,,,,,,,
2377,diem#suo+tekliche an in 1795,,,,,,,,
2378,daz in d#siv+ tube erſchin,,,,,,,,
2379,div #zin+ da was geheizen,,,,,,,,
2380,ſie rowe daz ſie gemeizzen,,,,,,,,
2381,die ſchonen gerte hæten,,,,,,,,
2382,nu ruche er ſie beraten 1800,,,,,,,,
2383,der aldie werlte wiſet,,,,,,,,
2384,vnt ſîn warheit briſet,,,,,,,,
2385,mit rehte #avnd+ mit gûte,,,,,,,,
2386,der gefr#sov+e ir gemute,,,,,,,,
2387,ia erſchameten ſihdi furſten 1805,Do schamten ſich die furſten,,,,,,,
2388,der frauel daz ſie getorſten,der frevel v#and+ d#aer+ ge turſte,,,,,,,
2389,,daz ſi mit hohferten,,,,,,,
2390,dar gebieten ir gerte,puten dar ir gerten,,,,,,,
2391,ſi erkanten ir herte,,,,,,,,
2392,#avnd+ chlagten ir miſſetat,,,,,,,,
2393,daz ſie in hohver#?ti+ger #^w+at 1810,,,,,,,,
2394,gotes t#sov+gen wolten ſehen,,,,,,,,
2395,daz mit diemut m#suo+z geſchehen,,,,,,,,
2396,,ſwie wol #f31v+ ſi got erkan#aden+,,,,,,,
2397,,v#and+ weren ſi immer da geſtanden,,,,,,,
2398,,ſi heten daz vrkunde,,,,,,,
2399,,an ir den heiner funden,,,,,,,
2400,Ioſep #lde+r gotes trut,#rI+osep d#aer+ goteſ tr#sov+t,,,,,,,
2401,der floh die re#lde+ vnt die brut,der floch die rede v#and+ auch die pr#sov+t,,,,,,,
2402,er duhte ſih ſo nidere 1815,er douhte ſich ſo nider,,,,,,,
2403,daz er nîen wolte widere,er ſuchte niht wider,,,,,,,
2404,ſin klêin gerte enpfahen,ſine gertte zenpfahen,,,,,,,
2405,do ſi do niht enſahen,do ſi ir niht enſahen,,,,,,,
2406,ſie ſprachen mit einem mvnde,,,,,,,,
2407,wir ſchuln #lde+s himels urchun#lde+ 1820,,,,,,,,
2408,noh herzeklicher ſuchen,,,,,,,,
2409,ob des got welle ruchen,,,,,,,,
2410,daz wir geſehen ſiniv t#sov+gen,,,,,,,,
2411,er iſt gnadich dieſt vnlovgeN.,,,,,,,,
2412,,do ſprachen ſi vil drate,,,,,,,
2413,,wir ſulen vnſ baz berat#aen+,,,,,,,
2414,#f33r+ #iA+biathar der biſgof 1825,#rA+biathar der #rP+yſchof,,,,,,,
2415,der hiez do ûf den frithof,der hiez do ouf den freithof,,,,,,,
2416,alle die menige entwichen,,,,,,,,
2417,#avnd+ betteN inneklichen,,,,,,,,
2418,,die chreftigen ſcharen,,,,,,,
2419,,alle gemainlich varen,,,,,,,
2420,,ſi baten ir ſchepfere,,,,,,,
2421,,daz er in genedik were,,,,,,,
2422,ein gienger inden ſal,eine gienk er in daz goteſhovs,,,,,,,
2423,daz livt ſtunt hievor uberal 1830,,,,,,,,
2424,,die levte treib er dar #sov+z,,,,,,,
2425,ſelbe gart er ſih ſa,ſich ſelben gart er ſâ,,,,,,,
2426,iN zwelf tintinnabula,in zwelf tintinabula,,,,,,,
2427,#avnd+ indie heiligen wat,,,,,,,,
2428,die moyſes gebrvefet hat,,,,,,,,
2429,niht uon menniſk#aen+ ſinne 1835,,,,,,,,
2430,wan alſ im d#siv+ gotes minne,,,,,,,,
2431,gebot #avnd+ uorgetihte,,,,,,,,
2432,alſ ſih der herre berihte,,,,,,,,
2433,got ze flegen in#lde+m gwante,,,,,,,,
2434,erwelte mirren er brante 1840,,,,,,,,
2435,tymi#f33v+ama #avnd+ wir#sov+h,,,,,,,,
2436,ſin ſunde wêinter #sov+h,,,,,,,,
2437,ſo heize uor #lde+m altære,,,,,,,,
2438,daz deſ himels rihtare,,,,,,,,
2439,geruhte bewiſen in 1845,,,,,,,,
2440,der bed#siv+ gnade unde ſin,,,,,,,,
2441,al der werlte teilet,,,,,,,,
2442,#avnd+ die ſundare heilet,,,,,,,,
2443,ſwa er die r#siv+we geſiht,,,,,,,,
2444,wand im der barmunge giht 1850,,,,,,,,
2445,enſamet himel #avnd+ erde,,,,,,,,
2446,#avnd+ dienent im ſo wer#lde+,,,,,,,,
2447,,er zoch an ſine bruſt,,,,,,,
2448,,daz edel chirch geruſte,,,,,,,
2449,,daz got wol gezarm,,,,,,,
2450,,heizzen wainen er began,,,,,,,
2451,Do chom ein engel geflogen,#rD+o chom ein engel geflogen,,,,,,,
2452,er ſprah ia birt ir niht betrogen,er ſp#ara+ch ia ſeit ir niht betrogen,,,,,,,
2453,got enwandelt niht ſin#siv+ wort 1855,got wenket niht ſinem wort,,nicht wandeln ſine wort,,,,,
2454,nu ſvche ein chleine gerte dort,nv ſ#suo+ch ein chleine gerten dort,,nv ſuche eine kurzce gerten dort,,,,,
2455,d#siv+ dir iſt enpfallen,dir da leit v#aer+vallen,,di dir iſt enphallen,,,,,
2456,d#siv+ chum#&+ zefr#sov+den in allen,,,di ervreuwet [...],,,,,
2457,ſwie harte ſie iv uerſmahet,,,,,,,,
2458,alſ ſie ioſep enpfahet 1860,,,,,,,,
2459,ir geſeht d#siv+ gotes t#sov+gen,,,,,,,,
2460,mit fleiſklichen #sov+gen,,,,,,,,
2461,,div v#aer+riht den zweifel allen,,,,,,,
2462,,v#and+ ſehet den zwei mit evren ovgen,,,,,,,
2463,,dar an die gotes tougen,,,,,,,
2464,Do er die chleinen rute,#rD+o ſi die chleinen r#suo+ten,,,,,,,
2465,allenthalben ſuhte,allenthalben geſ#suo+chten,,,,,,,
2466,in der arche er ſie uant 1865,in #f32r+ der arken er ſei vant ,,,,,,,
2467,er nam ſie froliche in die hant,er nam ſey zehant,,,,,,,
2468,do drang er uz der chirhtûr,v#and+ drank ovz ze d#aer+ chirchture,,,,,,,
2469,#avnd+ zeigte die gerte her fur,die gerten zaigt er da fure,,,,,,,
2470,er ſprah ioſep gotes kint,er sp#ara+ch #rI+osep goteſ kint,,,,,,,
2471,die engel dir gnædik ſint 1870,die engel dir holt ſint,,,,,,,
2472,ſie ilent andih zeigen,die eilten an dich zaigen,,,,,,,
2473,diſ#siv+ gerte iſt din eigen,diſe gerte iſt din eigen,,,,,,,
2474,nu ſûme dih niht mere,nv ſovme dich niht mere,,,,,,,
2475,wir bevelhen dir die maget here,wir enpfelhen dir die magt here,,,,,,,
2476,#iI+oſep erchom do harte 1875,#rI+oseph erchom vil ſere do ,,,,,,,
2477,daz mit ſo lûtem warte,daz mit louten worten ſo,,,,,,,
2478,der biſgof in anriêf,in der pyſchof ane rief,,,,,,,
2479,ſin gedanche waren tiêf,ſine waren tief,,,,,,,
2480,er zwiuelt waz er tæte,,,,,,,,
2481,#avnd+ weſ got willen h#^æ+te 1880,,,,,,,,
2482,doh enpfieng er daz riſ,,,,,,,,
2483,ſin bart waſ im #f34r+ lanch vnd griſ,,,,,,,,
2484,weinen begun#lde+ er durh not,,,,,,,,
2485,,do enpfienk er ziterinde,,,,,,,
2486,,v#aon+ deſ h#aer+ren hende,,,,,,,
2487,,daz gr#sve+ne pl#sue+nde reis,,,,,,,
2488,,ſein part was lank v#and+ gre#zi+s,,,,,,,
2489,,er were g#aer+ne entwichen,,,,,,,
2490,,ſein ſorge waren michel,,,,,,,
2491,,die bewainot ſein not,,,,,,,
2492,#avnd+ alſ er die gerte ufbot,als er die gerten ovf pot,,,,,,,
2493,uor wiben #avnd+ uor mannen 1885,vor weiben v#and+ vor mannen,,,,,,,
2494,ein tube ſwanch do dannen,ein tovbe ſwank do dannen,,,,,,,
2495,ein vogel ſo wolgetan,,,,,,,,
2496,daz ſin got muſt ere hân,,,,,,,,
2497,der ſwêimet ein wile da,,,,,,,,
2498,vnd hub ſih danah ſa 1890,,,,,,,,
2499,gegen himel hin wider,,,,,,,,
2500,danner chom#aen+ waſ her ni#lde+r,,,,,,,,
2501,Do wart ein chradmediker ſcal,,,,,,,,
2502,von dem livte uber al,,,,,,,,
2503,,ein vil wunnechlich#aer+ vogel ,,,,,,,
2504,,d#aer+ ſwebte bey dem ſwipogen,,,,,,,
2505,,daz ſi in alle ſahen,,,,,,,
2506,,darnach begunde er gahen,,,,,,,
2507,,gen des himels tron#ze+,,,,,,,
2508,,er waz den vollen ſchon#ze+,,,,,,,
2509,,,,ſie im von d[...] wicze,,,,,
2510,,,,di vedern muſten glizce,,,,,
2511,,man hort ein ſchal grozz#aen+,,do wart ein thrad#aen+ grozer,,,,,
2512,,von ſeinen houſgenozzen,,von ſinen gnozen,,,,,
2513,ſi lobten got genot 1895,,,ſi [...],,,,,
2514,wie harte ſie wnderot,,,,,,,,
2515,daz enkan #siv+ niemen geſagen,,,,,,,,
2516,er êin #f34v+ muſe wol chlagen,,,,,,,,
2517,,wan ez ſey ſelzêne,,,,,,,
2518,,dovhte v#and+ harte zême,,,,,,,
2519,,waz ſol ich mere ſagen,,,,,,,
2520,,#rI+oseph begunde chlagen,,,,,,,
2521,daz er in alten ziten,daz er in alten tagen,,,,,,,
2522,des kindes ſcolte biten 1900,,,,,,,,
2523,,den chvmer #f32v+ ſolde tragen,,,,,,,
2524,ein herze er ge#^v+ie,ein h#aer+ze er doch gevienk,,,,,,,
2525,fur den biſgof er gie,fur den piſchof er do gienk,,,,,,,
2526,#avnd+ leint ſih uber ſin chruken,,,,,,,,
2527,,do tr#suo+k de pideminde man,,,,,,,
2528,,eine chruchen fraiſſam,,,,,,,
2529,,daruber m#suo+ſt er ſich lênch#aen+,,,,,,,
2530,er bat ſin got gehuken,er bat ſei got gedenchen,,,,,,,
2531,daz ſie in alle liezen 1905,daz ſi in alle liezzen,,,,,,,
2532,ſines alters geniezen,ſeineſ alters geniezzen,,,,,,,
2533,vnt in deſ niht endwngen,v#and+ in deſ niht endwungen,,,,,,,
2534,daz er die maget ivnge,daz er die maget iungen,,,,,,,
2535,inſinen gewalt næme,in ſeine gewalt n#^æ+me,,,,,,,
2536,er ſprah wie er ir gezæme 1910,,,,,,,,
2537,,wan ez im niht zême,,,,,,,
2538,Do troſten in die herren,#rD+o troſten in die herren,,,,,,,
2539,im enmæhte niht gewerren,es moht im niht gewerren,,,,,,,
2540,warumbe er truren ſcolte,noch er niht trovren ſolde,,,,,,,
2541,ſwaz got ſtiften wolte,ſwaz got ſtiften wolde,,,,,,,
2542,daz mæhte im niht wider ſtan 1915,dem mohte nieman wid#aer+ſtan,,,,,,,
2543,wolt ab er #lde+s ſtrites nîen lan,,,,,,,,
2544,deſ muſer wol enkelten,,,,,,,,
2545,ſie heten freiſket ſelten,,,,,,,,
2546,ſwer wider dem garte,,,,,,,,
2547,ware ſtrebende harte 1920,,,,,,,,
2548,ezen kome im ze ungemah,,,,,,,,
2549,ioſeph in aber zuſprah,,,,,,,,
2550,ſwære iſt mir #siv+wer gebot,,,,,,,,
2551,des begebet mih durh got,,,,,,,,
2552,wand ih ir vnwirdik bin 1925,,,,,,,,
2553,ichen han die ivgent noh #lde+n ſin,,,,,,,,
2554,daz ih ir wol gedienen mege,,,,,,,,
2555,d#siv+ in ſo grozzer pflege,,,,,,,,
2556,komen iſt an diſen tach,,,,,,,,
2557,got weiz wol daz ih enmak 1930,,,,,,,,
2558,nu ſehet min unchraft an,,,,,,,,
2559,#lde+r biſgof antwrten began,,,,,,,,
2560,er bat in ein wile horen,,,,,,,,
2561,,wan er wurde vngehorſam,,,,,,,
2562,,er bat auer mit minnen,,,,,,,
2563,,mit fleize von allen ſinnen,,,,,,,
2564,,daz ſi in ſein beg#^æ+ben,,,,,,,
2565,,ſeinen ſiehtom ane ſehen,,,,,,,
2566,,#rD+er biſchof bat in horen,,,,,,,
2567,er ſprah unde wil dv ſtoren,er ſp#ara+ch wil dv zeſtoren,,,,,,,
2568,daz dir #lde+r engel gebot 1935,daz dir d#aer+ engel gebot ,,,,,,,
2569,daz iſt der ewige tot,daz iſt der ewige tot,,,,,,,
2570,damit #f35r+ muſtv uerlorn ſîn,,,,,,,,
2571,ia zeiget dir daz magedin,ia zaiget daz mægedein,,,,,,,
2572,,ir h#aer+ze v#and+ all#aen+ iren ſin,,,,,,,
2573,des himels urkun#lde+,mit waren vrchvnde,,,,,,,
2574,#avnd+ wildu ane ſun#lde+ 1940,v#and+ wil dv ane ſunde,,[...] ſvnde,,,,,
2575,ſamet ir iemer b#suo+wen,,,mit ir imm#aer+ buwen,,,,,
2576,in gotlichen tr#siv+wen,,,in gotlichen truwen,,,,,
2577,ſo maht du wol geneſen,,,daz mahtu wol geleiſten,,,,,
2578,#avnd+ maht des huſſe wirt #avnd+ meiſter weſen,,,,,,,,
2579,,,,du biſt des huſes meiſt#aer+,,,,,
2580,ſchaffez drinne ſwie dv welleſt 1945,,,,,,,,
2581,daz du vnſ din alter zeleſt,,,,,,,,
2582,daz gefrum#&+ dir chleine,,,,,,,,
2583,niemen weiz wan got eine,,,,,,,,
2584,weſ er hab an dih gedaht,,,,,,,,
2585,,mit ir immer #f33r+ leben,,,,,,,
2586,,in rein#aer+ chevſe ſweben,,,,,,,
2587,,deſ haſt dv g#suo+te ſtat,,,,,,,
2588,,wan ovch ir wille da z#svo+ ſtat,,,,,,,
2589,,dich hilfet div chrenche niht,,,,,,,
2590,,goteſ genade v#and+ ſein lieht,,,,,,,
2591,,der werlde ſchepfere,,,,,,,
2592,do er dir die tvben braht 1950,weſſe wol wer dv were,,,,,,,
2593,,do er an dich gedahte,,,,,,,
2594,er weſſe wol wer du wære,v#and+ dir die touben brahte,,,,,,,
2595,ſin lôz daz iſt gewære,,,,,,,,
2596,ſin urchunde warhaft,,,,,,,,
2597,nu geſwîge diner unc#zh+raft,,,,,,,,
2598,#avnd+ gedenche wol daran 1955,dv ſolt gedenchen daran,,,,,,,
2599,wie zwene herliche man,wie weilen die zwene man,,,,,,,
2600,dathan vnde abyron,chore v#and+ abyron,,,,,,,
2601,wilen uerworhten ir lon,weilen ver worhten ir lon,,,,,,,
2602,daz ſie an die g#?^o+tes t#sov+gen,daz ſi an die goteſ tougen,,,,,,,
2603,niht wolten gel#sov+ben 1960,niht wolt#aen+ gelouben,,,,,,,
2604,nv mache die re#lde+ niht zelanch,,,,,,,,
2605,la #lde+n ſtrit volge unſ ane wanch,,,,,,,,
2606,gemæhel mit frolichem mvt,,,,,,,,
2607,die maget edel #avnd+ gut,,,,,,,,
2608,,t#suo+ vns daz zeliebe,,,,,,,
2609,,mehel die vrowen ſchiere,,,,,,,
2610,e wir den hof rûmen 1965,æ wir den hof r#sov+men,,,,,,,
2611,du ſcholt unſ niht lenger ſumeN,dv ſolt dich niht lenger ſoumen,,,,,,,
2612,Do ſprah der einualte,Do ſp#ara+ch der einvalte,,,,,,,
2613,got mit ſinem gewalte,got mit ſin#aem+ gewalte,,,,,,,
2614,der bewiſe mich des beſten,d#aer+ weiſe mich deſ beſten,,,,,,,
2615,wan ſwie ſo ih weſte 1970,wan wie ſo ich weſte,,,,,,,
2616,daz ich die ſele mæhte ernern,daz ich die ſele moht er nêren,,,,,,,
2617,waz ſcholt ich t#siv+rerſ gern,waz ſolde ich bezzers gern,,,,,,,
2618,ich wil iv ſagen minen ſin,ich wil ev ſagen minen ſin,,,,,,,
2619,wand ihc ein ſundære bin,wan ich ein ſundere pin,,,,,,,
2620,alt #avnd+ #sov+h ungez#^æ+me 1975,alt v#and+ vngezeme ,,,,,,,
2621,waz hulfe #f35v+ mih daz ob ih ſie n#^æ+me,waz hulfe daz ich ſey næme,,,,,,,
2622,ez iſt umbe mih nehein frum,ez iſt vmich den hein frume,,,,,,,
2623,ich han ave erliche ſvn,ich han hêrliche ſvne,,,,,,,
2624,vil wolgetane degene,vil vermezz#aen+ degen,,,,,,,
2625,die mir got geſegene 1980,die mir got geſegene,,,,,,,
2626,die ſint g#suo+t #avnd+ wolgeborn,die ſint hochgeboren,,,,,,,
2627,zallen ſælden erchorn,ze eren wol erchoren,,,,,,,
2628,an die wil ih ir raten,,,,,,,,
2629,vnd wil ez uor iv ſtæten,,,,,,,,
2630,,ich wil an diſer weile,,,,,,,
2631,,diſem #f33v+ magedeine,,[...]ne,,,,,
2632,daz ich ir mit beſchei#lde+ner rede 19S5,minen mahelſchatz geben,,mit beſcheiden#aer+ rede,,,,,
2633,minen gemahelſchatze gebe,mit beſcheiden reden,,mine gemehelſ#zh+az gebe,,,,,
2634,ſo ſie zir iaren bechome,ſo ſi z#svo+ iren iaren chome,,als ſi zu iren iaren kvme,,,,,
2635,#avnd+ inminem huſe gewône,v#and+ in minem houſe wone,,in mime huſe gewone,,,,,
2636,ſo ſchowe ſie elliv d#siv+ kint,ſo ſchowe ſi alle div chint,,,,,,,
2637,d#siv+ mir uon got uerlihen ſint 1990,die von mir chomen ſint,,,,,,,
2638,an ſwelhem minem kinde,an ſwelhem minem chinde,,,,,,,
2639,ſie die tugende vinde,ſi die tugent vinde,,,,,,,
2640,daz ez ir wol geualle,daz ez ir gevalle,,,,,,,
2641,daz dienen wir alle,,,,,,,,
2642,,des ſey wir fleizzek alle,,,,,,,
2643,daz ſie zu dem chere 1995,daz ſi z#svo+ dem chere,,,,,,,
2644,des mak ſie frum #avnd+ ere,des mak ſi baz ære,,,,,,,
2645,baz denne anmir gewinnen,dan mein gewinnen,,,,,,,
2646,daz iſt #sov+h al d#siv+ minne,,,,,,,,
2647,de#?r+ ich iemer dar gem#suo+te,,,,,,,,
2648,alſus enpfahe ich ſie in mine hvte  2000,,,,,,,,
2649,#iA+lſ div rede waſ getan,,,,,,,,
2650,die herren hiezzen gan,,,,,,,,
2651,,mit ſolhen dingen,,,,,,,
2652,,in min houſ v#and+ in min h#suo+t,,,,,,,
2653,,ephah ich diſe magt g#suo+t,,,,,,,
2654,,#rA+ls ſi die rede v#aer+namen,,,,,,,
2655,,die furſten alle chamen,,,,,,,
2656,nah ſante mærien,nach ſant mareien,,,,,,,
2657,der guten #avnd+ der frien,der edilen v#and+ d#aer+ freien,,,,,,,
2658,die ladeten ſie uf den frithof  2005,die latten ſei ovf den freithof,,,,,,,
2659,ſie ſprachen daz der biſgof,ſi ſp#ara+c#ahen+ daz der piſchof,,,,,,,
2660,ſie wolte geſprechen,ſei wolde beſprechen,,,,,,,
2661,ir ere gerne zechen,v#and+ ir ere zechen,,,,,,,
2662,die frowen die ir waren bi,,,,,,,,
2663,nu ez alſo kom#aen+ ſi 2010,,,,,,,,
2664,die rieten ir algeliche,,,,,,,,
2665,daz ſie t#^æ+te froliche,,,,,,,,
2666,ſwes man anſie mûte,,,,,,,,
2667,daz wrde ir gewant ze g#suo+te,,,,,,,,
2668,uf ſtunt do div rêine 2015,,,,,,,,
2669,ſie gie zuhtekliche #avnd+ ſeine,,,,,,,,
2670,den herren biſiten,,,,,,,,
2671,fur die herſcaft an #f36r+ den rinch witen,,,,,,,,
2672,,div magt in dem chloſter,,,,,,,
2673,,daz reine kint ſi troſten,,,,,,,
2674,,ſi zierten wol ir gewant,,,,,,,
2675,,die herren nâmens an die hant,,,,,,,
2676,,v#and+ f#suo+rten ſei an den rink,,,,,,,
2677,,ir ſele v#and+ alleſ ir dink,,,,,,,
2678,#avnd+ beualh ſich got ti#^v+re,daz enpfalich ſi got tevre,,,,,,,
2679,ſie ſprah herre du mih ſtîvre      2020,,,,,,,,
2680,,ſi bat daz er ſi ſtevren,,,,,,,
2681,mit dem h#?er+en geiſte din,mit dem heiligen geiſte ger#suo+chte,,,,,,,
2682,daz min antwrte muze ſin,,,,,,,,
2683,wer#lde+ #avnd+ unbeſprochenliche,,,,,,,,
2684,do gebot der biſgof riche,,,,,,,,
2685,al die menige ſwigen     2025,,,,,,,,
2686,unnvtzen chradem uermiden,,,,,,,,
2687,die maget enpfieng er wol,,,,,,,,
2688,ſie neig im alſ ein fr#sov+e ſcol,,,,,,,,
2689,,ſwaz rede man an ſey ſ#suo+chte,,,,,,,
2690,,daz ſi an ir antwurtte,,,,,,,
2691,,beſprochen iht wurde,,,,,,,
2692,,#rD+er piſchof ſt#suo+nt in d#aer+ mitten,,,,,,,
2693,,die levte ſweigen hiez er biten,,,,,,,
2694,da ſtunt ſie ſam d#siv+ bl#suo+me,#f34r+ do ſt#suo+nt ſi ſam ein pl#suo+me,,,,,,,
2695,div ander wiſe gr#suo+ne 2030,div an der wiſe gr#sue+ne,,,,,,,
2696,ir liehten ſchîn uerre ſprenget,,,,,,,,
2697,die werlt het des wol verhenget #f36v+,,,,,,,,
2698,daz d#?i+u rede gelenget w#^æ+re,,,,,,,,
2699,darvmbe wand d#siv+ wer#lde+ #avnd+ div mære,,,,,,,,
2700,gab in fr#sov+de #avnd+ #sov+genweide  2035,,,,,,,,
2701,die ſæl#lde+ hete ſie bei#lde+,,,,,,,,
2702,ander ſchone #avnd+ an der gute,,,,,,,,
2703,dar under ſtunt ab ir gem#^v+te,,,,,,,,
2704,niender me wan eine zegot,,,,,,,,
2705,#avnd+ zallem ſinem gebot 2040,,,,,,,,
2706,der herre hub an #avnd+ ſprah,,,,,,,,
2707,fr#sov+e din ere #avnd+ din gemah,,,,,,,,
2708,wellen wir mit dir ahten,,,,,,,,
2709,nv ſolt dv reine betrahten,,,,,,,,
2710,waz gotes wille daran ſi 2045,,,,,,,,
2711,#avnd+ #sov+h unſer rat dabi,,,,,,,,
2712,,ſcheinet ovz dem dorne ,,,,,,,
2713,,ſam ſt#suo+nt daz kint da vorne,,,,,,,
2714,,ſi levhtot als div ſunne,,,,,,,
2715,,ez waz ir aller wunne,,,,,,,
2716,,daz ſi div ſch#soe+nen vrowen ,,,,,,,
2717,,ane ſolten ſchowen,,,,,,,
2718,,#rD+o ſp#ara+ch der piſchof weiſe,,,,,,,
2719,,dv ſolt ze #rP+aradeiſe,,,,,,,
2720,,immer goteſ kint ſein,,,,,,,
2721,,nv sp#ari+ch liebes magedein,,,,,,,
2722,daz zeichen daz da geſchehen iſt,daz zaichen daz hie geſchen iſt,,,,,,,
2723,daz wil daz du neheine friſt,daz wil daz dv den heine friſt,,,,,,,
2724,noh dehein ufſcub habeſt,,,,,,,,
2725,,dich #sov+f habeſt ,,,,,,,
2726,#avnd+ dih niht lenger entſageſt 2050,v#and+ lenger iht entſageſt,,,,,,,
2727,dune werdeſt hiezeſtete,dv m#sve+ſſet werden hie ze ſtet,,,,,,,
2728,durh unſer aller bete,durch gotes gebot v#and+ vnſer bet,,,,,,,
2729,ioſebes gemahele,#rI+oſebeſ gemahele,,,,,,,
2730,do vielen ir die træhene,do vielen ir die zehere,,,,,,,
2731,abden hufeln an die wat 2055,von den wangen ovf die wat,,,,,,,
2732,ſie ſprachen ſin iſt #?lde+hein rat,ſi ſp#ara+chen ſein iſt chain rat,,,,,,,
2733,wer ſchol daz wenden #avnd+ chlagen,,,,,,,,
2734,daz got ſelbe ruchet antrageN,,,,,,,,
2735,#lde+r an niemen miſſetvt,,,,,,,,
2736,nv ſage fr#sov+e dinen mut 2060,,,,,,,,
2737,#iD+iv maget antwrten began,,,,,,,,
2738,,daz ſi ſich wol gehabte,,,,,,,
2739,,noch niht wider ſagte,,,,,,,
2740,,Do sp#ara+ch div ſch#soe+ne lilye,,,,,,,
2741,,d#aer+ got het in himile,,,,,,,
2742,,geſetzet ſinen ſt#suo+l,,,,,,,
2743,,v#and+ in daz paradeis f#suo+r,,,,,,,
2744,got der den eriſten man,do er den erſten man,,,,,,,
2745,uz læime gebildet hat,ouz layme bilden began,,,,,,,
2746,#avnd+ des tronus inme himele ſtat,,,,,,,,
2747,der #sov+h geſchuf den witen umbechreiz 2065,der beſch#suo+f der werlde vmechreiz,,,,,,,
2748,elliv dinch er wol weiz,der allev dink wole waiz,,,,,,,
2749,wir mugen in nihtes uerheln,,,,,,,,
2750,niht uerſagen noh uerſteln #?+,,,,,,,,
2751,#37r+ aller herzen t#sov+gen,wan aller herzen tougen,,,,,,,
2752,div ſint uor ſinen #sov+gen 2070,bl#suo+ent vor ſinen augen,,,,,,,
2753,des tîefen mereſ unde,der laitet des meres vnde,,,,,,,
2754,ioh daz uinſter abg#?r+#zv+nde,v#and+ daz abgrunde,,,,,,,
2755,er#lde+ #avnd+ lufte ſint im dienſthaft,,,,,,,,
2756,#avnd+ erchennent ſine chraft,,,,,,,,
2757,,erde v#and+ luft,,,,,,,
2758,,v#and+ der helle #f34v+ gruft,,,,,,,
2759,,er mit ſinen ch#soe+ren ,,,,,,,
2760,der ruche mih erhoren 2075,ger#suo+che mich er h#soe+ren,,,,,,,
2761,ſin gebot ſhol ich niht ſtoren,,,,,,,,
2762,wand ich daz urchunde,wan ich daz vrchunde,,,,,,,
2763,uon ſin ſelbes mun#lde+,von ſein ſelbes munde,,,,,,,
2764,enphangen han #avnd+ nemen wil,von ſeinen genaden nemen wil,,,,,,,
2765,hie iſt #sov+h herſchefte vil 2080,hie iſt herſchefte vil,,,,,,,
2766,#lde+r #?b+eid#siv+ bet #avnd+ rat,,,,,,,,
2767,uon rehte mir zevolgen ſtat,,,,,,,,
2768,,die wil ich niht ver zeihen,,,,,,,
2769,,got r#suo+che mir er zaigen,,,,,,,
2770,,mit ſein ſelbeſ veſte,,,,,,,
2771,,ſwaz mir ſei daz beſte,,,,,,,
2772,,Ich han den heinen willen,,,,,,,
2773,ſwie ich doh niemer gewînne,noch nimmer wil gewinnen,,,,,,,
2774,m#suo+t ze werltlicher minne,,,,,,,,
2775,daz ich mit deheinem m#^æ+ile 2085,daz ich mit cheinem maile ,,,,,,,
2776,min ſele uerteile,miner ſele vertaile,,,,,,,
2777,noh minen maget#suo+m verwerte,,,,,,,,
2778,,meinen magtom ſol ich herten,,,,,,,
2779,ich ſah abe der gerte,doch ſeit ich ab der gerten,,,,,,,
2780,mit ſamet #siv+ die tuben fliegen,die toube ſach fliegen,,,,,,,
2781,des wil ich niht triegen 2090,ſo wil ich niht betriegen,,,,,,,
2782,daz himiliſke b#sov+chen,daz himeliſche zaichen,,,,,,,
2783,min herze m#suo+z ich br#sov+chen,,,,,,,,
2784,,meinen ſin wil ich reichen,,,,,,,
2785,in #siv+wer aller rat,in ewer aller rat,,,,,,,
2786,ſwêr mih zeh#?ute+ beſtat,ſwer mich zehute beſtat,,,,,,,
2787,dem bin ich gerne undertan 2095,,,,,,,,
2788,mit dienſte daz wizzet ſunder wân,,,,,,,,
2789,,deme wil ich ſein gehorſam ,,,,,,,
2790,min#?aes+ libes ich niemen gan,mineſ leibeſ ich nieman gan,,,,,,,
2791,da belibe ich ſt^æ+tik an,,,,,,,,
2792,ob mirz got verzihet,,,,,,,,
2793,der nieman nihtes uerzihet 2100,,,,,,,,
2794,des man mit rehte an in gert,,,,,,,,
2795,da w#?+rde #sov+h ich niht entwert,,,,,,,,
2796,,alten noch iungen,,,,,,,
2797,,ze chranker wonunge,,,,,,,
2798,,ze ſundegen ſachen,,,,,,,
2799,,daz kan nieman gemac#ahen+,,,,,,,
2800,#iD+iv rede duhte lobelich,#rD+iſe rede douhte ſev lobelich ,,,,,,,
2801,des iah aller manneklich,do ſprach mennechlich,,,,,,,
2802,#ddiv+ #zir+ antwrte d#siv+ ware g#suo+t 2105,,,,,,,,
2803,ir ſin mit wiſheit be#f37v+hut,,,,,,,,
2804,do hete inſinem gewalte,,,,,,,,
2805,einen gemæhelſchatze #lde+r alte,,,,,,,,
2806,,ſi were eben gen#suo+k,,,,,,,
2807,,ir leip ſi alſo wol tr#suo+ch,,,,,,,
2808,,daz ſei die levte diche,,,,,,,
2809,,muſten ane blichen,,,,,,,
2810,,Do hete der alte,,,,,,,
2811,,einen mehelſchatz behalten,,,,,,,
2812,ein guldin vingerlin,ein guldein #f35r+ vingerlein ,,,,,,,
2813,daz enpfie ſie uon #lde+r hant ſin 2110,,,,,,,,
2814,,daz enpfienk von im daz magedein,,,,,,,
2815,enmitten inme ringe,miten indem ringe,,,,,,,
2816,daz uolch andem tâidinge,,,,,,,,
2817,uor fr#sov+den ſingen began,,,,,,,,
2818,,daz volk begunde ſingen,,,,,,,
2819,,deſ reichen gotes ære,,,,,,,
2820,ſie wolten cheren dan,ſi wolten dannen cheren,,,,,,,
2821,zeherbergen riten 2115,ze herbergen reiten,,,,,,,
2822,der alte bat ſie biten,der alte pat ſey peiten,,,,,,,
2823,er ſprah nu ſcholtih min uenige,er ſprach nv ſolt ich venien ,,,,,,,
2824,fur alle diſe menige,fur alle diſe menige,,,,,,,
2825,vil billichen ſuchen,,,,,,,,
2826,ob ireſ wolte geruchen 2120,,,,,,,,
2827,die herren die nu hie ſint,die herren die nv hie ſint,,,,,,,
2828,die ſehent wol daz ich ditze #f38r+ kint,die ſehent wol daz ich daz kint,,,,,,,
2829,ſelbe niht mak bewarn,ſelbe niht mak bewarn,,,,,,,
2830,ia m#suo+z ich riten #avnd+ uarn,ich m#suo+z reiten v#and+ varen,,,,,,,
2831,durh mine ſache witen 2125,dvrich min ſache weiten,,,,,,,
2832,wie mæhte danne erbiten,wie mohte #adan+ne erbeiten,,,,,,,
2833,diſiv maget ſchon#?+e,disev magt zeme ,,,,,,,
2834,untze ih ie wider kome,vnze ich wider chæme,,,,,,,
2835,ſine wære mit ir geſpiln,,,,,,,,
2836,an#lde+rs m#suo+ſte ſie beviln 2130,,,,,,,,
2837,#avnd+ betragen miner uzverte,,,,,,,,
2838,nu helfet mir daz ich beherte,,,,,,,,
2839,mit bete ir ze h#suo+te,,,,,,,,
2840,,nv gebt vnſ zeh#suo+te,,,,,,,
2841,fumve ivnchfr#sov+en g#suo+te,funf vrowen g#suo+te,,,,,,,
2842,,ovz diſer ſamenunge,,,,,,,
2843,,edel v#and+ iunge,,,,,,,
2844,kivſche gewizzen #avnd+ bi#lde+rbe 2135,kevſche vnde piderbe,,,,,,,
2845,die geantwrte ih #siv+ widere,die antwurt ich her widere,,,,,,,
2846,ſwenne ir ſin niht welt enbern,ſwan ir ſein niht welt enberen ,,,,,,,
2847,des#?z+ ſchol mih #lde+r biſgof gewern,des ſol der pyſchof mich geweren,,,,,,,
2848,durh #siv+wer aller minne,,,,,,,,
2849,ſo binih wol geſtîvret hinneN                 2140,,,,,,,,
2850,#iD+o ſprachen die guten chnehte,#rD+o ſp#ara+chen die g#suo+ten chnehte,,,,,,,
2851,wan ſcholt in uon rehte,ſi ſolden in mit rehte,,,,,,,
2852,gewern ſwes er b#^æ+te,geweren des er ſei bat,,,,,,,
2853,nu er ingeuolget hæte,ſeit er gevolget hat,,,,,,,
2854,ſie hiezen die kunig#ain+ne 2145,ſi hiezzen die kvniginne,,,,,,,
2855,ſelbe welen dar inne,,,,,,,,
2856,do nam ſie die liebeſten vn#lde+r in,,,,,,,,
2857,hinze den ſie truch ir ſin,,,,,,,,
2858,,ſelbe darinne,,,,,,,
2859,,welen die ir geviele,,,,,,,
2860,,do nam div maget ziere,,,,,,,
2861,ein#siv+ was rachel genant,eine div hiez #rR+achel,,,,,,,
2862,#lde+r alle tugent waren erchant 2150,,,,,,,,
2863,,div waz z#svo+ den tugenden ſnel,,,,,,,
2864,div ander rebecca hiez,#rR+ebeka hiez div ander,,,,,,,
2865,die nehein g#suo+tt#^æ+te uerliez,,,,,,,,
2866,,div was ane wandel,,,,,,,
2867,ſephora waſ d#siv+ dritte,Sepfora #f35v+ div dritte hiez,,,,,,,
2868,d#siv+ hete reine ſite,div ſi niht hinder ire liez,,,,,,,
2869,abigea hiez div vier#lde+ 2155,Abygea hiez div vierde,,,,,,,
2870,div lebet ane alle girde,die was ane falſche girde,,,,,,,
2871,werltlicher ſun#lde+n,,,,,,,,
2872,#avnd+ giench vngebunden,,,,,,,,
2873,wand ſie ir hete furgeleit,,,,,,,,
2874,zebeliben mit #lde+r kivſcheit#?z+ 2160,,,,,,,,
2875,die fvmften nant man ſuſanne,die fumfte hiez Svſanne,,,,,,,
2876,d#siv+ muſte ir vol#f38v+gen danne,div m#suo+ſte mit ir danne,,,,,,,
2877,michel wart daz weinen,michel wart daz wainen,,,,,,,
2878,do ez ch#aam+ an daz ſcheiden,do ſi ſich m#suo+ſten ſchaiden,,,,,,,
2879,uberal die ſamnvnge 2165,Mareien ſchidunge,,,,,,,
2880,d#siv+ marjen ſchidunge,tet aller ſamenunge,,,,,,,
2881,têt in herzeclichen we,gar inrechlichen wê,,,,,,,
2882,ſie ſprach#aen+ daz ſie niemer me,ſi ſp#ara+chen daz ſi nimmer mê,,,,,,,
2883,die reinen uberwnden,,,,,,,,
2884,noh #?z+irgliche #?f+unden 2170,,,,,,,,
2885,uber allez irdiſche tal,in diſem yrdiſchen tal,,,,,,,
2886,die frowen chuſte ſie uberal,,,,,,,,
2887,daz inſigel rehter gvte,,,,,,,,
2888,ir zvhten gehal ir gemvte,,,,,,,,
2889,daz ir geſin#lde+ #sov+h url#sov+p nam 2175,,,,,,,,
2890,alſ ez den mageden gezam,,,,,,,,
2891,mit zuhteklicher ſvzze,,,,,,,,
2892,zu deſ biſgofes gruzze,,,,,,,,
2893,maria #f39r+ dennoh getrat,,,,,,,,
2894,,ir geleiche funden vber al,,,,,,,
2895,,fur den piſchof ſi trat,,,,,,,
2896,url#sov+bes ſie in gebat 2180,vrlovbes ſi bat,,,,,,,
2897,daz er ir gebieten ſchol#lde+,,,,,,,,
2898,die #?z+herren hete ſie holde,,,,,,,,
2899,die wnſketen #zir+ al geliche,,,,,,,,
2900,ſæl#lde+ vnd fr#sov+de riche,,,,,,,,
2901,daz ſie die hie ge#^w+nne 2185,,,,,,,,
2902,#avnd+ hernah des himels wnne,,,,,,,,
2903,ſie neig in #avnd+ cherte dan,,,,,,,,
2904,mit #lde+n fr#sov+en ioh mit #lde+m man,,,,,,,,
2905,der ſie wol bewarn chun#lde+,,,,,,,,
2906,#avnd+ eſ #sov+ch meinet ane ſun#lde+ 2190,,,,,,,,
2907,,hin fur die pfalze frone,,,,,,,
2908,,mit den vrowen ſchone,,,,,,,
2909,ſie fure uber daz geuil#lde+,vber al daz gevilde,,,,,,,
2910,in engeliſkem bil#lde+,in engliſchem bilde,,,,,,,
2911,ze ſinen herbergen,ze #rI+oſebes herberge,,,,,,,
2912,wîe mahte iemer werden,,,,,,,,
2913,,ſi heten ane erge,,,,,,,
2914,loblicher geuerte 2195,vil g#suo+t gevertte ,,,,,,,
2915,wand ſie got bed#siv+ gewerte,wan ſei got gewerte,,,,,,,
2916,ſiner hul#lde+ #avnd+ al #lde+r eren,ſein#ze+s reiches v#and+ ſeiner ære,,,,,,,
2917,nv ruche ſie zu unſ cheren,,,,,,,,
2918,ſin gna#lde+ den ſie t#?r+#zv+ch,,,,,,,,
2919,wil ſie ſo han wir heiles gnuch 2200,,,,,,,,
2920,,da ſi wonent mit frevden immermere,,,,,,,
2921,#iE+in ſtat hêizet capharna#aum+,#rD+iv ſtat heizzet capharnaum,,,,,,,
2922,d#siv+ ſtozzet an #lde+s meres drum,v#and+ ſtozzet an des meres drum,,,,,,,
2923,da ſazzen richiv lîvte,da ſazzen reiche levte,,,,,,,
2924,cafarnaum chivt ze divte,capharnaum ſprichet ze devte,,,,,,,
2925,uilla ſpecioſa       2205,villa ſpecioſa,,,,,,,
2926,ſie lûhte ſam d#siv+ roſa,ſi leuhtet ſam dev roſa,,,,,,,
2927,ob anderen ſteten,vor den andren ſteten,,,,,,,
2928,dar wart ioſep gebeten,dar was Ioſepf ge beten,,,,,,,
2929,uon richen furſten zwêin,,,,,,,,
2930,des waren ſie wor#lde+n ennêin 2210,,,,,,,,
2931,daz ir ieteweder nah im ſande,,,,,,,,
2932,ia was ez inſinem lan#lde+,ez waz in ſinem lande,,,,,,,
2933,,boten im do ſande,,,,,,,
2934,,zwene furſten reiche,,,,,,,
2935,,ſi enbuten im minnechlichen,,,,,,,
2936,,ob er ſey mohte geſprechen,,,,,,,
2937,,ſi wolden mit im #f36r+ zechen,,,,,,,
2938,ir ſchef waren in zebroſten,vm ir ſchef die waren zebrochen,,,,,,,
2939,daz chunder wol choſten,die chunde er wol choſten,,,,,,,
2940,waz ſie dar uf tæten 2215,,,,,,,,
2941,ſo uerre ſie in baten,,,,,,,,
2942,daz er in muſte uolgen,,,,,,,,
2943,doh waſ ſin herze erbolg#aen+,,,,,,,,
2944,daz er nah ſolhen eren,,,,,,,,
2945,uon ſinem huſe ſcholte #?zchereN+ 2220,,,,,,,,
2946,#f39v+ iedoh muſter hengen,,,,,,,,
2947,erne mahtez niht gelengen,,,,,,,,
2948,,waz dar ovf gienge ,,,,,,,
2949,,ſo man ez an vienge,,,,,,,
2950,,er kunde inrehter weile,,,,,,,
2951,,ſchef v#and+ Galaien,,,,,,,
2952,,vil wol bereiten,,,,,,,
2953,,mit ſinen arbeiten,,,,,,,
2954,,die mehtigen herren,,,,,,,
2955,,baten baten in ferren,,,,,,,
2956,,daz er m#suo+ſte z#svo+ in varen,,,,,,,
2957,,noch mohte ſein niht geſparen,,,,,,,
2958,andem an#lde+rn morgen,An dem andern morgen,,,,,,,
2959,hub er ſih uz mit ſorgen,h#suo+b er ſich ovz mit ſorgen,,,,,,,
2960,der heilige pat#?ari+arche 2225,der heilige patriarch,,,,,,,
2961,die mage#lde+ phleget er ſtarche,er pat die vrowen ſtark,,,,,,,
2962,daz ſie an marien h#suo+te,daz ſi mariam beh#suo+ten,,,,,,,
2963,ſtæte wæren durh ir g#suo+te,durch ir ſelbes g#sue+te,,,,,,,
2964,nahtes bi ir lægen,,,,,,,,
2965,,er begunde ſey biten,,,,,,,
2966,,daz ſi ſey in die mitten legten,,,,,,,
2967,mit tr#siv+wen ir pflægen 2230,v#and+ ir mit fleizze pflegten,,,,,,,
2968,ſin hiwiſche hiez er fur ſih gan,ſein geſinde hiez er fur ſich gan,,,,,,,
2969,#avnd+ gebot daz ſie un#lde+rtan,er gebot daz ſi vndertan,,,,,,,
2970,ſiner fr#sov+en wæren,der edelen vrowen wêren,,,,,,,
2971,unde allez daz uerbæren,v#and+ allez daz verb#^æ+ren,,,,,,,
2972,daz ſie leides ermante 2235,,,,,,,,
2973,ſin ſvne bat er #sov+h zehant,,,,,,,,
2974,in ir dienſte gerne ſtan,,,,,,,,
2975,#f40r+ nu m#suo+z ich ivh ſprah er lan,,,,,,,,
2976,,daz ſi niht wolde ſchowen ,,,,,,,
2977,,daz lobte ime man v#and+ vrowen,,,,,,,
2978,,daz ſi ir wolden dienen,,,,,,,
2979,,durch ſein gebot v#and+ durch ire liebe,,,,,,,
2980,die #?z+wile ich bin #?+ underwegen,die weil er wære vnder wægen,,,,,,,
2981,der milte gotes ſegen 2240,,,,,,,,
2982,hab ivch alle inſiner h#suo+te,,,,,,,,
2983,,er bat daz der goteſ ſegen,,,,,,,
2984,,ſei alle beh#suo+te,,,,,,,
2985,do ſchied er dan mit trurigem mute,er ſchiet von dan mit lai#adem+ m#suo+te,,,,,,,
2986,#iT+empli pontifices,#iT+empli pontifices ,,,,,,,
2987,die berieten ſih des,die bedahten ſich des,,,,,,,
2988,warumbe die ſehſe magedin 2245,warume ſechs magedein,,,,,,,
2989,alſo muzzich ſcholten ſin,alſo m#sve+zzik ſolden ſein,,,,,,,
2990,ſie ſanten #lde+n edeln wiben,#rS+i ſanden den #f36v+ edelen weiben,,,,,,,
2991,p#?z+urpurar#?in+ un#lde+ ſiden,purper v#and+ ſeiden,,,,,,,
2992,coccum #avnd+ biſſe,,,,,,,,
2993,ſie enbutten in gewiſſe 2250,,,,,,,,
2994,bed#siv+ ſæl#lde+ #avnd+ heile,,,,,,,,
2995,#avnd+ daz ſie in hulfen einteile,,,,,,,,
2996,,varbe maniger hande,,,,,,,
2997,an ir chirchgeruſte,z#svo+ dem chirch geruſte,,#fC2/25+ an ir chirgirdiſte,,,,,
2998,#f40v+ ſo ſie werches geluſte,ſo ſey wercheſ geluſte,,wanne ſi w#aer+kes gluſte,,,,,
2999,ſie baten durh die alten minne 2255,,,das ſi durch alte m#ain+ne,,,,,
3000,daz ſie ir chunſtigen ſinne,,,,,,,,
3001,zaigeten an #lde+m garwe,,,,,,,,
3002,,daz ſi des begunden,,,,,,,
3003,,ſo ſi beſte chunden,,,,,,,
3004,,,,truwen brechten inne,,,,,
3005,,,,andem ir gegerbe ,,,,,
3006,#avnd+ die manigen uarwe,,,daz ſi di manigen varbe,,,,,
3007,ſprankt#aen+ an d#siv+ bil#lde+,,,ſprengeten an di bilde,,,,,
3008,daz die lewen wil#lde+ 2260,,,daz di leuwen wilde,,,,,
3009,vnd die draken ſwebten daran,,,vnd di trachen ſwebten daran,,,,,
3010,bed#siv+ uogel #avnd+ man,,,beide uogele vnd man,,,,,
3011,d#siv+ mieſlich#siv+ merwnder,,,di manige merwund#aer+,,,,,
3012,un#lde+ allez daz chunder,,,vnd alle kund#aer+,,,,,
3013,des d#siv+ werlte pflæge 2265,,,des di werlt pflege,,,,,
3014,daz daz daran læge,,,daz dar an lege,,,,,
3015,die pfaffen ſanten #sov+h dar,die prieſter ſanden auch dâr,,di priſt#aer+e ſante er ouch dar,,,,,
3016,wol gezinnelohten hâre,wol gepurſten hâr,,wol gezinnelot har,,,,,
3017,daz ſie inze helfe ſpunnen,daz ſi den ſpvnne,,daz ſi in zuhelfe ſpunnen,,,,,
3018,ſo ſie beſte kun#lde+n 2270,,,ſo ſi beſte kunden,,,,,
3019,,z#svo+ der chirchen ge zierde v#and+ wunne,,,,,,,
3020,do wart ein ſtrit vil g#?aro+z,do wart ir ſtreit groz,,do wart ir scit uil groz,,,,,
3021,die fr#sov+en wrfen ir loz,die vrowen wurffen ir loz,,di vrouwe wurfen #du+ir loz,,,,,
3022,wa dr purper #f41r+ vnt die ſiden,welihen purper v#and+ die ſeiden ,,wa d#aer+ purp#?aur+ vnd di ſyde,,,,,
3023,uon rehte ſcholten beliben,vnder in ſolden beleiben,,ſcholt#aen+ b#zl+ibe,,,,,
3024,welhe under in gezæme 2275,,,,,,,,
3025,,ovf ſwelich daz loz quême,,,,,,,
3026,,,,welche des w#aer+t were,,,,,
3027,daz ſie daz beſte n#^æ+me,daz ſi daz beſte nême,,daz ſi daz beſte neme,,,,,
3028,den ruhen hare ſie vorhten,vnde daran worhten,,vnd darane worcht#aen+,,,,,
3029,daz ſie daran iht worhten,den rouhen har ſi vorhten,,di ruhen har ſi vorcht#aen+,,,,,
3030,des wolt ieglich magedin,,,des wolte iclich megetin,,,,,
3031,vil gerne uberk wor#lde+n ſin 2280,,,g#aer+ne uberk worden ſin,,,,,
3032,Do geviel daz loz andaz kint,#rd+o geviel daz loz ovf daz kint,,do geuil daz loz an daz kint,,,,,
3033,dannen d#siv+ guten wip ſint,von dem alle vrowen ſint,,da von alle wip ſint,,,,,
3034,geſæliget #avnd+ gesegenot,gezieret v#and+ geſegenot,,geziret vnd geſegenot,,,,,
3035,daz die ſiden grune #avnd+ rot,daz ir ſeiden gr#sve+ne v#and+ rot,,daz ſi di ſyden gr#sue+n vnd rot,,,,,
3036,in ir han#lde+n beliben 2285,in ir handen beliben,,in irn hanten bliben,,,,,
3037,alſo wolte ſie geſigen,alſo ſach m#aan+ ſei ge ſigen,,alſo wolte ſi geſigen,,,,,
3038,daz die an#lde+rn næmen den hare,,,daz di and#aer+n ſpunn#aen+ d[...] har,,,,,
3039,div vil wenigiv ſchare,daz div ander ſchar,,di uil wenige ſch[...],,,,,
3040,,m#suo+ſte ſpinnen den har,,,,,,,
3041,d#siv+ enlîe daz niht ane nit,daz beleip niht ane neit,,di enliz daz nicht ane nit,,,,,
3042,daz wart #sov+h in uerwîzzeN ſit 2290,,,,,,,,
3043,,daz ver waiz in der engel ſeit,,,,,,,
3044,,,,d#aer+ engel #du+in daz ſeit,,,,,
3045,daz ſie durh unminne,daz ſi den hein vn minne,,daz ſi durch ir minne,,,,,
3046,hiezzen ſie ir kunjginne,heten gen der kvniginne,,ſi hizen kuneginne,,,,,
3047,div uon rehten ſchulden,wan ſi von rehter ſchulde,,wanne ſi von recht#aen+ ſchulde#dn+,,,,,
3048,#?d+ waſ in gotes hul#lde+n,hete goteſ hulde,,hette gotis hulde,,,,,
3049,#avnd+ d#siv+ der eren chrone treit 2295,,,,,,,,
3050,iemer mvt#aer+ vn#lde+ meit,,,,,,,,
3051,Der engel der daz himelbrot,der engel der die ſpeiſe,,d#aer+ engel d#aer+ di ſpiſe,,,,,
3052,tæglichen ir zetiſke bot,,,,,,,,
3053,,ovz dem fronen paradeyſe,,uz dem vronen paradyſe,,,,,
3054,,ſant mareien brahte,,ſente marien brachte,,,,,
3055,do er anden ſchimpf gedahte,als er an den ſchimpf gedahte,,do er anden ſchinph gedachte,,,,,
3056,den die magede heten un#lde+r in 2300,den ſi heten vnder in,,den di megde hatten vnd#aer+ in,,,,,
3057,#lde+n ſchimpf er zeerneſt brahte,,,,,,,,
3058,er began ſchreken ir ſin,er wolte erſchrechen ir ſin,,er wolte erſchreken irn ſin,,,,,
3059,enallen gahes er erſcheine,in allen #f37r+ er erſchain,,vn allen er d#aer+ſchein,,,,,
3060,lieht als der tak gemeine,lieht als ein goltzain,,licht als d#aer+ golt ſtein,,,,,
3061,er ſprah ez iſt ein wiſſagen 2305,er ſp#ara+ch ich wil ev ſagen,,er ſprach ich wil uch wiſſage,,,,,
3062,daz ir ze ſpotte wellet haben,die ir ze neide welt haben,,daz ir zuſpotte wolt habe,,,,,
3063,ir werdet des inne,ir werdet des wol innen,,ir w#aer+det des wol innen,,,,,
3064,daz maria keiſerinne,daz ſi keiſerinne,,daz ſi zu keiſerinnen,,,,,
3065,uber aldiſe werlt weſen m#suo+z ,al d#aer+ werlde weſen m#suo+z,,ub#aer+ alle di werlt weſen m#sue+z,,,,,
3066,ſo wirt iv des tuſkens p#suo+z 2310,ſo wirt evres neideſ p#suo+z,,ſo wirt ouch uch deſgetuſches b#sue+z,,,,,
3067,ſo ir geſehet vil gereite,,,ſo geſeht ir uil gereit,,,,,
3068,die unverborgen warheite,,,di gerechten warheit,,,,,
3069,die #f41v+ fr#sov+en harte erſchrikten,,,,,,,,
3070,do ſie den engil an erblikten,,,,,,,,
3071,#avnd+ ſinen zorn erſahen 2315,,,,,,,,
3072,mit uorhten ſie iahen,,,,,,,,
3073,,do forhten #dd+Si div rache,,do vorchten ſi d#aer+ rache,,,,,
3074,,mit zuhten ſi ſp#ara+chen,,mit zuchten ſi ſprachen,,,,,
3075,ſie wolten wandeln vnd buzzen,ſi wolten ez gerne p#sue+zzen,,ſi wolten ez gerne b#sue+zen,,,,,
3076,#avnd+ butten ſih der guten zefuzzeN,v#and+ puten ſich z#svo+ ir fvezzen,,ſi buten ſich zud#aer+ kuneginne f#sue+zen,,,,,
3077,#iN+u horet liebe die ſage,#rN+v horet diſev ſage,,#iN+#rV+ horet liben diſe ſage,,,,,
3078,andem an#lde+rn tage 2320,an dem andren tage,,andem and#aer+n tage,,,,,
3079,d#siv+ kamer #lde+s waren ſ#suo+nne,,,di kamerer des ſunnen,,,,,
3080,,div vrowe der ſunnen,,,,,,,
3081,div gie zu ir brunne,gienk z#svo+ einem brunnen,,di gink zu ir brunnen,,,,,
3082,andes houes ende,an deſ houeſ ende,,an des houes ende,,,,,
3083,vnt #lde+#?swo+ch ir reine hen#lde+,do tu#suo+k ſi ir hende,,vnd twuc ire uil reine hende,,,,,
3084,do ſie ein wile da geſaz 2325,aller æren lieht vaz,,aller truwen ein licht uaz,,,,,
3085,aller tr#siv+wen liehtuaz,do ſi eine weile da geſaz,,do ſi eine wile da gewas,,,,,
3086,unt an#lde+rs niemen bi ir was,v#and+ and#aer+ nieman da waz ,,vnd and#aer+s nimant da enwas,,,,,
3087,#?z+ein engel lvter ſam daz glas,ein engel louter als ein glas,,ein engel lutter ſam ein glas,,,,,
3088,mit grozer gute beuangen,,,,,,,,
3089,#f42r+der chom zu ir gegangen 2330,der chom z#svo+ ir geſlichen,,d#aer+ kom zu ir geſlichen,,,,,
3090,#avnd+ bat ſie weſen ân leide,,,,,,,,
3091,,er bat ſey weſen ſicher,,er bat ſi weſen ſicher ,,,,,
3092,,vor aller ſlahte laide,,vor allerſlachte leide,,,,,
3093,gnade fr#sov+de #avnd+ wêide,frevde v#and+ weide,,vreude vnd weide,,,,,
3094,wolte got mit ir geb#aen+,v#and+ ewigeſ leben,,vnd daz ewige leben,,,,,
3095,#avnd+ daz ewîge leben,daz wolde got von ir geben,,daz wolte got von ir geben,,,,,
3096,aller werlte daz ſcholte ſie gl#sov+ben 2335,,,,,,,,
3097,er ſaget ir#?d+ uon #lde+n gotes t#sov+gen,,,,,,,,
3098,daz ir ſchiere chome ein lieht,,,,,,,,
3099,,,,teile vnd ſpende,,,,,
3100,,,,[...]n arm#aen+ enelenden,,,,,
3101,,,,di der tuvel hatte u#aer+raten,,,,,
3102,,er ſp#ara+ch ez m#suo+ſte chomen ein lieht,,er ſprach ez muz kum#aen+ ein licht,,,,,
3103,daz lange in#lde+r vinſter niht,daz moht in der vinſter niht,,daz enmochte h#aer+ inder vinſter nicht,,,,,
3104,mæhte ſin uerborgen,lenger ſein verborgen,,leng#aer+ ſin v#aer+borgen,,,,,
3105,ſie w#^æ+re div alle ſorgen 2340,ſi were an alle ſorge,,ſi were di alle ſorge,,,,,
3106,mit der barmunge ole,mit dem #soe+le der barmunge,,mit deme oley d#aer+ barunge,,,,,
3107,lin#lde+n begun#lde+ #avnd+ ſenften wôle,,,linderen begunde,,,,,
3108,ſie wære div die ellenden,,,,,,,,
3109,wi#lde+r h#?z+eim ſcholte ſenden,,,,,,,,
3110,zu ir rehtem uaterlande 2345,,,,,,,,
3111,danne ſie mit #lde+r ſunden bande,,,,,,,,
3112,#?k+omen uon #lde+s tieuilſ rate,,,,,,,,
3113,,lieben ir ſein rede begunde,,,,,,,
3114,do ſie aller gerniſte hæte,do ſi aller gerniſt,,do ſi aller geruſte,,,,,
3115,der re#lde+ gehoret me,,,,,,,,
3116,der engel der mit ir e 2350,,,,,,,,
3117,ſprachte #avnd+ bi ir ſtunt,,,,,,,,
3118,er uerbarg #sov+gen vnde munt,,,,,,,,
3119,ſin antlutze ioh den ſchîn,,,,,,,,
3120,alſo ſpilt er mit der kvnigin,,,,,,,,
3121,alſ man pfleit mit den kinden 2355,,,,,,,,
3122,daz ſie ſin niht chunde vinden,,,,,,,,
3123,des began ſie wn#lde+ren ſere,,,,,,,,
3124,un#lde+ iedoh des dinges mere,,,,,,,,
3125,daz er hete ir furgeleit,,,,,,,,
3126,uon der chumftigen warheit 2360,,,,,,,,
3127,,von geiſtlichem liſt,,von geiſtlichen liſten,,,,,
3128,,mit ime ge reit hête,,m#zt+ um geredet hette,,,,,
3129,,do barik er ſein gew#^æ+te,,do u#aer+warf er ſin gewete,,,,,
3130,,pede ougen v#and+ munt,,beide ougen vnd munt,,,,,
3131,,daz ſi in z#svo+ der ſelben ſtunt,,das ſi in and#aer+ ſelben ſtunt,,,,,
3132,,mohte ſehen wêder vind#aen+,,nicht [...],,,,,
3133,,#f37v+ Suſ ſpilt er mit dem kinde,,,,,,,
3134,,des nam ſey michels wunder,,,,,,,
3135,,ſi het ez gerne erfunden,,,,,,,
3136,d#siv+ re#lde+ duhte ſie zetîef,div rede douhte ſey zetief,,,,,,,
3137,ir herze dar under nien ſlîef,,,,,,,,
3138,ſie gedahte waz er meinete,,,,,,,,
3139,#avnd+ daz erz baz beſcheinete,,,,,,,,
3140,des wolte ſie in gerne biten 2365,,,,,,,,
3141,ſo er nah ſinen ſiten,,,,,,,,
3142,,ir gedanche ſchriben einen brief,,,,,,,
3143,,in des herzen tolde ,,,,,,,
3144,,ſi gedahte daz ſi wolde,,,,,,,
3145,,ze einem anderm male,,,,,,,
3146,,den liehten engel vragen,,,,,,,
3147,,ob er ſi hete ſo bechort,,[...]kort,,,,,
3148,,daz er ver læzzenliche wort,,,,,,,
3149,,z#svo+ ir geſprochen hete,,,,,,,
3150,,ſi dahte ob ſiz gelebte,,,,,,,
3151,anderſtunt zu ir kame,daz er dar widere qu#^æ+me,,daz er dar wid[...]queme,,,,,
3152,daz ſie siN ein ende uernæme,daz ſi ſein antwurtte n#^æ+me,,daz ſi ſin ein ende neme,,,,,
3153,#f42v+ #iH+ie gat ez an den erneſt,Hie get ez an einen erniſt,,#iH+ie get ez anden ernſt,,,,,
3154,nu m#suo+get ir aller gerneſt 2370,nu mvgt ir aller gerniſt,,nu mugt ir aller gernſt,,,,,
3155,mit liebe #avnd+ willigen oren,,,,,,,,
3156,,ewer h#aer+ze h#soe+hen,,uwer h#aer+cze heben,,,,,
3157,die fvzzen rede horen,die ſemften rede horen,,di ſenften rede horen,,,,,
3158,#avnd+ daz aller beſte m#^æ+re,daz aller beſte m#^æ+re,,daz aller beſ[...],,,,,
3159,daz #lde+heinem ſund#^æ+re,daz dem ſundere,,,,,,,
3160,ie wart gechundet 2375,wart ie gekvndet,,,,,,,
3161,ſit adam was uerſchundet,ſeit Adâm wart verſchundet,,,,,,,
3162,#?E+in burch he#?i+zet nazaret,Ein burk heizzet Nazareht,,,,,,,
3163,in einer gegen#lde+ ſie ſtet,in einer gegent ſi ſtet,,,,,,,
3164,d#siv+ genant iſt galilea ,div heizzet Galilea,,,,,,,
3165,unſer fr#sov+e div was da 2380,vnſer vrowe div waz da,,,,,,,
3166,aller t#suo+gende gimme,,,,,,,,
3167,,div himiliſchiv kvniginne,,,,,,,
3168,ſie hete hûs dar inne,div hæte hous da inne,,,,,,,
3169,nv was #sov+h kom#aen+ div zit,,,,,,,,
3170,daz got des viandeſ nit,,,,,,,,
3171,niken wolte an uns #f43+ armen 2385,,,,,,,,
3172,vnd ſich ſcholte erbarmen,,,,,,,,
3173,uber alle ſin #zhant+ getat,,,,,,,,
3174,do wart erwelt uon ſinem rat,,,,,,,,
3175,,do het verzurnet der reiche got,,,,,,,
3176,,vn#lde+ wolte vber der werlte not,,,,,,,
3177,,vb#aer+ vns vil armen,,,,,,,
3178,,ſich genedichlich erbarmen,,,,,,,
3179,,v#and+ die helle zeſtoren,,,,,,,
3180,,er erwelte #sov+z ſeinen choren,,,,,,,
3181,z#suo+ der fronen botſchaft,z#svo+ ſiner botſchaft,,,,,,,
3182,ein engel der die chraft 2390,einen engel d#aer+ die kraft,,,,,,,
3183,v#and+ die gnade ſiner gotheite,,,,,,,,
3184,der reinen bræhte #avnd+ furpreite ,,,,,,,,
3185,,ſein#aer+ gotheit,,,,,,,
3186,,#f38r+ z#svo+ der maget preit,,,,,,,
3187,Gabriel iſt er genant,der iſt geheizzen Gabriel,,,,,,,
3188,uon dem han wir in erkant,,,,,,,,
3189,der leuiathanes drozzen 2395,,,,,,,,
3190,mit dem cruce hat beſlozzen,,,,,,,,
3191,,die goteſ kraft chvndet er,,,,,,,
3192,do fur er froliche,er f#suo+r fr#soe+lich,,,,,,,
3193,uz dem himelriche,ovz dem himelreich,,,,,,,
3194,nider zuder er#lde+,nider z#svo+ der erden,,[...]erden,,,,,
3195,da d#siv+ gotes werde 2400,er vant die goteſ werden,,er vant di gotis w#aer+den,,,,,
3196,ſaz in einer keminaten,in einer keminate,,in einer kemenat#aen+,,,,,
3197,mit ſuzzem werche beraten,,,,,,,,
3198,,dar in gienk er drate,,darin ſo gink er drate,,,,,
3199,die chleinen ſiden ſie ſpan,vil chleine ſeiden ſi ſpan ,,di cleinen syden ſi ſpan,,,,,
3200,die ſie anme lozze gewan,die ſi an dem lozze gewan,,,,,,,
3201,do die anderen den hâre 2405,,,,,,,,
3202,muſen ſpinnen furwâre,,,,,,,,
3203,,do ander daz geſinde,,,,,,,
3204,,den har m#suo+ſe ſpinnen,,,,,,,
3205,alſo michel waſ der glaſt,Alſo michel wart der glaſt,,,,,,,
3206,den der engeliſche gaſt,den der engliſche gaſt,,,,,,,
3207,uon gotes #sov+gen brahte,von gotes augen brahte,,,,,,,
3208,daz d#siv+ maget ſih uberdahte 2410,daz div mait ſich vberdahte,,,,,,,
3209,,ir leip erchom ſo harte,,,,,,,
3210,,ſi begunde in ane warten,,,,,,,
3211,,mit vil micheler vorhte,,,,,,,
3212,#avnd+ daz werch daz ſie da worhte,daz werk daz ſi worhte,,[...] ſi da worchte,,,,,
3213,daz lie ſie uon g#?aro+zer uorhte,,,,,,,,
3214,ſlifen uz den handen,daz ſlaif ir ovz der hant ,,daz ſleich ur uz den henden,,,,,
3215,des poten ſie niht erchande,des poten ſi niht erkant,,des boten ſi nicht enkande,,,,,
3216,der ſorgen er ir gebuzte 2415,der vorhte er ir gep#suo+zte,,di vorchte er ur gebuzte,,,,,
3217,nu horet #^w+ie er ſie grûzte,nv horet wie er ſei gr#suo+zte,,nu horet wi er ſi gruzte,,,,,
3218,Aue got gruzzet dih marie,,,,,,,,
3219,d#siv+ uon allem meile #zbiſt+ frie,,,,,,,,
3220,aller gna#lde+n biſtu uol,,,,,,,,
3221,wan crhiſt uon dir kom#aen+ ſchol 2420,,,,,,,,
3222,unſer herre iſt mit dir,,,,,,,,
3223,er minnet dih daz gl#sov+be m#?d+ir,,,,,,,,
3224,,Aue Maria ,,ave marie,,,,,
3225,,die deine wambe freya,,di dine bruſte vrie,,,,,
3226,,die wil got beſitzzen,,di [...],,,,,
3227,,mit geiſtlicher hitzzen,,,,,,,
3228,,ein vollev genade dv biſt,,,,,,,
3229,,ia wil der himiliſche chriſt,,,,,,,
3230,v#and+ hat dih darzu erchorn,von dir w#aer+den geborn,,,,,,,
3231,daz er uon dir werde geborn,dar z#sve+ hat er dich erchorn,,,,,,,
3232,bi dir wil er beliben 2425,er wil bei dir beleiben ,,,,,,,
3233,geſegent#siv+ ob allen #f43v+ wiben,,,,,,,,
3234,dir niget ſwaz ſih chan uerstân,,,,,,,,
3235,,du piſt ob allen weiben,,,,,,,
3236,,geſegenet v#and+ geweihet,,,,,,,
3237,,wan dir alleſ daz neiget,,,,,,,
3238,,daz ſich kan v#aer+ſtân,,,,,,,
3239,du ſcholt ze brutbette gan,dv ſolt zebroubette gan,,,,,,,
3240,in dem himele obene,in dem himele ebene,,,,,,,
3241,des wir#lde+s tu ze lobene 2430,des wirſt dv #f38v+ zelobene,,,,,,,
3242,Div maget begun#lde+ denchen,Div maget begunde denk#aen+,,,,,,,
3243,d#siv+ ovgen ni#lde+r ſenchen,die augen nider ſenken,,,,,,,
3244,ſie nam ez in ir ahte,,,,,,,,
3245,wie daz werden mæhte,,,,,,,,
3246,#avnd+ wîe dem gruzſal w#^æ+re 2435,,,,,,,,
3247,trurik ſtunt div gew#^æ+re,,,,,,,,
3248,,ſi mohte niht betrahten ,,,,,,,
3249,,noch envollen ge ahten,,,,,,,
3250,,wie dem gr#sve+zzen mohte ſein,,,,,,,
3251,,tr#sov+rik ſt#suo+nt daz magedein,,,,,,,
3252,der engil troſt ſie aue ſa,#rD+er engel troſte ſey aber ſa,,,,,,,
3253,din ſorgen du uerla,dine ſorge du v#aer+la,,,,,,,
3254,beſte aller wibe,,,,,,,,
3255,,geſegent biſtu vor allem weibe,,,,,,,
3256,got hat in din#aem+ libe 2440,got hat in deinem leibe,,,,,,,
3257,im erwelt ein ſal,im erwelt einen ſal,,,,,,,
3258,du ſcholt #lde+r werlte ub#?aer+al,dv ſolt der werlde vber al,,,,,,,
3259,bringen einen ſun,ſchiere pringen einen ſvn ,,[...] einen ſvn,,,,,
3260,der in gna#lde+ mak getuN,der in wil genade t#suo+n,,d#aer+ ur gnade wil tvn,,,,,
3261,#f44r+ er wirt genant emanuel 2445,Er wirt gehaizzen Emanuel,,er wirt geheizen emanuel,,,,,
3262,#avnd+ der heilant iſrahel,,,,,,,,
3263,,den hein m#suo+ter gebirt nimmer me,,kein mut#aer+ gebirt nimma#er+ mer,,,,,
3264,,den heinen ſvn ſo g#suo+ten,,keinen [...],,,,,
3265,,deſ entroure niht dein gemvete,,,,,,,
3266,#iD+iv maget die vorhte uerlie,#rD+iv magt die vorhte verlie,,,,,,,
3267,einen guten m#suo+t ſie geuie,ein baldes herze ſi gevie,,,,,,,
3268,ir ſelber kivſche ſie anſach,ir ſelbes chevſche ſi an ſach,,,,,,,
3269,zedem engel ſi do ſprah 2450,zvo dem engel ſi do ſp#ara+ch,,,,,,,
3270,ia ne han ich niht betrahte,,,,,,,,
3271,,ich kan mich niht ver ſehen,,,,,,,
3272,wie daz ergen mæhte,wie daz mvge geſchehen,,,,,,,
3273,daz ich kint geb#^æ+re,daz ich kint gebêre,,,,,,,
3274,#avnd+ iedoh maget w#^æ+re,v#and+ doch maget were,,,,,,,
3275,ich #zbin+ ſo komen andiſe ſtunt 2455,ich pin chom#aen+ an diſe ſtunt,,,,,,,
3276,daz mir iſt vil unkunt,daz mir iſt vil vnch#aun+t,,,,,,,
3277,mannes liebe #avnd+ geuerte,manneſ geverte,,,,,,,
3278,mit flizze ih mih #lde+s werte,mit fleizze ich mich deſ werte,,,,,,,
3279,#avnd+ #sov+h iemer gerne t#suo+n,als ich wil immer t#suo+n,,,,,,,
3280,wanne kome mir #lde+r ſun 2460,von wev chome mir der ſvn,,,,,,,
3281,des muz mih nemen wn#lde+r,,,,,,,,
3282,ſa antwrt#aen+ begunder,,,,,,,,
3283,du ſcholt neheines zwivels pflegen,,,,,,,,
3284,,den dv mir haſt gekundet,,,,,,,
3285,,wie ſere mich des wundert,,,,,,,
3286,,#rD+er engel ire #f39r+ antwurte ,,,,,,,
3287,,du ſolt an d#aer+ geburte,,,,,,,
3288,,den heineſ zweiveſ pflegen,,,,,,,
3289,wand der himeliſke ſegen,wan der himiliſche ſegen,,,,,,,
3290,unt der vil heilige geiſt 2465,v#and+ der heilige geiſt,,,,,,,
3291,der wirt des kindes uolleiſt,wirt deſ chindes volleiſt,,,,,,,
3292,des oberiſten tugent #avnd+ maht,,,,,,,,
3293,gezæiget dir wol die ahte,,,,,,,,
3294,,die tugende oberiſte,,,,,,,
3295,,zeigent dir die liſte,,,,,,,
3296,wie im daz mugliche ſi,wie ez mvgelich ſey,,,,,,,
3297,daz er dir alſo wone bj 2470,daz er dir wone bey,,,,,,,
3298,mit ſines geiſtes t#sov+we,mit ſeines geiſtes towe ,,,,,,,
3299,beſcâtewet er dih frowe,beſchat er dich vrowe,,,,,,,
3300,#avnd+ gefurdert dih darz#suo+,v#and+ furdert dich da z#svo+,,,,,,,
3301,iz wart geordent vil fr#suo+,ez waz ovch geordent fr#suo+,,,,,,,
3302,daz ez alſo ſcholte ergan 2175,,,,,,,,
3303,e div er#lde+ begun#lde+ ſtan,,,,,,,,
3304,#avnd+ #lde+r himel ſwebende wrde,,,,,,,,
3305,,daz ez alſo werde,,,,,,,
3306,,æ himel v#and+ êrde,,,,,,,
3307,,îe geſchaffen wurde,,,,,,,
3308,ſælich iſt div burde,ſelik iſt div purde,,,,,,,
3309,#avnd+ der wcher diner bruſte,daz w#suo+cher deiner pruſt,,,,,,,
3310,wan dih ſun#lde+n nie geluſte    24SO,,,,,,,,
3311,#iA+ls div rede waſ ergangen,,,,,,,,
3312,,an aller ſvnde geluſt,,,,,,,
3313,,#rA+ls er daz wort hete gechvndet,,,,,,,
3314,div fr#sov+e wart beuangen,div vrowe wart enzundet,,,,,,,
3315,#avnd+ erzunte mit rehtem gl#sov+beN,mit rehtem gelouben,,,,,,,
3316,#f44v+ ufhub ſie div #sov+gen,ovf h#suo+b ſi die augen,,,,,,,
3317,gein der himiliſken reſte,gen der himiliſchen reſte,,,,,,,
3318,ir gedinge was ſo u#?de+ſte,ir gedinge was ſo veſte,,,,,,,
3319,ſie ſprah mit diem#suo+te,,,,,,,,
3320,got gnade mir #lde+r g#suo+te,,,,,,,,
3321,,ſi ſp#ara+ch in ir gemuete,,,,,,,
3322,,got m#sve+zze mich beh#sve+ten,,,,,,,
3323,als ich dih herre hore iehen,als ich dich herre hore iehen,,,,,,,
3324,alſo m#suo+ze mir geſchehen 2190,alſo mvezze mir geſchehen,,,,,,,
3325,,al nach deinen worten,,,,,,,
3326,,wil ich genade warten,,,,,,,
3327,du biſt ez der bote frone,dv biſt der pote frone,,,,,,,
3328,nu geb er dir daz ewige lone,nv m#sve+zze dir der lone,,,,,,,
3329,#lde+r dih zemir ſante,der dich her hat geſant,,,,,,,
3330,#avnd+ min herze erkante,dem allev herze ſint erkant,,,,,,,
3331,do ſprah #lde+r engel amen 2495,#rD+o ſprach der engel amen,,,,,,,
3332,uon des gl#sov+ben ſamen,von des gelouben ſamen,,,,,,,
3333,wart ſie zehante ſwanger,wart ſi zeſte#rt+ ſwang#aer+,,,,,,,
3334,got enſûmet ez niht langer,#f39v+ got ſoumt ez niht langer,,,,,,,
3335,ia ilter zware,,,,,,,,
3336,durh die armen ſundære 2500,,,,,,,,
3337,die menniſkeit an ſih nem#aen+,,,,,,,,
3338,do mahte im wol gecemen,,,,,,,,
3339,d#siv+ herberge alſo reine,,,,,,,,
3340,ſin m#suo+ter #avnd+ mæit al eine,,,,,,,,
3341,der #^w+ite er niht uerlie 2505,,,,,,,,
3342,do er zu der #zenge+ gie,,,,,,,,
3343,,menniſch ze werden,,,,,,,
3344,,durch vnſ ovf der erden,,,,,,,
3345,der #lde+n himel uil groz,der den himel vil groz,,,,,,,
3346,#avnd+ die werlt ie beſloz,v#and+ al die w#aer+lt beſloz,,,,,,,
3347,#lde+r ſuchte im ein chleine ſtat,,,,,,,,
3348,dar hat er ſin gecelt geſat 2510,,,,,,,,
3349,#avnd+ wart doh geminnert nîe,,,,,,,,
3350,da in d#siv+ g#suo+te enpfie,,,,,,,,
3351,ſin gewalt ſtunt ebenriche,,,,,,,,
3352,ſin magenchraft ewîcliche,,,,,,,,
3353,ioh wart d#siv+ menniſkeit 2515,,,,,,,,
3354,gehohet uon der gotheit,,,,,,,,
3355,d#siv+ gotheit ungeſwachte,,,,,,,,
3356,die menniſkeit anerlachte,,,,,,,,
3357,do got menniſke wer#lde+n ruchte,,,,,,,,
3358,durh menniſk#aen+ #lde+n er ſuchte 2520,,,,,,,,
3359,er leit an fleiſkliche brunne,,,,,,,,
3360,durh allez man#?nes+ chunne,,,,,,,,
3361,daz er nah champfes ſite,,,,,,,,
3362,mit dem viande ſtrite,,,,,,,,
3363,,der chom mit voller ære,,,,,,,
3364,,z#svo+ der magt here,,,,,,,
3365,,da mit er zaiget,,,,,,,
3366,da wart #lde+r himel ge#f45r+næiget 2525,daz der himel was geneiget,,,,,,,
3367,als unſ div ſcrift zæiget,,,,,,,,
3368,z#suo+ der erde daz ergie,,,,,,,,
3369,do in unſer fr#sov+e umbevie,,,,,,,,
3370,mit mæitweſentem libe,,,,,,,,
3371,d#siv+ #^m+e wart ze #^w+ibe 2530,,,,,,,,
3372,ſie iſt mit #lde+r er#lde+ gemeinte,,,,,,,,
3373,zu der ſih alſus uereinte,,,,,,,,
3374,#lde+r himel ioh #lde+s himels wirt,,,,,,,,
3375,ſie iſt d#siv+ ân leit gebirt,,,,,,,,
3376,der engil fr#sov+#lde+ der werlte heil 2535,,,,,,,,
3377,maget ân en#lde+ m#suo+tir ane meile,,,,,,,,
3378,,z#svo+ yrdiſcher molden,,,,,,,
3379,,daz lieht waz vnbeſcholden,,,,,,,
3380,,in di vinſter gevarn,,,,,,,
3381,,doch ſeinen ſchein chvnde er bewarn,,,,,,,
3382,#iD+er wiſſagen herre,#rD+er weiſagen meiſter,,,,,,,
3383,hat bewâret daz uon verre,,,,,,,,
3384,,bewert mit ſeinem geiſte,,,,,,,
3385,alle ſine chnehte,daz ſeine knehte,,,,,,,
3386,heten uorgeſeit rehte 2540,geprediget heten rehte,,,,,,,
3387,nu fr#sov+et ſih eſayas,Nv frevte ſich eſayas,,,,,,,
3388,der ez wilen chundent was,daz er weilen chvndinde waz,,,,,,,
3389,,der maget vnbeſprochen,,,,,,,
3390,,der himel iſt entlochen,,,,,,,
3391,,da div kvnigine,,,,,,,
3392,,nv gebivtet inne,,,,,,,
3393,ſih fr#sov+et der kunich dauit,Sich frevt der kvnek dauid,,[...]uid,,,,,
3394,der #sov+ch daz urchunde git,,,,,,,,
3395,,ſo er an ir f#suo+zzen leit,,wanne er an uren ſuze glit,,,,,
3396,daz unſ uon ſinem chunne 2545,daz von ſeinem chunne,,daz von ſime k#aun+de,,,,,
3397,bechome ſolhe #^w+nne,,,,,,,,
3398,,iſt ſolich #^æ+r gervnn#aen+,,ſulche ere iſt v#aer+numen,,,,,
3399,#?^aa+ron mit ſiner gerte,#rA+aron mit ſeiner gertte,,aaron mit ſin#aer+ gerte,,,,,
3400,der lobet wol ir geuerte,lobt wol ir gevertte,,d#aer+ lobte wol ur geu#aer+te,,,,,
3401,wand er ſie uor dûtte,,,wanne er ſi vor d#sue+te,,,,,
3402,dem hebreiſkem lîvte 2550,,,den erhaften l#sue+ten,,,,,
3403,gedeon #lde+n ſchapære furtreit,,,,,,,,
3404,#lde+n daz nahtt#sov+ uermêit,,,,,,,,
3405,wand er ir #?z+ zaichen #?f+uret,,,,,,,,
3406,div nie wart beruret,,,,,,,,
3407,Die herren #lde+r alten e 2555,,,,,,,,
3408,waren ir wnſkente me,,,,,,,,
3409,#lde+nne lebens oder libes,,,,,,,,
3410,wand ſie des eriſten wibes,,,,,,,,
3411,val ſcholt undervahen,,,,,,,,
3412,die gna#lde+ ſie uor ſahen 2560,,,,,,,,
3413,des gerten ſie ie der ſuzzen,,,,,,,,
3414,daz got ruhte gr#suo+zzen,,,,,,,,
3415,die werlte mit ir geburte,,,,,,,,
3416,#avnd+ mit #lde+s kindes geinwrte,,,,,,,,
3417,nu ſint gewert fur#f45v+ware 2565,,,,,,,,
3418,die guten #avnd+ die ſundære,,,,,,,,
3419,die guten ir chrone,,,,,,,,
3420,iene #lde+r barmunge frone,,,,,,,,
3421,wand niemen iſt ſo ſvn#lde+riche,,,,,,,,
3422,wil er buzen herzekliche 2570,,,,,,,,
3423,im ſi #sov+ch gna#lde+ beſchert,,,,,,,,
3424,daz er dem tievil wirt erwert,,,,,,,,
3425,#lde+s haben wir manek urchunde,,,,,,,,
3426,uon ſin ſelbes munde,,,,,,,,
3427,der durh unſ iſt geborn 2575,,,,,,,,
3428,daz im nieman werde uerlorn,,,,,,,,
3429,niewan #lde+r da miſſetr#suo+wet,,,,,,,,
3430,#avnd+ den ſin ſchulde niht ger#siv+wet,,,,,,,,
3431,daz iſt d#siv+ fr#sov+de gemeine,,,,,,,,
3432,die unſ brahte d#siv+ maget reine 2580,,,,,,,,
3433,#iS+wer uon der g#suo+ten ſprechen wolte,,,,,,,,
3434,vil ſinnes er haben ſcholte,,,,,,,,
3435,dazu tugent #avnd+ gute,,,,,,,,
3436,daz er mit reinem gemute,,,,,,,,
3437,ir lop mæhte geuahen 25S5,,,,,,,,
3438,daz iſt mir leider unnahen,,,,,,,,
3439,durh min ſuntliche burde,,,,,,,,
3440,doh gedinge ich daz got wrde,,,,,,,,
3441,menniſke dvrh die armen,,,,,,,,
3442,#avnd+ der da wolte erwarmen 2690,,,,,,,,
3443,uf mægetlicher bruſte,,,,,,,,
3444,ein ſundarinne d#siv+ chuſte,,,,,,,,
3445,d#siv+ t#?swo+ch d#siv+ trukent im ſin f#suo+zze,,,,,,,,
3446,#avnd+ geſteich zu ſinem gruzze,,,,,,,,
3447,ioh daz ſie gewan ſin hulde 2595,,,,,,,,
3448,ſus wart d#siv+ ſchuldige âne ſchul#lde+,,,,,,,,
3449,#avnd+ div ſwarce wol getân,,,,,,,,
3450,des dinge #sov+ch ih ſun#lde+r wân,,,,,,,,
3451,ſo uerre daz ich ernenne,,,,,,,,
3452,zeſprechen etewenne 2600,,,,,,,,
3453,uber mich uon #lde+r heren,,,,,,,,
3454,d#siv+ kunigin iſt #lde+r eren,,,,,,,,
3455,doh erfurhte ihz ſo ſere,,,,,,,,
3456,daz ich die re#lde+ abchere,,,,,,,,
3457,#avnd+ wende #f46r+ des herzen #sov+gen 2605,,,,,,,,
3458,ioh #?mîn+ ahte uon #lde+n t#sov+gen,,,,,,,,
3459,von dem riche von #lde+r her#?s+chefte,,,,,,,,
3460,uon der ſ#suo+zze von der trutſchefte,,,,,,,,
3461,der #?m+uter mit dem kin#lde+,,,,,,,,
3462,welh der hof iſt welh geſinde 2610,,,,,,,,
3463,welh ir werdikeit ane ende,,,,,,,,
3464,ſwenſo got dazu ſende,,,,,,,,
3465,der ſcribe daz ober mege,,,,,,,,
3466,ez iſt harte uz mînem wege,,,,,,,,
3467,wand ir lob iſt ſo ahtich 2615,,,,,,,,
3468,ir gnade alſo mahtich,,,,,,,,
3469,daz ſie girdekliche anſehent,,,,,,,,
3470,die engel #avnd+ ir iehent,,,,,,,,
3471,iemer ze keiſerinne,,,,,,,,
3472,nu helfe ſie unſ durh di minne 2620,,,,,,,,
3473,di got ſelbe zu ir hat,,,,,,,,
3474,und durh den gnadigen rat,,,,,,,,
3475,den er #lde+n werlte hab getan,,,,,,,,
3476,daz wir die ſunde werden âne,,,,,,,,
3477,,Nv giht der kvnik #rI+eſſe,,nu ſprichet d#aer+ kvnik yeſſe,,,,,
3478,,der magt weiz alſam der ſne,,di maget wiz als d#aer+ ſne,,,,,
3479,,daz von ſeinem geſlehte,,daz von ſime geſlechte,,,,,
3480,,niht pezzers chomen mohte,,nicht bezers kvm#aen+ [...],,,,,
3481,,ſein lamp vel zaigte #rG+edeon ,,,,,,,
3482,,daz deſter pezzer ſei ſein lon,,#?[...] ſin lon+,,,,,
3483,,,,#?vor[...]+,,,,,
3484,,,,[...] megetin,,,,,
3485,,wie ſi alle zwene dringent,,wi ſi alle zu dringen,,,,,
3486,,die langen briefe si,,di dilangen brife bringen,,,,,
3487,,#f40r+ die ſi ſelbe tihtent,,di ſi von ur tichten,,,,,
3488,,nv iſt chomen z#svo+ der ſlihten,,,,,,,
3489,,,,nv iſt kum#aen+ zu geſichte,,,,,
3490,,daz ſi hie bevore ſchriben,,daz ſi biwilen frumelich ſcriben,,,,,
3491,,nv ſint ſi beliben,,,,,,,
3492,,,,nu ſehent ſi ſi ane digen,,,,,
3493,,an engliſcher ſchare,,alle engeliſſche ſchar,,,,,
3494,,vnde vingerzaigent dare,,nv ving#aer+zeigent ſi dar,,,,,
3495,,#rD+ie #dp+magede hab#aen+t ſich an ſey,,#iD+#rI+ meide huben ſich anſi,,,,,
3496,,die ſei minten hie,,di ſi meinete,,,,,
3497,,ſant #rM+argrete,,ſant margarete,,,,,
3498,,v#and+ alle die ir heten,,vnd alle di ur hetten,,,,,
3499,,denhein#aen+ dienſt erboten,,kein dinſt erboten,,,,,
3500,,die ſint nv ge æret von goten,,di ſint nu geert von gote,,,,,
3501,,wie michel menige mit ir gât,,wie himel menige mit ur gat,,,,,
3502,,ſwa ſi ſitzzet oder ſtât,,wo ſi ſitzet od#aer+ ſtat,,,,,
3503,,in dem himelreiche,,indem himelriche,,,,,
3504,,ſi lobent ſey alle geleiche,,ſi loben ſi alle gliche,,,,,
3505,,vor ir iſt der engel wunne,,,,,,,
3506,,mere dan îeman ſag#aen+ chunne,,,,,,,
3507,,,,d#aer+i diet uz aller zvngen ,,,,,
3508,,,,[...]bent di huſgenozen,,,,,
3509,,,,mandunge groze,,,,,
3510,,#rD+a flivzzet zinamon,,da fluzet cy#dm+namome,,,,,
3511,,#rB+alſam#aus+ da ſmeket ſchon,,balſamus ſmeket ſchone,,,,,
3512,,v#ann+der den geſellen ſnelle,,vnd#aer+ allen den geſellen,,,,,
3513,,ir ſank ist eben v#and+ helle,,,,,,,
3514,,,,ur gesallt iſt ob in allen,,,,,
3515,,#rN+v wil ich der geſweigen,,nv wil ich d#aer+ geſwigen,,,,,
3516,,die von diſem leibe,,di zu diſme liben,,,,,
3517,,mit eren ſint ge ſundert,,mit eren ſint geſ[...]dert,,,,,
3518,,wan mich niht enwundert,,wanne mich des nicht enwundert,,,,,
3519,,daz ſi die vrowen g#aer+ne ſêhen,,daz ſi di [...],,,,,
3520,,v#and+ ir ze keiſerinne îehen,,,,,,,
3521,ia ligen wir in#lde+r not 2625,wir arme ligen ind#aer+ not,,,,,,,
3522,#avnd+ enwizzen wenne uns #lde+r tot,v#and+ wizzen niht wan vnſ d#aer+ tot,,vn[...] enwizen wanne vns d#aer+ tot,,,,,
3523,begrifet ungewarnet,begreifet vngewarnet,,begrifet vngewarnet,,,,,
3524,div ſele danne garnet,div ſele vil lange arnet,,di ſele ez danne gearnet,,,,,
3525,ſwaz der lip ie gefrumet,ſwaz der leip hat gefrvmet,,waz d#aer+ licham hat gefrumet,,,,,
3526,ſælich der wol chumet 2630,,,,,,,,
3527,uf daz tæidinch ſwâre,,,,,,,,
3528,daz er die uogetinne mære,,,,,,,,
3529,mit dieneſt erworben hat,,,,,,,,
3530,des mak da werden rat,,,,,,,,
3531,,hey wie vbel vns daz chvmet,,we wi ubele vns daz bekumet,,,,,
3532,,daz wir ir dienen ſo ſelten,,daz wir vn dinen ſelten ,,,,,
3533,,de#zs+ m#sve+zze wir enkelten,,des muzen wir enkelten,,,,,
3534,,#rN+v bite wir den gotes ſâl,,nu bitet di gotis bruch vnd den ſal,,,,,
3535,,gemeinlichen vber al,,,,,,,
3536,,daz ſi vns bedenke,,,,,,,
3537,,,,daz ſi da ture gruzſal,,,,,
3538,,,,des engels an vns bedenke,,,,,
3539,,ſwa wir an ir wenchen,,vnd wa wir gewenken,,,,,
3540,,#f40v+ daz ſi v#aer+chieſe den zorn,,daz ſi u#aer+kiſe den zorn,,,,,
3541,,ia were er ſelichlich geborn,,io w#aer+n ſi ſelig geborn,,,,,
3542,,der ovz dez h#aer+zen tieffe,,di uz irs h#aer+czen tife,,,,,
3543,,an ir genade rieffe,,uf ur gnade rifen,,,,,
3544,,#rN+v flege wir die die getriwen,,nv ulehen wir di getruwen,,,,,
3545,,daz ſi vns m#sve+zze enriwen,,daz ſi vns nu v#aer+nuwe,,,,,
3546,,von hauphaftiger ſvnde,,von allen houbetſunden,,,,,
3547,,v#and+ #sov+z dem abgrunde,,vnd [...],,,,,
3548,,erledige alle ſele,,,,,,,
3549,,durch ir ſvnes #^æ+re,,,,,,,
3550,#iI+ch muz dir ſagen mere 2635,#rI+ch m#svo+z dir ſagen m#^æ+re,,,,,,,
3551,ſprah #lde+r engil here,ſp#ara+ch der engel here,,,,,,,
3552,ein chreftigez z#^æ+ichen,ein chreftiges zeichen,,,,,,,
3553,daz din herze ſchol weichen,daz m#suo+z dein herze waichen,,,,,,,
3554,ze bezzerunge cheren,,,,,,,,
3555,d#siv+ gotes t#sov+gen leren,,,,,,,,
3556,din niſtel elyſabet,Deiner niftel dink #rE+lizabet,,,,,,,
3557,ir d#ain+ch frolichen ſtet,,,,,,,,
3558,nah wnſke #avnd+ gereite,,,[...] vnd gereite,,,,,
3559,,wie genedichlich daz ſtêt,,,,,,,
3560,,ich ſage dir berait,,,,,,,
3561,do ſie in ir kintheite,ſwie ſi in ir kintheit,,do ſi in ir kintheite,,,,,
3562,nehein wcher gebar,den hein w#?suo+cher nie gebar,,keinen wucher gebar,,,,,
3563,untze ſie uerwarte gar,v#and+ ſi hat v#aer+zweifelt gar,,vnz daz ſi gezwiuelte gar,,,,,
3564,#avnd+ in daz alter getrat,,,,,,,,
3565,nu #?hat+ ſie an der gnaden ſtat,,,,,,,,
3566,got ſelbe geſetzet,,,,,,,,
3567,#?avnd+ #?ir+ leides ergetzet 2650,,,,,,,,
3568,,,,vnd ouch uor ald#aer+ bidemt,,,,,
3569,,,,nu iſt ur bruſt gewihet,,,,,
3570,wol iſt ez ir ergangen,doch iſt ir lieb ergangen,,ez iſt ur libe ergangen,,,,,
3571,ſie iſt mit kin#lde+ beuangen,,,,,,,,
3572,,ſi hat ein kint enpfangen,,,,,,,
3573,,,,di vrouwe iſt kindes ſwanger,,,,,
3574,d#siv+ alte g#?e+t nu perhaft,v#and+ iſt worden perhaft,,vnd iſt nv worden berhaft,,,,,
3575,ſo groz iſt div gotes c#zh+raft,ia maht dv auch die goteſ kraft,,ia maht ouch du di gotis kraft,,,,,
3576,die mahtv ſch#sov+en deſte baz  2655,an ir ſchowen deſter baz,,,,,,,
3577,muglich iſt ime allez daz,mvgeleich iſt im alles daz,,,,,,,
3578,daz er gebivte #avnd+ wil,daz er gebivtet v#and+ wil,,[...]az er geb[...]t [...],,,,,
3579,er tut #avnd+ zeiget wn#lde+rs vil,er t#suo+t vnde ſchaffet vil,,er bezeiget [...],,,,,
3580,nu iſt #lde+r ſehſte manot,Nv iſt der ſehſte manod,,iſt di ſechſte manot,,,,,
3581,daz ſine zeſwe daz gebot 2660,daz ſein zeſewe daz gebot,,daz ſin zeſwe daz gebot,,,,,
3582,daz div trurige wr#lde+ getroeſte,,,,,,,,
3583,d#siv+ betwngen beloeſte,,,,,,,,
3584,d#siv+ durre #zwol+ geſegente,,,,,,,,
3585,ſo hat er ſin gebe geregente,,,,,,,,
3586,wand er von gwalte lihet 2665,,,,,,,,
3587,#lde+s #sov+h diu nature uerzihet,,,,,,,,
3588,,daz ir altev wambe,,daz di alte wamme,,,,,
3589,,einen vorboten dem lambe,,einen #zvor+boten ſime lamme,,,,,
3590,,m#suo+ſte gewinnen,,muze gewinnen,,,,,
3591,,d#aer+ im kvnde die minnen,,,,,,,
3592,,,,d#aer+ vnkundet vinden,,,,,
3593,,#rD+iv durre iſt worden fevhte,,di durre iſt worden wchte,,,,,
3594,,div w#sue+ſte iſt worden levhte,,,,,,,
3595,,,,ſin gnade witen luchte,,,,,
3596,,nahen v#and+ verren,,witen vnd u#aer+ren,,,,,
3597,,von chnehte v#and+ von herren,,,,,,,
3598,,,,er iſt meiſt#aer+ aller herren,,,,,
3599,#iD+o d#siv+ himiliſke maget,#iD+o div himiliſche maget,,#iD+#rO+ di himeliſſche maget,,,,,
3600,alſ uns lucas ſaget,als vns #f41r+ Lvcas hat geſaget,,als vns lucas ſaget,,,,,
3601,geſmachte #avnd+ bechorte,geſmakt v#and+ gechorte,,geſmacte vnd bekorte,,,,,
3602,uon gabrielis worte 2670,von #rG+abrieleſ worte,,von gabrielis worte,,,,,
3603,der oberiſten ſ#suo+zze,der oberiſten ſ#sve+zze,,d#aer+ oberſten ſuze,,,,,
3604,ſie gedaht daz ſie mit gr#suo+zze,ſi gedahte daz ſi gr#sve+zzen,,do gedachte ſi an daz gruzen,,,,,
3605,ir niftel ſehen ſcholte,,,,,,,,
3606,,#rE+lyzabeth wolde,,daz elyzabethen ſcholte,,,,,
3607,#avnd+ ſich des fr#sov+en wolte,v#and+ ſich des frewen wolde,,vnd ſich des ureuwen wolte,,,,,
3608,daz ir ſo wol gelunge 2675,daz ire wole was gelungen,,das ur ſo was gelungen,,,,,
3609,an#lde+r gotes barmunge,von goteſ barmvng#aen+,,an d#aer+ gotis barm#aun+ge,,,,,
3610,daz #sov+h ſie m#suo+ter ſcholte weſen,daz ſi muoter ſolde weſen,,daz ſi [...],,,,,
3611,vnt kindes geneſen,v#and+ eineſ kindes geneſen,,,,,,,
3612,div alte #avnd+ diu ſpæte,,,,,,,,
3613,d#siv+ ſin uerzwiuelt hæte 2680,,,,,,,,
3614,do hub ſich uon heime,,,,,,,,
3615,d#siv+ edel #avnd+ div reine,,,,,,,,
3616,,ſi eilte vil gewiſſe,,,,,,,
3617,,da ſi ir niftel weſſe,,,,,,,
3618,gêin dem berge da ſi ſaz,#sov+f einem berge ſi ſaz,,,,,,,
3619,unarbeitſam duhte ſie daz,,,,,,,,
3620,,vnſer vrowe wolte vme daz,,,,,,,
3621,,ire vart niht lazzen,,,,,,,
3622,uber die ſteinherten ſtrazze 2685,die vil ſcharffen ſtrazzen,,,,,,,
3623,ir gûte cham ez cemâzze,,,,,,,,
3624,daz ſie die lieben ſæhe,,,,,,,,
3625,vn#lde+ mit ir got uerîæhe,,,,,,,,
3626,siner wndere #f47r+ diu ſo riche,,,,,,,,
3627,ſo groz ſint unt ſo troſtliche 2690,,,,,,,,
3628,alſ ſie ir ni#?f+teln do geſah,,,,,,,,
3629,grozer fr#sov+de nîe geſcah,,,,,,,,
3630,fr#sov+en eliſabete,,,,,,,,
3631,#lde+nne ſie an #lde+r ſtun#lde+ hete,,,,,,,,
3632,,v#and+ die vil herten ſtaine,,,,,,,
3633,,die mohten div vil reine,,,,,,,
3634,,den heinen weiſ erwenden,,,,,,,
3635,,vnz ſi an des perges enden,,#fC2/2+ an des berges ende,,,,,
3636,,ir niftel beſprach,,ur niftelen ſi beſprach,,,,,
3637,,do ſi erſt an geſach,,do ſu ſi zu dem erſten anſach,,,,,
3638,ſie kuſten ſih mit triwen 2695,ſi gr#suo+zte ſei mit triwe,,ſi gruzte ſi mit truwen,,,,,
3639,#avnd+ begunden itenîwen,,,,,,,,
3640,d#siv+ ſeltſænen mære,,,,,,,,
3641,waz gnaden an in w#^æ+re,,,,,,,,
3642,beidenthalp ergangen,,,,,,,,
3643,do wr#lde+n #sov+h enpfangen 2700,,,,,,,,
3644,mit liebe ſtæter minne,,,,,,,,
3645,die geuerten #lde+r kuniginne,,,,,,,,
3646,,ſelzene v#and+ niwe,,ſeltſene vnd ittenuwe,,,,,
3647,,wurden ir div m#^æ+re,,wurden di mere,,,,,
3648,,,,die da geſchehen waren,,,,,
3649,,div ſp#ara+ch div ſeldenbere,,,,,,,
3650,,Si kuſte die houſvrowen,,#?mit lachend#aen++,,,,,
3651,,mit lachinden ovgen,,#?ſi kuſte di huſurouwen+,,,,,
3652,,v#and+ mit louter minne,,[...]#aer+l[...]h[...],,,,,
3653,,die mit der kvniginne,,di mit d#aer+ kuneg#ain+ne,,,,,
3654,,waren dar gegangen,,,,,,,
3655,,die wurden auch wol enpfangen,,,,,,,
3656,#iE+Lisabeth diu gute,#rE+lyzabeth div g#suo+te,,#iE+#rL+izabeth di guote,,,,,
3657,erkant in ir gem#suo+te,erkante in ir m#svo+te,,di erkante in irm gemute,,,,,
3658,#f47v+daz da fur ir #sov+gen 2705,,,,,,,,
3659,uon den gotes t#sov+gen,von den goteſ tougen,,uon d#aer+ gotis tougen,,,,,
3660,div chriſtes muter mære,,,,,,,,
3661,#avnd+ des himels brut komen w#^æ+re ,,,,,,,,
3662,daz enſæit ir menniſken zunge,,,,,,,,
3663,wan d#siv+ gotes ſtunge 2710,,,,,,,,
3664,,daz al der werlde vrowe,,daz aller d#aer+werlde vrouwe,,,,,
3665,,ir zehovs waz bechomen,,ur zuhofe was kumen,,,,,
3666,,ſi het ez #^æ+ niht vernomen,,ſi enhet ez e nie v#aer+#?o+m#aen+,,,,,
3667,,von menniſcher zvngen,,von menſchlich#aer+ zungen,,,,,
3668,,der ſi wolde ſtungen,,d#aer+ ſi da wolte ſtungen,,,,,
3669,kun#lde+ ſie wol geleren,d#aer+ kvnde ſei wol geleren,,d#aer+ konde ſi wol gelere,,,,,
3670,uon den chumftigen eren,die kvnftigen #f41v+ ere,,di kunftigen ere,,,,,
3671,daz was #lde+r heilig geiſt,daz was d#aer+ heilige geiſt,,daz was d#aer+ heilige geiſt,,,,,
3672,rehter dinge uolleiſt,reht#aer+ dinge volleiſt,,recht#aer+ dinge uolleiſt,,,,,
3673,#lde+r alle gnade chundet 2715,,,d#aer+ alle vreude kundet,,,,,
3674,der hete #sov+h ſie enzundet,,,d#aer+ het ſi ouch enzundet,,,,,
3675,ſa wart ſie wiſheite uol,ſi wart weiſſage vol,,zuhant wart ſi wiſſagens uol,,,,,
3676,#avnd+ began reden ſo wol,ſi rette ſchone v#and+ wol,,ſi rette ſchone vnd wol,,,,,
3677,uon #lde+r muter ioh #lde+m kinde,,,,,,,,
3678,der allez himels geſinde 2720,,,,,,,,
3679,rihtet #avnd+ wiſet,,,,,,,,
3680,ſie wart uon ir gepriſet,,,,,,,,
3681,hoher denne ie wibes name,,,,,,,,
3682,geſtige alſ iz ir gezâme,,,,,,,,
3683,ſie rîef mit lûterre ſtimme 2725,,,,,,,,
3684,owi aller fr#sov+en gimme,,,,,,,,
3685,wa han ich geuor#lde+rt die ere,,,,,,,,
3686,,mit ſant mareien,,mit ſante marien,,,,,
3687,,der edilen v#and+ d#aer+ freien,,,,,,,
3688,,,,di vor allen wiben,,,,,
3689,,,,den ſegen muz horen,,,,,
3690,,,,den nimant mak v#aer+ſt[...],,,,,
3691,,ſi ſp#ara+ch cum magna uoce,,,,,,,
3692,des m#suo+z mih wndern ſere,mich m#svo+z wundren immer me,,,,,,,
3693,wie ich des wirdich wrde,wan ich des wirdik wurde,,,,,,,
3694,daz du mit ſolher burde 2730,daz du mit ſolher purde,,,,,,,
3695,mir zehuſe komen biſt,mir ze houſe chomen piſt,,,,,,,
3696,du treiſt den gnædigen chriſt,dv treiſt den heiligen chriſt,,,,,,,
3697,meît m#suo+ter unſer#?s+ herren,m#suo+t#aer+ vnſers herren,,,,,,,
3698,waz mak mir n#suo+ gewerren,was mak mir nv ge werren,,,,,,,
3699,ſit dv mih haſt beſch#sov+et 2735,nv dv mich haſt beſchowet,,,,,,,
3700,wan uon dir wir#zt+ gefr#sov+et,von dir wirt gefrewet,,,,,,,
3701,allez adames geſlæhte,#rA+dâmes geſlehte,,,,,,,
3702,nu ſcholt ich dir ob ich mæhte,,,,,,,,
3703,uon rehten ſchul#lde+n dienen,,,,,,,,
3704,des gun#lde+ ich fur mich nieme#?N+ 2740,,,,,,,,
3705,,v#and+ ob ich dir nv rehte,,,,,,,
3706,,mohte gedienen,,,,,,,
3707,,und dich wol gelieben,,,,,,,
3708,,daz têt ich von herzen gier,,,,,,,
3709,,nieman ſo willeclich ſo dier,,,,,,,
3710,#iE+Liſabeth div alte,#rE+lizabeth div alte,,,,,,,
3711,nu horet waz ſie zalte,nv h#soe+rt waz ſi zalte,,,,,,,
3712,wie der gotes atem,wie der goteſ âtem,,,,,,,
3713,ſie hete berateN,hete ſey berâten,,,,,,,
3714,#f47r+ der d#siv+ broden herze erchert 2745,,,,,,,,
3715,div ſin gna#lde+ durh uert,,,,,,,,
3716,er uerdult#&+ v#ain+ſter nehein,,,,,,,,
3717,want ſwa er ie erſchein,,,,,,,,
3718,da heten #sov+rlovp die ſun#lde+,,,,,,,,
3719,#avnd+ entwichen ander ſtunde 2750,,,,,,,,
3720,in flivhet elliv achuſt,,,,,,,,
3721,werltliche liebe ſuntlich#siv+ gluſt,,,,,,,,
3722,der ſælig den er beſitzet,,,,,,,,
3723,iſt ſa gelerte ſa gewitzet,,,,,,,,
3724,ze guter ſtæte ze ſtæter g#suo+te 2755,,,,,,,,
3725,er git reinez gemute,,,,,,,,
3726,todes vorhte gotes minne,,,,,,,,
3727,rehtes gir#lde+ rehte ſinne,,,,,,,,
3728,der geiſt alſo here,,,,,,,,
3729,hiez die fr#sov+en mere 2760,,,,,,,,
3730,ſprechen wi#lde+r die mæit,,,,,,,,
3731,uon #lde+r ſuzzen warheit,,,,,,,,
3732,ſie ſprah ir lieplichen z#suo+,ſi ſp#ara+ch ſant mareien z#svo+,,,,,,,
3733,min ſûn ſpilt al zefru,min lieber ſun ſpilt harte fr#suo+,,,,,,,
3734,an min#aen+ bruſten zware 2765,,,,,,,,
3735,er iſt fro #avnd+ fr#sov+denbære,,,,,,,,
3736,ſit wir zeſamen komen ſin,,,,,,,,
3737,#avnd+ du mir #lde+n gruzſal din,,,,,,,,
3738,ruchſte erbieten kuniginne,,,,,,,,
3739,ſit bin ich wor#lde+n inne 2770,,,,,,,,
3740,daz ſih daz kint ruret,,,,,,,,
3741,#avnd+ez d#siv+ liebe umbefuret,,,,,,,,
3742,gegen diner werdikeit,,,,,,,,
3743,des hat in div gotes wiſheit,,,,,,,,
3744,bewiſte ſwie er din nîen ſihet 2775,,,,,,,,
3745,der herſchefte er doh gihet,,,,,,,,
3746,d#siv+ dir zeteile iſt getan,,,,,,,,
3747,alſ #sov+h ich des mich enſtan,,,,,,,,
3748,,in deſ leibes kamere,,,,,,,
3749,,ſeit wir hie ze ſamene,,,,,,,
3750,,ſein chomen ane neit,,,,,,,
3751,,daz kint iſt immer ſeit,,,,,,,
3752,,mit frevden bevangen,,,,,,,
3753,,mohte er her ovz gelangen,,,,,,,
3754,,er enpfienge dich kvniginne,,,,,,,
3755,,grozzer ſint ſeine ſinne,,,,,,,
3756,,danne ſein leip ſey,,,,,,,
3757,,der heilige geiſt wont im bey,,,,,,,
3758,,ſwie er bei min#aen+ rippen,,,,,,,
3759,,bowe die engen krippen,,,,,,,
3760,er erch#aen+net wol #lde+n heilant,er erchennet #f42r+ wol den heilant ,,,,,,,
3761,der dih des wirdige vant 2780,d#aer+ dich des wirdek vant,,,,,,,
3762,daz du eine ſcholteſ ſin,daz dv eine ſoldeſt ſein,,,,,,,
3763,muter vn#lde+ magedin,m#suo+t#aer+ v#and+ magedein,,,,,,,
3764,daz zeiget er mit dem ſpile,,,,,,,,
3765,des im d#siv+ nature nîen wil,,,,,,,,
3766,uerhengen mit #lde+r ſtimme 2785,,,,,,,,
3767,daz tut er #f48v+ dir ze minne,,,,,,,,
3768,,den leip er allen r#sue+ret,,,,,,,
3769,,div frev#lde+ in vmbef#sue+ret,,,,,,,
3770,,moht er den mvnt erheben,,,,,,,
3771,,v#and+ dir rede gegeben,,,,,,,
3772,,dv vern#^æ+meſt an ſein#aer+ ſtimme,,,,,,,
3773,,wie er dich hat in ſinne,,,,,,,
3774,,v#and+ den hailant m#^æ+re,,,,,,,
3775,,ſeinen ſchepfêre,,,,,,,
3776,#iD+az waſ ſante iohannes,#rD+az was ſant Io#ahanne+s,,,,,,,
3777,ungeborner uerſtunt er ſih #lde+s,,,,,,,,
3778,,in dem bovch freut er ſich deſ,,,,,,,
3779,bi ſiner muter herzen,bei ſeiner m#suo+ter herze,,,,,,,
3780,daz uon dem tivren mercen 2790,daz von dem tevren merze,,,,,,,
3781,die ſundære #avnd+ die notigen,,,,,,,,
3782,#lde+m tieuel ſcholten angeſigen,,,,,,,,
3783,#avnd+ daz d#siv+ mæget komen was,,,,,,,,
3784,d#siv+ des kindes ſit gnaſ,,,,,,,,
3785,den nie ſunde betwanch 2795,,,,,,,,
3786,#avnd+ an dem #lde+r gotes gedanch,,,,,,,,
3787,ioh ſin gute ruwen wolte,,,,,,,,
3788,#avnd+ der ein blume ſin ſcholte,,,,,,,,
3789,da aller geiſte beſte,,,,,,,,
3790,inne hete reſte 2800,,,,,,,,
3791,,die waiſen ovf der erden,,,,,,,
3792,,gefrevt ſolden werden,,,,,,,
3793,do #lde+r gotes t#sov+fære,do d#aer+ goteſ toufer,,,,,,,
3794,#avnd+ ſin uorbot mære,,,,,,,,
3795,,der vor laufer,,,,,,,
3796,,die bruſt het genom#aen+,,,,,,,
3797,waſ ce ſinen iaren kom#aen+,#rv+#and+ ze ſeinen iaren chomen,,,,,,,
3798,alſ wirz han uernomen,,,,,,,,
3799,er zæigete an den heilant 2805,er weſet ovf den hailant,,,,,,,
3800,den uns got vater ſante,,,,,,,,
3801,,mit dem vinger v#and+ mit der hant,,,,,,,
3802,daz er mit ſinem troſte,daz er mit ſeinem troſte ,,,,,,,
3803,die christenheit erloſte,die chriſtenheit erloſte,,,,,,,
3804,#avnd+ daz er meil nie gewan,,,,,,,,
3805,alſ er in do t#sov+fen began 2810,,,,,,,,
3806,der himel ſih ob im uftet,,,,,,,,
3807,im ze eren da ze ſtet,,,,,,,,
3808,ein tube here #^v+f im erſchêine,,,,,,,,
3809,#lde+r nie glich wart dehêine,,,,,,,,
3810,,daz daz lamp an alle maine,,,,,,,
3811,,ſein fleiſch v#and+ ſein gepaine,,,,,,,
3812,,an daz chrevze wolte legen,,,,,,,
3813,,v#and+ allen ſunderen wegen,,,,,,,
3814,,dar nach chom der weiſſage,,,,,,,
3815,,z#svo+ dem hailigen pade,,,,,,,
3816,,da er den herren tovfte,,,,,,,
3817,,den Ivdas ver choufte,,,,,,,
3818,,do wart der himel #sov+f getân,,,,,,,
3819,,ein toube ſo luſſam,,,,,,,
3820,die ſah er ob im ſweben 2815,die ſach er fliegen v#and+ ſweben,,,,,,,
3821,#avnd+ horte got urkunde geben,v#and+ horte ſey vrkunde geben,,,,,,,
3822,ſen#lde+ marien k#ain+de,ſant marien kinde ,,,,,,,
3823,daz er der ſi daman vin#lde+,,,,,,,,
3824,gnade d#siv+ niem#?daen+er zegat,,,,,,,,
3825,#avnd+ des riche ane en#lde+ ſtat 2820,,,,,,,,
3826,,daz wir ſulen vinden,,,,,,,
3827,,in fr#soe+lichen genaden,,,,,,,
3828,,#f42v+ da wir ſein z#svo+ geladen,,,,,,,
3829,Ich en wil an diſen ſtun#lde+n,#rI+ch wil an diſen ſtunden,,,,,,,
3830,niht gantzlichen chun#lde+n,niht vollechlichen kunden,,,,,,,
3831,ſænt iohanniſ ere,ſant Iohannes ere,,,,,,,
3832,untze ich daz liet furchere,,,,,,,,
3833,in unſer fr#sov+en minne 2825,,,,,,,,
3834,ir zelobe mir ze gwînne,,,,,,,,
3835,,ich furhte ich verchere,,,,,,,
3836,,daz liet von vnſer vrowen,,,,,,,
3837,,div ger#suo+ch ane ſchowen,,,,,,,
3838,,vnſer pet v#and+ vnſer digen,,,,,,,
3839,,v#and+ helf vnſ daz wir an geſigen,,,,,,,
3840,,des argen tiefels vnden,,,,,,,
3841,,vnde allen vnſren ſvnden #rAmen+,,,,,,,
3842,,,,[...] tuvel angeſigen,,,,,
3843,,,,vnd v#aon+ des meres wage,,,,,
3844,,,,zu deme beſten muzen gahen,,,,,
3845,#f49r+ #iD+az ander lieth hat ende,#iD+az eine liet hat ende,,#iD+#ra+[...]#aer+ [...],,,,,
3846,an daz dritte ich wende,,,,,,,,
3847,min ſînne #avnd+ min zûnge,,,,,,,,
3848,allen den #zze+ bezzerunge 2830,,,,,,,,
3849,die unſer fr#sov+en minnent,,,,,,,,
3850,#avnd+ ir gnaden ſinnent,,,,,,,,
3851,n#suo+ wizzet daz ich iv beſchei#lde+,,,,,,,,
3852,waz der kuniginne zelei#lde+,,,,,,,,
3853,,nv ſol an miſſewende,,[...]h [...]iſſe[...]nde,,,,,
3854,,daz ander werden geſaget,,,,,,,
3855,,von der div ovf habet,,,,,,,
3856,,die ſvnder in ir h#suo+te,,,,,,,
3857,,mit m#sve+terlicher g#suo+te,,,,,,,
3858,,Nu wil ich ev beſchaiden,,,,,,,
3859,,waz ir die iuden zelaide,,,,,,,
3860,gefrvmte #avnd+ gerîet 2835,frumten v#and+ rieten,,,,,,,
3861,d#siv+ ubel ivdiſkiv diet,,,,,,,,
3862,,von der ver worhten diete,,,,,,,
3863,ſie leit itwize vil,ſo lait ſi iteweizze vil,,,,,,,
3864,die warheit ich dauon wil,die warhait ich da von wil,,,,,,,
3865,chunden #avnd+ mæren,kvnden v#and+ m#^æ+ren,,,,,,,
3866,vn#lde+ mit den heiligen bew#^æ+ren 2840,v#and+ mit der ſchrift bew#^æ+ren,,,,,,,
3867,ih ſage iv wie ſie christ gebar,,,,,,,,
3868,,wir ſagen ev von d#aer+ weile,,,,,,,
3869,,daz zvo dem ellenden weibe,,,,,,,
3870,,der engel wart geſant,,,,,,,
3871,,vnz ez wart bewant,,,,,,,
3872,,daz ſi den hailant gebar,,,,,,,
3873,die fuzzen re#lde+ ſvlt ir gar,die re#lde+ sult ir gar,,,,,,,
3874,andiſem liede horen,an dem dritten liede h#soe+ren,,,,,,,
3875,die en mak niht zeſtoren,wie mohte daz zeſt#soe+ren,,[...] zuſtorn,,,,,
3876,des bittern viandes nit 2845,deſ valanteſ neit,,des ſwarzcen valants nit,,,,,
3877,nu ſi unſ die uolleiſte git,ob ſi vnſ volleiſt geit,,nu ſo vns di volleiſt git,,,,,
3878,,eine rede wil ich praiten,,eine rede wil ich breiten,,,,,
3879,,vor aller chriſtenheite,,wr alle di c#ari+ſtenheite,,,,,
3880,d#siv+ herze der einualten,die #f43r+ hertze einvalten,,,,,,,
3881,div ſchuln ſie wol behalten,ſulen ſey wol behalten,,,,,,,
3882,wan#lde+ ſie alſo wâr iſt,wan ez alſo war iſt ,,,,,,,
3883,ſo daz unſer heilant chriſt 2850,ſam daz der heilige chriſt,,,,,,,
3884,uon der magede wart geborn,von ſant marien wart geborn,,,,,,,
3885,#avnd+ ir kivſcheit nie wart uerlorN,v#and+ nie ir chevſcheit wart v#aer+lorn,,,,,,,
3886,Swelh wib div driu lîet hat,Swelich weip diſe driv liet hat,,,,,,,
3887,ſo ſie ze keminaten gat,ſo ſi ze keminaten gat,,,,,,,
3888,in ir zeſwen beuangen 2855,in ir zeſewen hant bevangen,,,,,,,
3889,ſie lidet unlangen,ſi leidet niht lange,,,,,,,
3890,kumber uon dem ſere,,,,,,,,
3891,wand #zin+ unſer fr#sov+en ere,,,,,,,,
3892,gniſt ſie kindes gnædeklichen,,,,,,,,
3893,,weipliche ſorgen ,,[...] ſorgen,,,,,
3894,,daz kint daz æ v#aer+borgen,,daz kint daz e u#aer+borgen,,,,,
3895,,waz in ir leibe,,was in irme libe,,,,,
3896,,daz kvmet in kvrzer weile,,daz kumt zu kurczer wilo,,,,,
3897,,von ir genedichlic#ahen+,,von ur gnediclichen,,,,,
3898,die ſorgen muzzen entwichen 2860,div vnkraft m#suo+z entweichen,,,,,,,
3899,#avnd+ div unchraft alſo boſe,v#and+ alle ſere boſe,,,,,,,
3900,die even getloſe,div æven geteloſe,,,,,,,
3901,indie werlte geſante,in diſe werlde geſant,,,,,,,
3902,do ſi gotes niht erkante,do ſi goteſ niht erkant,,,,,,,
3903,#avnd+ mit dem gna#lde+loſen man 2865,,,,,,,,
3904,uon gote uallen begaN,,,,,,,,
3905,Swa diu #f49v+ buchel dr#siv+ ſint behalten,,,,,,,,
3906,,do ſi v#and+ ir man ,,,,,,,
3907,,wurden vngehorſam,,,,,,,
3908,,#rI+n ir namen ſul wir geſigen,,,,,,,
3909,,von der witzzen wirt geſchriben,,,,,,,
3910,,daz ſi ane lait,,,,,,,
3911,,gebar der al die chriſtenheit,,,,,,,
3912,,von dem tode hat enbunden,,,,,,,
3913,,mit ſein#aen+ fumf wun#aden+,,,,,,,
3914,,deſter wirs wart ir nie,,,,,,,
3915,,do ſi deſ erſten in enpfie,,,,,,,
3916,,si hete ſemfte gen#svo+k,,,,,,,
3917,,al die weile ſi in tr#suo+k,,,,,,,
3918,,an allen ſiehtom ſi waz,,,,,,,
3919,,do ſi deſ herren genas,,,,,,,
3920,,des m#sve+zzen ſi geniezzen,,,,,,,
3921,,die ſich ie v#aer+liezzen,,,,,,,
3922,,anir helfe here,,,,,,,
3923,,v#and+ auch immer mere,,,,,,,
3924,,vnz an den iungiſten tak,,,,,,,
3925,,wan ſi #f43v+ gewenken niht emak,,,,,,,
3926,,,,nimant konde getrigen,,,,,
3927,,,,di got uz allen luten,,,,,
3928,,,,erwelte um zu ein#aer+ brute,,,,,
3929,,,,vnd di ſo hat gekindet,,,,,
3930,,,,#fC2/32+ daz ſi nimm#aer+ me gewinnet,,,,,
3931,,,,mochte d#aer+ ſvn geſprechen,,,,,
3932,,,,kein ſin dink gezechen,,,,,
3933,,,,d#aer+ wunſte daz er were,,,,,
3934,,,,ſo ſchone vnd geneme,,,,,
3935,,,,als di lichte maget iſt,,,,,
3936,,,,hette di manige liſt,,,,,
3937,,,,od#aer+ mochte ſi gekoſen,,,,,
3938,,,,ſi wolte di himelroſen,,,,,
3939,,,,mit ſchone ub#aer+treffen,,,,,
3940,,,,ſi ſund#aer+t v#aon+ den heffen,,,,,
3941,,,,den vil lut#aer+n win,,,,,
3942,,,,vnd daz gute oley,,,,,
3943,,,,daz vns heilet vnſer ſere,,,,,
3944,,,,di vns geſlagen hat di ſchare,,,,,
3945,,,,da von di ſele d#aer+ſturben,,,,,
3946,,,,ab ur u#aer+gezen wurde,,,,,
3947,,,,di vns den arzt gewan,,,,,
3948,,,,d#aer+ vns den ſichtum benam,,,,,
3949,,Nv ſult ir wizzen vnd#aer+ dev,,#iH+#rI+ ſchult ir wizen vnt#aer+ u,,,,,
3950,,ſwa diſe liet allev drev,,wo diſe buchel alle dru,,,,,
3951,,werdent behalten,,,,,,,
3952,div maget wil #lde+s walten,div magt wil des walten,,di maget wil des walten,,,,,
3953,daz da nehein kint,daz da den hein kint,,daz da kein kint,,,,,
3954,wer#lde+ krumb noh bl#ain+t 2870,weder chrump noch blint,,wed#aer+ krump noch blint,,,,,
3955,#avnd+ da niemer wer#lde+ geborn,nimm#aer+ wirdet geborn,,nimm#aer+ wirt geborn,,,,,
3956,daz ewikliche ſi uerlorn,noch æwichlich werde floren,,daz ewiclich ſi v#aer+lorn,,,,,
3957,ſine welle ez ſelbe friſten,ſi welle ez ſelbe friſten,,ſi wolle ez ſelber vriſten,,,,,
3958,andem aller ivngiſten,ze der zeit iungiſten,,zu dem iungiſten,,,,,
3959,da diu ſele #lde+n lip uerlat,,,,,,,,
3960,#avnd+ ez an den iamer gat,,,,,,,,
3961,,ſo der leip mit ſere,,ſo d#aer+ lip mit manigem ſer,,,,,
3962,,ſchaidet von der ſele,,ſcheidet von d#aer+ ſel,,,,,
3963,,Swelich weip reine,,welch wip reine,,,,,
3964,,niht hat wan daz eine,,nicht hat wanne daz eine,,,,,
3965,,daz iſt zweifel den hein,,daz iſt zwiuel keine,,,,,
3966,,ſi geniezze ſein etlich tail,,ſi geniſt etteliche teile,,,,,
3967,,vnde gewinne hail,,,,,,,
3968,,in ir noten mail,,,,,,,
3969,,,,ſo ez ur gat andi not,,,,,
3970,,,,di maget vluhet d#aer+ tot,,,,,
3971,,,,in welchem huſe di ſchrift gelit,,,,,
3972,,,,d#aer+ engel vn manunge git,,,,,
3973,,,,di darinne buwent,,,,,
3974,,,,vnd ur des getruwent,,,,,
3975,,von ſant mareien v#and+ von got,,von ſant marien vnd von gote ,,,,,
3976,,haben die vrowen daz gebot,,,,,,,
3977,,daz ſi niht beleiben,,,,,,,
3978,,,,ſi d#aer+wllent daz gebote,,,,,
3979,,,,allen frum#aen+ wiben,,,,,
3980,,ſi haizzen ez ab ſchreiben,,daz [...] ez ab ſc#ari+ben,,,,,
3981,,die ez mvgen vol enden,,,,,,,
3982,,v#and+ ger#suo+che ez ze ſenden,,,,,,,
3983,,,,vnd ſenden ez zu minne,,,,,
3984,,,,indem v[...] meringe,,,,,
3985,,v#aer+re v#and+ nahen,,v#aer+re vnd nahen,,,,,
3986,,da man ez welle en pfahen,,daman ez g#aer+ne epfahen,,,,,
3987,,durch der magede liebe,,durch d#aer+ meide libe,,,,,
3988,,v#and+ daz man daran ir diene,,dazma ur daran vorchtlic#ahen+ dine,,,,,
3989,#iD+iv here maget ſente marje,#rD+iv magt ſant Mareye,,#rD+#rI+ magt ſant marie,,,,,
3990,geruche die namen drie,ger#suo+che die namen drey,,geruche di nam#aen+ drie,,,,,
3991,umbe uns armen bitten,,,vm vns arm#aen+ bite#dn+,,,,,
3992,daz wir mit reinen ſiten 2880,,,,,,,,
3993,di hul#lde+ muzzen erwerben,,,,,,,,
3994,#avnd+ ir helfe ſo wir erſterben,,,,,,,,
3995,#avnd+ gnade an#lde+r urſten#lde+,,,,,,,,
3996,ſo al d#siv+ werlte hat ende,,,,,,,,
3997,da ſih hebet daz tæidinch 2885,,,,,,,,
3998,daz groze gerihte #avnd+ der rinch,,,,,,,,
3999,den nîemen enpfliehen #?M+ach,,,,,,,,
4000,wân #lde+r eine der den tak,,,,,,,,
4001,hie wol vorbeſorget hat,,,,,,,,
4002,owj waz troſtes #?erm+ dazu gat 2890,,,,,,,,
4003,alſ daz urtæile wirt,,,,,,,,
4004,,an vnſ armen letzen,,,,,,,
4005,,daz vnſ ir ſvn ſetze,,daz vns #du+ir ſvn geſetze,,,,,
4006,,z#svo+ der zeſewen an den rinch,,zud#aer+ recht#aen hant inden rink,,,,,
4007,,an dem grozzen taidink,,ſo daz groze teydink,,,,,
4008,,,,zu aller iungeſt wirt,,,,,
4009,#avnd+ der uorhtliche huſwirt,,,vnd d#aer+ here huſwirt,,,,,
4010,mit zorne beginnet ſcheiden,,,mit zorne beginnet ſcheiden,,,,,
4011,,ſwanne got beginnet ſcheiden,,,,,,,
4012,die lieben uon den lei#lde+n,die lieben von den leiden,,di liben vonden leiden,,,,,
4013,ſiniv kint uon #lde+n chnehten 2895,ſein kint von den knêhten,,ſine kint vond#aen+ knechten,,,,,
4014,die ſundære uon den rehten,die ſvndere von den rehten,,di ſvndert er v#aon+den rechten,,,,,
4015,die ubeln uon den guten,,,di ubeln vond#aen+ guten,,,,,
4016,da ruche d#siv+ gute behuten,,,,,,,,
4017,alle die ſih nu dazu mûzz#aen+t,,,,,,,,
4018,daz ſiſe mit dienſte grûzzent 2900,,,,,,,,
4019,gut iſt unſ #lde+r gedinge,,,,,,,,
4020,,da r#suo+che #f44r+ ſi vns ze wægen,,,,,,,
4021,,v#and+ imm#aer+ æwichlichen phlegen AMEN #rdaz iſt daz and#aer++,,,,,,,
4022,,,,da ſchol danne criſtis mut#aer+,,,,,
4023,,,,vaſte helfende weſen,,,,,
4024,,,,daz ir holden geneſen,,,,,
4025,,,,vnd uil manige #?dytwe+,,,,,
4026,,,,di mit g#aro+zer truwe,,,,,
4027,,,,nv ligent an irn wzen,,,,,
4028,,,,w#aer+ mochte vns baz gebuzen,,,,,
4029,,,,di totliche vorchte,,,,,
4030,,,,vnd waz wir ie geworchten,,,,,
4031,,,,in geteloſen ſinnen,,,,,
4032,zedem notlichem tæidinge,,,zu den ſelben teydingen,,,,,
4033,wan da geſitzet ſie bi ſiten,,,geſitzet ſi bi d#aer+ ſyten,,,,,
4034,dem kunige #lde+r so witen,,,dem kvnige d#aer+ ſo witen,,,,,
4035,#f50r+ richſent #avnd+ gebivte 2905,,,,,,,,
4036,#lde+m himel #lde+r er#lde+ dem l#siv+te,,,,,,,,
4037,,,,richtet mit gewalte ,,,,,
4038,,,,daz enwirt nicht ufgehalten,,,,,
4039,al des wir ie gedahten,,,allis daz wir ie gedachten,,,,,
4040,daz wir hinnen brahten,,,daz wir hinnen brachten,,,,,
4041,ane b#suo+zze #avnd+ ane bihte,,,ane b#sue+z vnd ane bichte,,,,,
4042,daz geſtat da niht lihte 2910,,,ez d#aer+gat da nicht ſo lichte,,,,,
4043,alſ wir unſ gedenken,,,ſo wir vns bed#aen+ken,,,,,
4044,wirne mugen da niht gewenken,,,wir enmug#aen+ da nicht gewenken,,,,,
4045,aller herzen t#sov+gen,,,aller herczen tougen,,,,,
4046,megen wir niht uerl#sov+gen,,,d#aer+ enmug#aen+ wir nicht v#aer+lougen,,,,,
4047,unſ kûmet da ze gehucke 2915,,,,,,,,
4048,,,,wir muzen ie da buke,,,,,
4049,ſwaz wir ie zerucke,,,waz wir ie zu ruke,,,,,
4050,ſunden hie gewrfen,,,ſvnd#aen+ ie gewurfen ,,,,,
4051,die der fr#sov+en da bedurfen,,,di d#aer+ urouw#aen+ da bedurfen,,,,,
4052,#avnd+ ir helfe gerne da ſehen,,,vnd ir helfe g#aer+ne ſehent,,,,,
4053,die ſchuln #sov+h ir n#suo+ iehen 2920,,,,,,,,
4054,ze kunig#ain+ne mit dienſte,,,,,,,,
4055,daz wirt in dort daz liebeſte,,,,,,,,
4056,ob ſie hant ir minne,,,,,,,,
4057,,,,di ſchuln irs dinſtes g#aer+ne pflegen,,,,,
4058,,,,in dirre w#aer+lt ſo ſch#f33r/C2+one,,,,,
4059,,,,mit geiſtliem done,,,,,
4060,,,,in irs kindes m#ain+ne,,,,,
4061,wellen ave wir die voitinne,,,wol w#aer+ di uogetinne,,,,,
4062,niht gewiſſen hie mit ſt#^æ+te 2925,,,nicht hie geſtete,,,,,
4063,ſo wirtez un#?zs+ dort al ze spæte,,,dort iſt ez zuſpete,,,,,
4064,#ID+az dritte liet i#?z+h h#?z+eve  ane,#iD+az ander liet hebt ſich hie an,,#iD+#rA+z dritte liet heb ich hi ane,,,,,
4065,als die riter zu dem uane,als die riter z#svo+ dem van,,als di rittere zu d#aen+ uanen,,,,,
4066,uaſte m#suo+zzen ſigen,vaſte mvzzen ſeigen,,uaſte muzen ſygen,,,,,
4067,in alleN uolchwigen 2930,in dem volkweigen,,in dem volke wigen,,,,,
4068,alſo ſchulen wir zu dem ſterne,ſam ſul wir z#svo+ dem ſterne,,w#aer+ zudeme ſt#aer+ne,,,,,
4069,fluhte haben gerne,fluht haben gerne,,flucht habent g#aer+ne,,,,,
4070,der daz chriſtenliche here,der dem chriſtenlichen her,,d#aer+ daz criſtenlichiz her,,,,,
4071,bringet uber #lde+r ſorgen mere,,,,,,,,
4072,uz des tieuels bande 2935,,,,,,,,
4073,zu dem fr#sov+#lde+richem lande,,,,,,,,
4074,da got ſelbe iſt der ſunne,,,,,,,,
4075,iſt #lde+r tak iſt div wnne,,,,,,,,
4076,die nehein trube chrenket,,,,,,,,
4077,#avnd+ niemer #f50v+ gewenchet 2940,,,,,,,,
4078,,ſchone leuhtet vber mer,,ſchone leitte ub#aer+ daz mer,,,,,
4079,,,,w#aer+ltlicher sch#aan+de,,,,,
4080,,,,ſi ledigte ouch vond#aen+ banden,,,,,
4081,,,,di ruwig#aen+ ſele,,,,,
4082,,,,durch irs ſvns ere,,,,,
4083,nu gehuget wol lieb#siv+ kint,Nv gedenket mine kint,,nv gebuwet wol mine liben kint,,,,,
4084,die ſente marien uolgende ſint,die ſant mareien holt ſint,,di ſante marien holt ſint,,,,,
4085,#avnd+ ſie uon herzen mejnent,,,vnd ſi vaſte [...]inent,,,,,
4086,ſo ſie ir ſunde weinent,,,ſo ſi ire ſunde weinent,,,,,
4087,gedenchet wol wie ich han geſaget 2945,waz wir han geſaget,,gedenket wol [...] wir haben geſaget,,,,,
4088,daz d#siv+ ewige maget,daz div ewige maget,,daz di ewige maget,,,,,
4089,ioſebe wart gemæhelot,Ioſeph wart gemehelot,,ioſeph wart gemahelot,,,,,
4090,des ſie hengen muſte durh not,,,,,,,,
4091,#avnd+ wie er mit ir was da heime,,,,,,,,
4092,untzer er bi #lde+s meres reine 2950,,,,,,,,
4093,,v#and+ daz ſi m#suo+ſte vor not,,vnd daz ſi durch not,,,,,
4094,,volgen v#and+ hengen,,vo[...]g#aen+ vnd hengen,,,,,
4095,,v#and+ wie darnach vnlenge,,daz darnach vnlenge,,,,,
4096,,#rI+oseph waz da haim,,ioſeph was daheime,,,,,
4097,,daz er z#svo+ dem mer gemain,,,,,,,
4098,,,,wanne h#aer+ zu d#aer+ meide reine,,,,,
4099,ze capharnaum cherte,bey Capharnavm cherte,,zu capharnaum kerte,,,,,
4100,da er ſîn ivngere lerte,da er ſeine iunger lerte,,da er ſine iung#aer+n lerte,,,,,
4101,uon meiſterlichen ſachen,,,,,,,,
4102,wie ſie ſcholten machen,,,,,,,,
4103,die notueſten chiele 2955,,,,,,,,
4104,#f51r+ der chraft nien lihte cevîele,,,,,,,,
4105,,zimbern grozze kyelen,,zimm#aer+n groze kyl[...],,,,,
4106,,daz ſi niht zevielen,,daz ſi nicht zuvilen,,,,,
4107,,,,als di winſt#soe+ke,,,,,
4108,,,,daran be[...]nen bozen,,,,,
4109,uf #lde+n hohen unden,,,uffe des mers vnden,,,,,
4110,ſo die win#lde+ unſitten begun#lde+n,,,,,,,,
4111,,,,den liſt er wolte kunden,,,,,
4112,der alte brûtdegen,#rD+er vil alte proutdegen,,d#aer+ uil alt brut degen,,,,,
4113,der was geweſen un#lde+rwegen 2960,der waz geweſen vnder wegen,,was geweſen vnter wegen,,,,,
4114,drje manot vnd ein halbez iâr,drey manod v#and+ ein halbeſ iar ,,dri mand#aen+ vnd ein halbiz iar,,,,,
4115,untzer gefrumet vil gar,vnz er bereite gar,,wanne er gefrumte uil gar,,,,,
4116,des in die herren baten,des in die furſten baten,,des in di furſt#aen+ baten,,,,,
4117,die in gela#lde+t haten,die in geladet haten,,di in geladet hatten,,,,,
4118,darnah wart er des ennêin 2965,dar nach wart er des en ein,,darnach wart er in ein,,,,,
4119,daz er fure wider heim,daz er f#suo+re wider haim,,daz er fure wid#aer+ heim,,,,,
4120,indie burch zenazaret,in die purk ze Nazareht,,in di burk zu nazareth,,,,,
4121,d#siv+ mit grozzem lobe ſtet,div mit grozzem lobe ſtet,,di mit g#aro+zem #f33v/C2+ lobe ſtet,,,,,
4122,in ſente marieN gute ,in ſant mareien h#suo+te,,in ſant marien g#sue+te,,,,,
4123,dar truch in ſin gem#suo+te 2970,dar tr#suo+k in ſein gem#sve+te,,dar truc in ſin gemute,,,,,
4124,#iS+in hiwiſch #avnd+ d#siv+ magedin,Sein #f44v+ geſinde v#and+ daz magedein ,,#iS+#rI+n geſinde vnd di megetin,,,,,
4125,hiezzen in willikomen ſin,hiez in willechomen ſein,,di hizen ſi willekumen ſin,,,,,
4126,mit frolichem anpfange,,,,,,,,
4127,,er wart wol enpfangen,,er wart uil uuol enpfangen,,,,,
4128,do ſtunt ez unlange,do ſt#suo+nt ez vnlangen,,do ſtunt ez unlange,,,,,
4129,untzer des wart inne 2975,vnz er des wart inne,,wanne er des wart inne,,,,,
4130,an der heren kunginne,an der kvniginne,,and#aer+ kuneginne,,,,,
4131,daz ſie lebentigez kint truch,daz ſi ein lebendes kint truk,,daz ſi einlebendingez kint truc,,,,,
4132,do gewan er #?l+eides genuch,do gewan er laideſ gen#suo+k,,do gewan h#aer+ leides gnuc,,,,,
4133,harte wn#lde+rt in daran,michel wund#aer+ in des nam ,,uil michel wund#aer+ in des nam,,,,,
4134,wie ſie iemer #lde+hein man 2980,wie ſei ſolde den hein man,,wi ſi ſcholte dekein#aen+ man,,,,,
4135,ſcholte han uberkomen,immer haben vber chomen,,imm#aer+ habe ub#er+kumen,,,,,
4136,d#siv+ bi der ſpiſe was gezogeN,div die ſpeiſe het genomen,,di bi [...] ſpiſe wart gezogen,,,,,
4137,d#siv+ ir in engeliſker hante,div ire von himel was geſant,,di ur von himele wart ge[...]nt,,,,,
4138,uon himel wart geſant,in d#aer+ engliſc#ahen+ hant,,in d#aer+ engeliſſchen hant,,,,,
4139,der uil einualte man 2985,der vil ainvalte man,,d#aer+ uil einualtig m#aan+,,,,,
4140,#lde+r hete uorhten #avnd+ wan,der hiet ſorge v#and+ wan,,hatte gedank vnd wan,,,,,
4141,daz ſie mit boſer ſache,daz ſi mit boſer ſache,,daz ſi mit boſen ſachen ,,,,,
4142,ze ſolhem ungemache,ze ſolhem vngemache weraten,,zu ſulchen vngemachen,,,,,
4143,w#^æ+re uerraten,,,were u#aer+raten,,,,,
4144,die fr#sov+en in alle baten 2990,die in alle paten,,di urouw#aen+ in alle baten,,,,,
4145,daz er ſih wol gehabete,daz er ſich wol gehabte,,daz er mezelich clagete,,,,,
4146,#avnd+ mazlichen chlagete,v#and+ mezlichen chlagte,,vnd ſich wol gehabete,,,,,
4147,ſie ſageten ir unſchul#lde+,Si ſagten ir vnſchulde,,ſi ſaget#aen+ ur vnſchulde,,,,,
4148,#avnd+ ſwren bi gotes hul#lde+,v#and+ ſw#suo+ren bey gotes hulde,,vnd ſwu[...]n bi gotis hulde,,,,,
4149,d#siv+ geiſtlichen wip 2995,,,di uil geiſtlich#aen+ wip,,,,,
4150,butten ſele #avnd+ lip,,,di but[...]e vnd lip,,,,,
4151,daz #f51v+ nie man bechome,daz nie den hein man ,,daz nimant kome,,,,,
4152,zu der mage#lde+ ſchone,chome z#svo+ der maget luſtſam,,zu d#aer+ maget ſcho[...]e,,,,,
4153,mit neheinem ungeuerte,mit den hein#aen+ vngeverte,,mit keime vngeu#aer+te,,,,,
4154,noh ſie des nie gegerte 3000,noch ſi des nie ge gerte,,noch ſi des ni beg#aer+te,,,,,
4155,daz ſie uber ſtrazze gienge,daz ſi vber die ſtrazze gienge,,daz ſi ub#aer+ di ſtraze ginge,,,,,
4156,un#lde+ iemen da enpfienge,v#and+ iemen enpfienge,,vnd ie kein#aen+ man enpfinge,,,,,
4157,ſiêne mohten an ir niht wan#lde+ls wizzen,,,,,,,,
4158,,oder ie geſpreche den hein wort,,od#aer+ ie geſpreche kein wort,,,,,
4159,,wed#aer+ hie noch dort,,wed#aer+ hie da od#aer+ dort,,,,,
4160,,ze den heinem werltlichem manne,,zu kein#aen+ w#aer+ltlich#aen+ manne,,,,,
4161,,von div oder danne,,daz ſi vondann#aen+,,,,,
4162,,ſi not ſolte lei#aden+,,not scholte liden,,,,,
4163,,ſi mohten an ir leibe,,ſi mocht ouch an ir libe,,,,,
4164,,den hein wandel wizzen,,kein wandel wizen,,,,,
4165,wan ſie hæte ſih geflizzen,ſi hiete ſich geflizzen,,ſi hette ſich geulizen,,,,,
4166,wol ſo tugentlicher g#suo+te 3005,#f45r+ vil tugentlich#aer+ g#sue+te ,,wol tugentlicher g#sue+te,,,,,
4167,daz ſie #zir+ eren gerne h#?^#suo++te,,,,,,,,
4168,#avnd+ ſich ſelbe#?d+ zaller ſtun#lde+,,,,,,,,
4169,wol bewaren kunde,,,,,,,,
4170,,ſi kvnde wol ſelbe beh#sue+ten,,ſi konde ſich ſelb#aer+ wol gehute,,,,,
4171,,ir ere manekvalde,,ir eren manik#f34r/C2+ualt,,,,,
4172,,mit dem gotes gewalte,,mit des liben gotis gewalt,,,,,
4173,#iD+er griſe mit dem barte,#iD+er alte mit dem parte,,#iD+#rE+r alte mit dem barte,,,,,
4174,begun#lde+ #?ſuften+ harte 3010,begunde ſevften harte,,begonde ſufczen harte,,,,,
4175,ſin ſer #avnd+ ſin ungemah,ſein ſere v#and+ ſein vngemach,,ſin leit vnd ſin vngemach,,,,,
4176,ze#lde+n fr#sov+en #f52r+ er do ſprah,z#svo+ den frowen er do sp#ara+ch,,zuden vrouw#aen+ er do ſp#ara+ch,,,,,
4177,durh got weſ welt ir iehen,,,,,,,,
4178,,was troſtes mvgt ir mir geiêhen,,waz troſtes muget ir mir geben,,,,,
4179,ia meget ir ſelbe ſehen,ia mvgt ir wol ſelbe ſehen,,io muget ir ſelb#aer+ wol ſehen,,,,,
4180,daz ſie kindes ſwanger iſt 3015,daz ſi kindes ſwanger iſt ,,daz ſi kindes ſwang#aer+ iſt,,,,,
4181,waz ſchol der uppîge liſt,warz#svo+ ſol d#aer+ liſt,,warzu ſchol d#aer+ uppige liſt,,,,,
4182,daz ir mih ſo umbefûeret,daz ir mich welt betriegen,,daz ir mich wollet trigen,,,,,
4183,ich lie ſie unberûeret,,,,,,,,
4184,#avnd+ han ſie g#aro+zze funden,,,,,,,,
4185,des bin ich mit lei#lde+ gebunden 3020,,,,,,,,
4186,owe mir dirre warheit,,,,,,,,
4187,hie ſchult ir min herzeleit,,,,,,,,
4188,,ia zaiget ez die wiege,,io betwinget ſi di wige,,,,,
4189,,nieman iſt ſo tumb#aer+,,nimant iſt ſo tummer,,,,,
4190,,ſo alt noch ſo iunger,,ſo alt noch ſo iunger,,,,,
4191,,er mvge die rehten warheit,,er enmuge di recht#aen+ warheit,,,,,
4192,,v#and+ min inrechlichez lait,,vnd min uil innenclichez leit,,,,,
4193,alle ſc#sov+en vn#lde+ chieſen,wol ſchowen v#and+ kieſen,,wol ſchouw#aen+ vnd kiſen,,,,,
4194,mæht ich nv uerlieſen,moht ich nv v#aer+lieſen,,mochte ich nv u#aer+liſen,,,,,
4195,minen lip mit rehten zugen 3025,mit reht#aen+ dingen minen leip ,,mit rechten dingen min#aen+ lip,,,,,
4196,e mih d#siv+ lîvte belugen,,,,,,,,
4197,des duhte mich zit furware,,,,,,,,
4198,owi wan ich tot w#^æ+re,,,,,,,,
4199,daz ich daz unſælige #?d+ #zleben+,,,,,,,,
4200,mit eren hete begegen 3030,,,,,,,,
4201,e mich begriffe d#?r+ſer ſchal,,,,,,,,
4202,der nu ſchiere uert uberal,,,,,,,,
4203,uon miner ivncfr#sov+en,,,,,,,,
4204,alſ man beginnet ſc#sov+en,,,,,,,,
4205,daz kint ioh die wîegen 3035,,,,,,,,
4206,mulich iſt d#siv+ werlt zetriegeN,,,,,,,,
4207,angeſtliche daz gerihte,,,,,,,,
4208,da zaller livte geſihte,,,,,,,,
4209,daz unreht wirt eruam,,,,,,,,
4210,wîe mak ich daz iemer bewarn 3040,,,,,,,,
4211,,von herzen devhte mich deſ zeit,,von h#aer+czen duchte mich des zit,,,,,
4212,,wolte got min ſele nemen,,,,,,,
4213,,,,daz ich nv tot were,,,,,
4214,,,,wolte got in ſine gnade,,,,,
4215,,,,mine ſele wid#aer+ nemen,,,,,
4216,,waz mag ich ze antwurte geben,,waz mac ich zu antwort geben,,,,,
4217,,,,de vnſ#aer+n richteren,,,,,
4218,,,,di w#aer+dent vns gen#aer+e,,,,,
4219,,ſo daz kint her fure gat,,ſo daz kint h#aer+ w#ze+r gat,,,,,
4220,,daz ſin#aer+ #^æ+ niht enhat,,daz ſin#aer+ e nicht enhat,,,,,
4221,wir enmuzzen da mit ſchan#lde+n,ſo m#sve+zze wir mit ſchanden,,ſo muz#aen+ wir doch mit ſchanden,,,,,
4222,erſterben uon ir handen,,,,,,,,
4223,die unſ geværich ſint beiden,,,,,,,,
4224,ez en ruche got ſchei#lde+n,,,,,,,,
4225,anders denne ich w#^æ+ne 3045,,,,,,,,
4226,der mich ein die ſorgen âne,,,,,,,,
4227,mit gewalte wol getæte,,,,,,,,
4228,ob er min gna#lde+ hæte,,,,,,,,
4229,,diſen leib ver anden,,diſen lip u#aer+wandeln,,,,,
4230,,ſo ſi nv mit ſtein,,ſo ſi mit den ſteinen,,,,,
4231,,zepolent vnſer gebeine,,zupoln vnſer gebeine,,,,,
4232,,,,ſo m#sue+z mich r#sue+wen di vart,,,,,
4233,,,,daz ich ie ſo alt wart,,,,,
4234,,daz m#sve+ze got erbarmen,,daz muze got erbarmen,,,,,
4235,,v#and+ helfe mir vil armen,,d#aer+ bezeige ſine milte an mir arm#aen+,,,,,
4236,#iD+ie fr#sov+en ſprachen im aue zu,#rD+ie frowen ſp#ara+chen im au#aer+ z#svo+,,#iD+#rI+ urouw#aen+ ſprachen im ab#aer+ zu,,,,,
4237,wir ſagen dir waz tu t#svo+ 3050,wir ſagen dir herre waz dv t#suo+,,wir ſagen dir h#aer+re waz tu ſcholt tu,,,,,
4238,habe #f52v+ herre uil gute reſte,habe vil g#suo+te reſte,,hab uil gute reſte,,,,,
4239,daz iſt dir nu daz beſte,daz iſt dir nv daz beſte,,daz iſt dir nv daz beſte,,,,,
4240,untze daz got din angeſt wen#lde+,,,,,,,,
4241,#avnd+ dir ſinen troſt ſende,,,,,,,,
4242,wand giengez unſ an daz leben 3055,,,,,,,,
4243,ſo enmæhten wir dir geben,,,,,,,,
4244,nehêin en#lde+ mere,,,,,,,,
4245,wan daz der engil here,,,,,,,,
4246,der fr#sov+en ofte erſchein,,,,,,,,
4247,#avnd+ wr#lde+n enſamet ennêin 3060,,,,,,,,
4248,wir enwizzen welher t#sov+gen,,,,,,,,
4249,der rede iſt unl#sov+gen ,,,,,,,,
4250,âne in ſo wart nie dehein man,,,,,,,,
4251,der ſie ie bræhte daran,,,,,,,,
4252,daz ſie ein#lde+r uon unſ quame 3065,,,,,,,,
4253,#avnd+ iemanſ wort uernæme,,,,,,,,
4254,der engil geſprah ſie dicche,,,,,,,,
4255,ze ſjnem liehtem anplicke,,,,,,,,
4256,fr#sov+te ſih ie div g#suo+te,,,,,,,,
4257,mit reineſtætem m#suo+te 3070,,,,,,,,
4258,niht an#lde+rs han wir geſehen,,,,,,,,
4259,,,,wirf din leit #?+ zuruke,,,,,
4260,,,,wanne #f34v/C2+ got andir gluke,,,,,
4261,,,,ſin#aer+ barm#aun+ge,,,,,
4262,,,,wanne er di ledeg#aun+ge,,,,,
4263,,vnz dir got troſt welle geben,,mit ſine troſte wolte geben,,,,,
4264,,v#and+ benêmeſt dv vnſ daz #f45v+ leben,,vnd nemſtu vns allen daz leben,,,,,
4265,,wir mohten dir anders niht geſagen,,wir mug#aen+ dir and#aer+s nicht geſagen,,,,,
4266,,daz eine m#suo+ſte wir v#aer+dag#aen+,,daz eine muzen wir u#aer+tragen,,,,,
4267,,daz ſey d#aer+ engel geſp#ara+ch,,daz ſi d#aer+ engel beſprach,,,,,
4268,,den ſi mit frevden ane ſach,,den ſi mit ureud#aen+ anſach,,,,,
4269,,vil diche v#and+ ofte,,dike vnd ofte,,,,,
4270,,als ir daz wol tohte,,ab ur daz wol tochte,,,,,
4271,,des enwizze wir niht,,des enwiz#aen+ wir nicht,,,,,
4272,,er waz ſchone v#and+ lieht,,er iſt ſchone vnd licht,,,,,
4273,,der warheit m#sve+zze wir iehen,,d#aer+ warheit muz#aen+ wir iehen,,,,,
4274,ſwaz wnders hie iſt geſchehen,ſwaz halt wunders iſt geſchen,,waz hie wund#aer+s iſt geſchehen,,,,,
4275,daz chum#&+ uon #lde+s engels rat,,,,,,,,
4276,der ſie ie beſorget hat,,,,,,,,
4277,,an d#aer+ prout luſſam ,,and#aer+ br#sue+te luſtſam,,,,,
4278,,daz hat der engel getan,,daz hat d#aer+ engel getan,,,,,
4279,Ioſeph #lde+r zurnete ſere 3075,#rD+o zurnt er alſo ſere,,do zurnte er alſo ſere,,,,,
4280,er ſprah ichen wil niht mere,er ſprach ich wil niht mere,,er ſprach ich wil nicht mere,,,,,
4281,uernemen #siv+wer koſe,vernemen evr gek#soe+ſe,,u#aer+nem#aen+ euw#aer+ gek#soe+ſe,,,,,
4282,ez waſ ein man boſe,ez waz ein man b#soe+ſe,,ez was ein man boſe,,,,,
4283,niht des engels rat,,,,,,,,
4284,der ivch betrogen hat 3080,der evch alle hat betrogen,,d#aer+ uch alle hat betrogen,,,,,
4285,,er iſt von himel niht geflogen,,er was uon himele nicht geulogen,,,,,
4286,er kom geſlichen uz der ſtete,,,er kom geſlichen uz d#aer+ ſtat,,,,,
4287,uon ſiner tumplicher bete,,,an ſine tumpliche bete,,,,,
4288,hat ſie ir mut uercher#&+,ze vbel hat ſich ir m#suo+t gewent,,hat ſi gew#aen+det ir gemute,,,,,
4289,#lde+s ſin wir gehonet #avnd+ geſer#&+,,,,,,,,
4290,,des wir alle nv geſchent,,,,,,,
4291,,,,des w#aer+den wir geleidet,,,,,
4292,,,,vnd alle geſcheidet,,,,,
4293,#iI+oſeph im gedahte 3085,#rI+oseph im gedahte,,#iI+#rO+ſeph im gedachte,,,,,
4294,des in got wi#lde+r brahte,des in got widerbrahte,,des in got wid#aer+ brachte,,,,,
4295,daz er wolte ent#?ari+nnen,daz er wolde entrinnen,,daz er wolte entrinne,,,,,
4296,e ſin div lîvte inne,#^æ+ ſein die levte innen,,e ſin di lute inne,,,,,
4297,wrden allichen,wurden gemainlichen,,wurden alle gliche,,,,,
4298,er #f53r+ ſprah er muſe entwichen 3090,ſo wolte er entweichen,,er ſprach ich m#sue+z entwiche,,,,,
4299,durh #lde+s libes angeſt,,,durch des libes angeſt,,,,,
4300,untzer mæhte langeſt,,,wanne er mochte langeſt,,,,,
4301,die martir ufſchîeben,,,di mart#aer+ ufgezalten,,,,,
4302,die got werden #avnd+ die lieben,,,,,,,,
4303,mit al ſiner habe wolter lan 3095,,,,,,,,
4304,daz duhte in baz get#aan+,,,,,,,,
4305,denne ob er #lde+s erbitte,,,,,,,,
4306,daz er kumber mit ir litte,,,,,,,,
4307,wand ez unwendich muſte ſin,,,,,,,,
4308,do beiter untze der mænſchîn 3100,,,,,,,,
4309,des nahteſ ufgen begunde,,,,,,,,
4310,dabi er den wech funde,,,,,,,,
4311,,durch den ſelben ruom,,,,,,,
4312,,ez weſſe niht anders zet#suo+n,,,,,,,
4313,,er wolt ſein g#suo+t lazzen,,,,,,,
4314,,,,di ſine lit behalten,,,,,
4315,,,,daz wolt er willeclich#aen+ tvn,,,,,
4316,,,,er enkonde ſinen wiſtum,,,,,
4317,,,,an nichte baz d#aer+zeigen,,,,,
4318,,,,lehen vnd eigen,,,,,
4319,,,,daz wolte er alliz laze,,,,,
4320,,v#and+ varen ſeine ſtrazzen,,vnd kere ſine ſtraze,,,,,
4321,,da er ſicher mohte ſein,,da er ſi#f35/C2+cher mochte geſin,,,,,
4322,,als #sov+f chome deſ manen ſchein,,,,,,,
4323,,,,arweite wanne daz man ſin,,,,,
4324,,,,des nachtes u#dz+f err#aun+ne,,,,,
4325,,,,daz in gewiſen kunde,,,,,
4326,ſo er ſich erhube,,,wanne er ſich d#aer+hube,,,,,
4327,ſin #sov+gen waren im trube,,,di ougen warn im trube,,,,,
4328,uon lei#lde+s #f53v+ #avnd+ des alterſ ſw#^æ+re 3105,,,,,,,,
4329,wand uber die gegen#lde+ m#^æ+re,,,,,,,,
4330,,,,u#aon+ d#aer+ tage menige,,,,,
4331,,,,in aller ſiner gegine,,,,,
4332,waſ ſin galter nehêin,,,was ſin alt#aer+ kein,,,,,
4333,alſ er des alles wart ennêin,,,do er des alles wart in ein,,,,,
4334,mit im ſelben #avnd+ genote,do er vil genote,,und uil genote,,,,,
4335,ſin ſache geordinote 3110,ſeine ſache ordenote,,ſine ſache geordenote,,,,,
4336,an ſinem be#?t+te er gelach,an ſeinem pette er lak,,an ſin#aem+ bette er lac,,,,,
4337,der ell#siv+ herze wol mach,der got d#aer+ alle herze mak,,d#aer+ got d#aer+ alle h#aer+czen mac,,,,,
4338,uon ſorgen beloſen,von ſorgen gefreien,,v#aon+ ſorgen wol geurien,,,,,
4339,#lde+rne wolte #lde+n fr#sov+deloſen,,,,,,,,
4340,#avnd+ den reinen brutdegen 3115,,,,,,,,
4341,,d#aer+ wolt den kneht ſeinen,,d#aer+ wolte den din#aer+ ſinen,,,,,
4342,niht lazzen underwegen,niht #f46r+ lazzen vnd#aer+ wegen,,nicht lazen vnd#aer+weg#aen+,,,,,
4343,,er hiez in kvnden ſeinen ſegen,,er hiz im kundig#aen+ ſinen ſegen,,,,,
4344,ſinen engel er im ſande,ein engel ſant er dar,,einen engel den er ſande,,,,,
4345,#lde+r in des gutliche ermande,,,,,,,,
4346,waz er tûen ſcholde,,,,,,,,
4347,#avnd+ wes got beginnen wol#lde+ 3120,,,,,,,,
4348,#iD+er engel im do zuſprah,,,,,,,,
4349,hingelêit iſt din ungemah,,,,,,,,
4350,,da er Ioſeph wart gewar,,,,,,,
4351,,,,d#aer+ vlaug uil ilende,,,,,
4352,,,,indi kemenaten ,,,,,
4353,,,,kundig#aen+ vnd raten,,,,,
4354,,,,wolte er im daz beſte,,,,,
4355,,,,e er in wachende weſte,,,,,
4356,,er wakte in alſo ſchone,,do wacte er in alſo ſchone,,,,,
4357,,d#aer+ gotes pote frone,,d#aer+ gewaltige bote vrone,,,,,
4358,,#rD+er ewang#aeli+ſte ſaget daz,,d#aer+ ewangeliſta ſagte daz,,,,,
4359,,daz nie herren wurde baz,,daz nie h#aer+re wurde baz,,,,,
4360,,von trouren enbunden,,v#aon+ troume enp#aun+den,,,,,
4361,,ſam Ioſeph ze den ſelben ſtunden,,,,,,,
4362,,,,wir mugen daz urkunde,,,,,
4363,,,,and#aer+ meſſe wol horen,,,,,
4364,,,,ſo di priſtere ſingent in den koren,,,,,
4365,,#rD+er engel ſprach z#svo+ dem manne,,#iD+#rE+r engel ſprach zudem m#aan+ne,,,,,
4366,,dein ſorge iſt vnder vangen,,din vorchte iſt vnt#aer+uangen,,,,,
4367,ioſep kint dauit,#rI+oſeph fili dauid,,ioſeph fili dauid,,,,,
4368,din ſchepfære dir den troſt git,din ſchepfer dir troſt geit,,din ſcheppfer dir den troſt gid,,,,,
4369,war wolteſtu gahen 3125,war woldeſt dv helt gan,,war woltes du hine gahen,,,,,
4370,du ſholt wider enpfahen,ia ſolt dv wider enpfan,,ia ſcholtu wid#aer+ enpfahen,,,,,
4371,din gemaheln rêine,dine gemahelen raine,,dine gemaheln reine,,,,,
4372,langer du nien wêine,lenger niht enwaine,,nicht lang#aer+ du enweine,,,,,
4373,ſie iſt ob allen wiben,,,ſi ist ob allen wiben ,,,,,
4374,#avnd+ m#suo+z iemer beliben 3130,,,,,,,,
4375,muter un#lde+ mæit here,,,,,,,,
4376,got lihet ir die ere,,,,,,,,
4377,,dv ſolt endelichen,,,,,,,
4378,,wizzen ſich#aer+lichen,,,,,,,
4379,,,,dir endarf ouch an irm libe,,,,,
4380,,,,nicht miſſeleide,,,,,
4381,daz ſcholtu wol gel#sov+ben,,,du ſchalt des uolleclich glouben,,,,,
4382,daz allez ir t#sov+gen,daz alle ir toug#aen+,,daz alle ire tougen,,,,,
4383,,ſint ane loug#aen+,,,,,,,
4384,von dem heiligen geiſte chum#&+ 3135,von dem heiligen geiſte chomen,,v#aon+ deme heiligen geiſte ſint bekomen,,,,,
4385,der ie reht #avnd+ gna#lde+ frum#&+,,,,,,,,
4386,,ir iſt niht benomen,,,,,,,
4387,,ir reine chevſcheit,,,,,,,
4388,,ſi iſt ein raine mait,,,,,,,
4389,,,,ir kuſche wirt ur nicht benumen,,,,,
4390,,v#and+ m#svo+z immer magt ſein,,ſi muz imm#aer+ maget ſin,,,,,
4391,,da von t#suo+ din ere ſchein,,,,,,,
4392,,,,nv laze daz gut weſen ſin,,,,,
4393,,wan ſey got erwelt hat,,daz dich got erwelt hat,,,,,
4394,an den t#sov+genlichen rat,z#svo+ dem toug#aen+lichen rat,,an den tougenlich#aen+ rat,,,,,
4395,ſin g#suo+te dich erwelt hat,,,,,,,,
4396,nu dîen ir mit ſtætem mute,,,,,,,,
4397,#avnd+ habes in lieber h#suo+te 3140,,,,,,,,
4398,wan #lde+r ſun den ſie bringet,,,,,,,,
4399,den tievil er betwinget,,,,,,,,
4400,,,,dine ur imm#aer+ g#aer+ne,,,,,
4401,,,,mit vlize vnd mit eren,,,,,
4402,,,,als du ſeiſt ur eigen,,,,,
4403,,,,des enſchaltu nicht geweig#aer+n,,,,,
4404,,den ſun den ſi gewinnet,,den ſvn den ſi gewinnet,,,,,
4405,,v#and+ in die w#aer+lt bringet,,vnd in di w#aer+lt br#ain+get,,,,,
4406,ieſvs wirt er genant,d#aer+ wirt geheizzen #aihesus+,,d#aer+ wirt geheizen #aihesus+,,,,,
4407,daz kivt ein heilant,,,,,,,,
4408,wand er die werlt hæilet 3145,,,,,,,,
4409,d#siv+ mit ſunden iſt gem#^æ+il#&+,,,,,,,,
4410,#f54r+ uon der helle fur#&+ er die,,,,,,,,
4411,di ſinen willen taten hie,,,,,,,,
4412,der himel iſt im undertan,,,,,,,,
4413,ze ſinem gebot muz er ſtan 3150,,,,,,,,
4414,,die ſunde chan er ſus,,di ſvnde kan er alſus,#fE2r+ […] al ſus,,,,
4415,,leſchen v#and+ ſwen#aden+,,leſſchen vnd ſwenden,leſken und ſwenden,,,,
4416,,den chriſten ellenden,,,,,,,
4417,,,,daz di lute mak geſcheiden,daz die lute niht mac geſchenden,,,,
4418,,,,des tuvels ruge vnd ſin clage,,,,,
4419,,,,an dem iungiſten tage,,,,,
4420,,,,,deſ tievels getat,,,,
4421,,,,,wan d#aer+ gwalt inſiner hant ſtat,,,,
4422,,,,di warheit ich dir ſtelle,#iD+ie warheit ich dir zelle,,,,
4423,,,,erledigz vns vond#aer+ helle,er ledeget vz d#aer+ helle,,,,
4424,,,,di ſinen willen haben getan,die ſinen willen hant getan,,,,
4425,,,,d#aer+ himel iſt in uf getan,der himel iſt ime vf getan,,,,
4426,#?avnd+ allez dazter îe wart,alleſdaz d#aer+ ie wart,,vnd alliz daz da ie gewart,allez daz da ie wart,,,,
4427,daz iſt geſegent vnt bewart,daz iſt in ſin#aer+ h#suo+t bewart,,daz iſt geſeinet vnd bewart,daz iſt geſegent v#and+ bewart,,,,
4428,uon ſiner magenchrefte,v#aon+ ſiner maiſterſchefte,,v#aon+ ſiner mankrefte,von ſin#aer+ magenkrefte,,,,
4429,#avnd+ mit der herſchefte,v#and+ reht#aer+ hêrſchefte,,vnd mit d#aer+ herſchefte,v#and+ mit da#aer+ herſchefte,,,,
4430,die niemen kan ueren#lde+n 3155,,,,,,,,
4431,,d#aer+ nimmer wirt ende,,d#aer+ nimmer wirt ein ende,d#aer+ niemer wirt ende,,,,
4432,dar ſcholtu din dieneſt wen#lde+N,da von deinen #f46v+ dienſt im wende,,da mahtu din dinſt wol bew#aen+de,da mah dv din dieniſt wol gewenden,,,,
4433,#iI+oſeph #lde+r vil einualte,#rI+oſeph d#aer+ einvalte,,#iI+#rO+ſeph d#aer+ einualte,#rI+oſeph d#aer+ einvalte,,,,
4434,niht langer er entwalte,niht lenger er entwalte,,nicht leng#aer+ er enwalte,langer niht en twalte,,,,
4435,ſin fr#sov+de wart erhaben,ſein frevde wart vil michel,,ſin ureude wart ſo michel,ſin vr#sov+de war#zt+ ſo michel,,,,
4436,ſin herze ſa entladen 3160,,,,,,,,
4437,uon ſorgen die er hæte,,,,,,,,
4438,#f54v+ do bot er ſih drate,,,,,,,,
4439,unſer fr#sov+en zefuzzen,,,,,,,,
4440,,ia waz er worden ſicher,,io was er word#aen+ ſich#aer+,daz er waſ worden ſicher,,,,
4441,,von allem vngem#sue+te,,vor allem vngem#sue+te,v[...] vngemvte,,,,
4442,,von des engels g#sue+te,,v#aon+ des engels g#sue+te,mit deſ [...]gels gvte,,,,
4443,,die wunder hiez er ſchreiben,,di wund#aer+ h#sie+z er ſc#ari+ben,dv wnder hiez er ſchriben,,,,
4444,,ſeiner gemahel ſant marien,,vnſer urouw#aen+ ſant marien,ſante MaRien,,,,
4445,,erbot er ſich ze den fuezzen,,bot er ſich zu fuzen,bot er ſich ze fuzen,,,,
4446,er ſprah wie wol mir m#suo+zzen,er ſp#ara+ch wie mich mvezzen,,er ſprach wi wol mich #fC2/36+ m#sue+zen,er ſp[...]ch wie wol mich mvzen,,,,
4447,min ſunde ſtan ze r#siv+we 3165,die ſunde imm#aer+ riwen,,di ſunde imm#aer+ ruwe,die ſunde iemer riwen,,,,
4448,daz ich die miſſetr#siv+we,daz ich miſſe triwe,,daz ich dich miſſetruwe,d[...] die miſſetruwe,,,,
4449,uf dinen lip ie gewan,#sov+f dein#aen+ leib ie gewan,,uffe dinen lip ie gewan,[...] lip ie gwân,,,,
4450,umbe dehein irdiſken man,gen denhein#aen+ yrdiſchen man,,vmme keinen [...],vmbe dehainen [...],,,,
4451,#lde+r engel mich bewiſet hat,der engel mir geſagt hat,,,der engel mir geſeît hat,,,,
4452,wie ez umb dih fr#sov+e ſtat 3170,wie ez vrowe vm dich ſtat,,,wiez umbe dich kuneginne ſtat,,,,
4453,du biſt ein inſigele,,,,#iD+v biſt ein inſigele,,,,
4454,#lde+s keiſers uz dem himele,,,,deſ keiſerſ von himele,,,,
4455,der dih hat gemæhelot,,,,der dich #zhat+ gema#dc+helot,,,,
4456,durh aller ſundære not,,,,umbe aller ſundare nôt,,,,
4457,#iD+iv mæit ſih fr#sov+en began 3175,,,,,,,,
4458,ir ſælde die ſah ſie an,,,,,,,,
4459,ſie weſſe wol die gnade frone,,,,,,,,
4460,do neik ſie im alſo ſchone,,,,,,,,
4461,der ſie geſchuf zeden eren,,,,,,,,
4462,an ſin lop begun#lde+ ſie cheren 3180,,,,,,,,
4463,bed#siv+ zunge #avnd+ ir ſinne,,,,,,,,
4464,ſie ſprah ia mak d#siv+ gotes minne,,,,,,,,
4465,an mir wol uolbringen,,,,,,,,
4466,alſ ich han gedingen,,,,,,,,
4467,,der magede herze ſich erh#suo+b,,,d#aer+ magede herce ſich er h#svo+p,,,,
4468,,ſi weſſe wol daz ſi tr#suo+k,,,ſv weſte wol daz ſv trvc,,,,
4469,,den troſt aller heiligon,,,den troſte aller hailigen don,,,,
4470,,des ſeit ſi got dank v#and+ lon,,,ſv ſeite danc v#and+ lon,,,,
4471,,d#aer+ potſchfte frone,,,der boteſchefte frônne,,,,
4472,,hinz himel naik ſi ſchone,,,ze himele neic ſv ſcone,,,,
4473,,durch vil manik zaichen,,,dvrch dv manegen zaichen,,,,
4474,,die zeher begunden waichen,,,die zahere begunden waichen,,,,
4475,,ir bruſt vnbewollen,,,ir bruſte vnbewollen,,,,
4476,,ſi ſp#ara+ch ia mak ervollen,,,ſv ſp#ara+ch io mac er vollen,,,,
4477,,vnſer herre vil wol,,,,,,,
4478,,des ich imm#aer+ weſen ſol,,,,,,,
4479,ſwaz er gebivtet #avnd+ wil 3185,ſwaz er gebevtet v#and+ wil,,,ſwaz er gebutet v#and+ wil,,,,
4480,er git mir mandunge vil,er mak mir genade geben vil,,,er gît mandunge vil,,,,
4481,#?zD+ie zu der re#lde+ quamen,,,,,,,,
4482,,#rD+ie in daz h#sov+s chamen,,,,,,,
4483,,,,,#iD+ie indeme hvſe waren,,,,
4484,do ſi daz wn#lde+r uernamen,v#and+ diſe rede v#aer+namen,,,do ſie die rede v#aer+namen,,,,
4485,,alt v#and+ ivnge,,,alte v#and+ iunge,,,,
4486,,zeſamen ſi ſprungen,,,ze ſamæne ſie #fE2v+ ir ſprungen,,,,
4487,ſtarke lobten ſie #lde+n heilant,v#and+ lobten den hailant,,,ſi lobent den hailant,,,,
4488,#lde+r ſine zeſwen hant 3190,d#aer+ ſeine zeſewe v#and+ ſeine hant,,,der ſine zeſuwen hant,,,,
4489,hete gerihte uber ſie,het gepraitet vber ſie,,,hete ge rihtet ub#aer+ ſie,,,,
4490,grozer fr#sov+de diu wart nie,me#f47r+rer frevde div wart nie,,,grozer vr#sov+de wart nîe,,,,
4491,un#lde+r einem geſin#lde+,,,,,,,,
4492,uon #lde+r muter #avnd+ dem kin#lde+,,,,,,,,
4493,,an den b#suo+chen geſchriben,,,an den bvchen geſcriben,,,,
4494,,ſi begunden ane digen,,,ſi be gunden in alle an dingen,,,,
4495,,christeſ ſagerere,,,kriſtes ſagare,,,,
4496,d#siv+ richen niwe m#^æ+re 3195,die ſtarken niwe mere,,,dv ſtarken nvwen mare,,,,
4497,die muſen ſie furware,,,,,,,,
4498,uor grozer liebe bewêjnen,,,,,,,,
4499,alſo waren ſie ungeſchêi#lde+N,,,,,,,,
4500,,muoſten ſi bewainen,,,mvſten ſi be waînen,,,,
4501,,MaRia v#and+ Ioſeph die beliben vngeſchaiden,,,,,,,
4502,,,,,ſie waren an den truwen vngeſcheiden,,,,
4503,#iD+az m#^æ+re do uedere gewan,,,,#iD+az mare gwan do vedere,,,,
4504,,#rD+az mere weite do chom,,,,,,,
4505,uon der fr#sov+en wolgetan 3200,vm die vrowen luſtſam,,,,,,,
4506,,,,,umbe die maget edele,,,,
4507,,ez ſolde niht v#aer+holen ſein,,,moht ez niht v#aer+holen ſin,,,,
4508,,ez flouk weiten vnd#aer+ in,,[...]ug ez witen vnt#aer+ in,ez vl#sov+c witen vnd#aer+ in,,,,
4509,witen fur ez ze gazzen,von gazzen zegazzen,,v#aon+ gazen zu gazen,von gazzen ze gazzen,,,,
4510,die #f55r+ iu#lde+n viengen zehazze,die ivden begunden hazz#aen+,,di iuden begond#aen+ hazen,die iden be[...]en hazzen,,,,
4511,div ungewonlichen wort,div vngewonlichev wort,,di vngewonliche wort,dv vngwonlichen wort,,,,
4512,umbe #lde+n himiliſken hort,vm den geiſtlichen hort,,vm den [...],vmbe den geiſl[…]chen hort,,,,
4513,den d#siv+ rêine maget truch 3205,den div maget trvege,,,[...]get [...],,,,
4514,iz duhte ſie ungefuge genuch,ez douht ſi vngefuege,,,ez dvhte ſie #zvn+gefuge,,,,
4515,wand ez e nie wart uernomen,,,,wan des ê nie v#aer+namen,,,,
4516,zeſamen waren ſie komen,,,,,,,,
4517,,wan ſi ez nie geſahen,,,,,,,
4518,,ſi hiezzen mariam vahen,,,ſi hiezen die maget vahen,,,,
4519,,v#and+ Ioſeph den alten,,,v#and+ Ioseben den alten,,,,
4520,do hiezzen ſie behalten,hiezzen ſi behalten,,,v#and+ hiezen ſi behalten,,,,
4521,die fr#sov+en #avnd+ #lde+n alten 3210,,,,,,,,
4522,untze an#lde+n andern morgen,vnz anden andern morgen,,,vnz an den andern morg[...],,,,
4523,des ſie da heten ſorgen,des ſida heten ſorgen,,,deſ ſi heten ſorge,,,,
4524,daz wære in geſcha#lde+t niht,daz hiet in niht geſchadet,,,daz hete in niht geſchat,,,,
4525,ob ſie hæten wiſtûmes iht,v#and+ heten ſi ſinne gehabet,,,heten ſi wiſtum gehabet,,,,
4526,die tumben ewarte 3215,die tumben æwarten,,,die tumben ewarten,,,,
4527,die erkomen harte,erchomen d#aer+ rede harte,,,er kom#aen+t d#aer+ rede harte,,,,
4528,uon der re#lde+ do ſie #f55v+ erſchal,,,,,,,,
4529,#avnd+ diu ivdenſchaft uberal,,,,,,,,
4530,,,,,vber alle die ſynagogam,,,,
4531,,,,,er schrîte wip v#and+ man,,,,
4532,die biſgofe vnt die rihtære,die piſchof v#and+ ire furſten,,,#iD+er biſkof v#and+ die furſten,,,,
4533,uerviengen ſie mit ſwære 3220,,,,,,,,
4534,,gewunnen die geturſten,,,waren indem ge turſten,,,,
4535,daz ſie die maget here,daz ſi die maget here,,,daz ſi die maget here,,,,
4536,raf#?ſ+ten alſo ſere,berefſten alſo ſere,,,refſten uil ſere,,,,
4537,ſunderen hiezzen ſies do,ſundern hiezzen ſi ſiv do,,,eine ſunderin #dſie+ hiezen #zſi+ ſie do,,,,
4538,in ir nitlichem #?acon+cilio,in ir concilio,,,in ir concilio,,,,
4539,einhalp ſtunt #lde+s himels brut 3225,,,,,,,,
4540,an#lde+rhalp der goteſ trut,,,,,,,,
4541,furgeleit wart in be#?zi+den,,,,,,,,
4542,von dem uolke unbeſcheiden,,,,,,,,
4543,,vnſer vrowe ſt#suo+nt ainhalben,,,vnſer vr#sov+we ſtvnt ein halp,,,,
4544,,#rI+oſeph anderhalb#aen+,,,Ioſeph and#aer+halp,,,,
4545,,alſo wurden ſi geſtalt,,,ſuſ wrden ſie geſtellet,,,,
4546,,in wart vor gezalt,,,v#and+ wart in vor ge zellet,,,,
4547,manich f#?z+reise #avnd+ zorn,manek fraiſe v#and+ zorn,,,manic vraiſe v#and+ zorn,,,,
4548,w#^j+e ſie muſen ſin uerlorn 3230,wie #f47v+ ſi m#sve+ſen ſein v#aer+lorn,,,wie ſi waren verlorn,,,,
4549,ob ſie deheiner ſun#lde+n,,,,obe ſi an dehainer ſtunde,,,,
4550,wrden uberwnden,,,,ſunden wrden vb#aer+wnden,,,,
4551,ſie begun#lde+n ſie anueht#aen+,ſi begunden ſey an vehten,,,ſi begunden ſi ane uehten,,,,
4552,daz uon ir unrehte,daz von ir vnrehten,,,daz von ir vn rehte,,,,
4553,d#siv+ e wære zebrochen 3235,div #^æ+ were zeprochen,,,dv ê ware zer brochen,,,,
4554,daz wrde wol errochen,daz belibe niht vngerochen,,,daz wrde wol [...],,,,
4555,ob ſie uor ir geſlahte,,,,,,,,
4556,gerihten nîen mæhte,,,,,,,,
4557,ſie ſatzen in varlichen f#svo+r,,,,,,,,
4558,die angeſtlichen ſelbch#suo+r 3240,,,,,,,,
4559,ez hete in ſinem gebote,,,,,,,,
4560,moyſes geueſtent uon gote,,,,,,,,
4561,die ander e miſſetaten,,,,,,,,
4562,welh p#suo+ze ſie dauon hæten,,,,,,,,
4563,daz in daz gerihte gemêine 3245,,,,,,,,
4564,ertæilte die ſtêine,,,,,,,,
4565,#avnd+ den ſwæren tot mit ſchanden,,,,,,,,
4566,uon ſteinwerfenten handen,,,,,,,,
4567,daz leiten ſie in fûre durh nît,,,,,,,,
4568,den #lde+r tieuil den ſinen git 3250,,,,,,,,
4569,die im un#lde+rhorik ſint,,,,,,,,
4570,#avnd+ #zdie+ uor ubele werde#?z+nt blint,,,,,,,,
4571,an #lde+r gute v#and+ der w#?z+arheit,,,,,,,,
4572,diu tugentrich#siv+ mæit,,,,,,,,
4573,eruorhte ir zenihte daz 3255,,,,,,,,
4574,ſie troſte ie baz #avnd+ baz,,,,,,,,
4575,ir reines herzen ſtæte,,,,,,,,
4576,ſwie genote ir diu diet tæte,,,,,,,,
4577,,nach Moyſes gebot,,,,,,,
4578,,daz in geſetzet were von got,,,,,,,
4579,,alle die vnælich,,,,,,,
4580,,lebten in dem reich,,[...] indem rich,,,,,
4581,,daz man ſiv ſtainot,,daz man ſi ſteinote,,,,,
4582,,ſi ſtrebten vil genot,,ſi ſtrebten vil genote ,,,,,
4583,,daz man ſiv bede tot,,,,,,,
4584,,div magt vorihte niht daz ,,,,,,,
4585,,wan ſi îe baz v#and+ baz,,,,,,,
4586,,troſt ir gem#sve+te,,,,,,,
4587,,ſwas man ſey gem#svo+te,,,,,,,
4588,,,,daz ſi da muſten lig#aen+ tot,,,,,
4589,,,,des betwank ſi doch kein [...],,,,,
4590,ioſeph #f56r+ ſin unſchulde bot ,#rI+oſeph ſein vnſchulde pot,,,,,,,
4591,erne wart nîe bleich noh rot 3260,er wart nie plaich noch rot,,,,,,,
4592,uon neheiner ſlahte uorhten,von den hain#aer+ ſlahte vorhten,,,,,,,
4593,die iuden alle daz marhten,die ivden daz allez marekten,,,,,,,
4594,daz ſie bed#siv+ ſtateklichen,,,,,,,,
4595,uor armen #avnd+ uor richen,,,,,,,,
4596,ir unſchulde iahen 3265,daz ſi vnſchulden iahen,,,,,,,
4597,ſwie ſie die bern#lde+ wambe ſaheN,,,,,,,,
4598,,v#and+ ſi die warheit ſahen,,,,,,,
4599,#iS+i heten eine gewonheit,Si heten eine gewonheit,,,,,,,
4600,diu was den ſchuldigen leit,div waz den ſchuldegen lait,,,,,,,
4601,ein urteile freiſſam,ein vrtail frayſam,,,,,,,
4602,ir alter uater habrah#?aam+ 3270,ir lieber vater abraham,,,,,,,
4603,vnt ir herzoge moiſes,v#and+ ir vat#aer+ Moyſes,,,,,,,
4604,die bewiſten ſie des,die beweiſten ſi des,,,,,,,
4605,daz ſie #lde+s wazzerſ un#lde+,daz ſi des wazzers vnden,,,,,,,
4606,#f56v+ alſo geſegen chun#lde+N,alſo ſegen chvnden,,,,,,,
4607,vnde alſo tiefe beſwêrn 3275,v#and+ alſo tyeffe beſweren,,,,,,,
4608,daz ſie niemen mæhte ernern,daz ſich nieman mohte ernern,,,,,,,
4609,die ſchuldige dar chamen,,,,,,,,
4610,#avnd+ daz tranch genamen,die den trank namen,,,,,,,
4611,mit lei#lde+ muſen die beligen,,,,,,,,
4612,die uon ſchul#lde+n wr#lde+n bezigen 3280,,,,,,,,
4613,,v#and+ ihteſ ſchuldik waren,,,,,,,
4614,,des ſi ſchuldik beliben,,,,,,,
4615,,des ſi wurden gezigen,,,,,,,
4616,ofte geſcah ſwer iz tranch,dike chom ez der ez trank,,,,,,,
4617,daz im div huf uzſpranch,daz im div huf #sov+f ſp#ara+nch,,,,,,,
4618,im ſprungen uz ioh div #sov+gen,ofte ſprungen im #sov+z die augen,,,,,,,
4619,ſwer da wolte l#sov+gen,ſwer #f48r+ da wolte laugen,,,,,,,
4620,ſiner miſſetæte 3285,ſein#aer+ miſſetat,,,,,,,
4621,die er begangen hæte,die er begangen hat,,,,,,,
4622,genuge lagen da tot,gen#suo+ge lagen tot,,,,,,,
4623,durh des wazzeres not,v#aon+ des wazzers not,,,,,,,
4624,ſie forhten ez alle enſamet,,,,,,,,
4625,ia waſ d#siv+ urteil genamet 3290,,,[...] daz urteil genament,,,,,
4626,ein wazzer zelotipie,ez hiez a#aqua+lotipie,,aqua celotippie,,,,,
4627,den ſchuldigen tet ſie #^w+e,den ſchuldegen tet iz w#^æ+,,ez tet d#aen+ ſchuldig#aen+ we,,,,,
4628,Nu dr#sov+ten ſie unſer fr#sov+en,ſi droten vnſer vrowen ,,ſi dreut#aen+ vns#aer+ urouwen,,,,,
4629,ſie wolten daran ſc#sov+en,ſi wolten dar an ſchowen,,ſi wolt#aen+ [...],,,,,
4630,wer der man wære 3295,wer d#aer+ man were,,,,,,,
4631,bi dem ſie kint geb#^æ+re,pey dem ſi daz kint gebære,,,,,,,
4632,ſie dr#sov+ten #sov+ch ioſebe,Si droten Ioſeben,,,,,,,
4633,ze uorderiſt ander grede,,,,,,,,
4634,,auch an ſein leben,,,,,,,
4635,wolt er ſchiere niht iehen,ob er niht wolte iehen ,,,,,,,
4636,er muſe iamer ſehen 3300,er m#sve+ſe fraiſe ſehen,,,,,,,
4637,ane ſin ſelbes libe,an ſein ſelbes leibe,,,,,,,
4638,ſie fragten ob er zewibe,ſi fragten ob er ze weibe,,,,,,,
4639,hete g#^w+nnen die maget,het gehabt die magt,,,,,,,
4640,der herre was unuerzaget,d#aer+ herre waz vn verzagt,,,,,,,
4641,er ſprah vil gnendekliche 3305,er ſp#ara+ch vil paltliche,,,,,,,
4642,daz wizze got #lde+r #?zriche+,daz wizze got d#aer+ reiche,,,,,,,
4643,daz ich ſin niht han getan,,,,,,,,
4644,noh nie willen gewan,,,,,,,,
4645,daz kint ich nie gerûrte,daz ich ſey nie ger#suo+rte,,,,,,,
4646,doh ich ſie heim furte 3310,ſeit ich ſey haym f#suo+rte,,,,,,,
4647,ir wizzet wol wes ich gedahte,ir wizzet wol waz ich rette,,,,,,,
4648,do man mirſ zubrâhte,,,,,,,,
4649,,v#and+ wes ich willen hette,,,,,,,
4650,ze capfarnaum waſ ih geuarn,ze Capfarnaum waz ich gevaren,,,,,,,
4651,da muſe ich an#lde+r dinch bewarn ,and#aer+ min dink bewaren,,,,,,,
4652,do #f57r+ ich chom wider hêin 3315,do ich chom wid#aer+ haim ,,,,,,,
4653,diſiv ſorge mir erſchêin,diſe ſorge mir erſchain,,,,,,,
4654,die ir nu ſelbe chieſet,die ir ſelbe kieſet,,,,,,,
4655,unt iſt daz ir mih nu flieſet,iſt daz ir mich v#aer+lieſet,,,,,,,
4656,got mak die ſele behalten,,,,,,,,
4657,#avnd+ ruche deſ #?[...]+ 3320,,,,,,,,
4658,,got mak mit ſeinem gewalte,,,,,,,
4659,,mein ſele wol behalt#aen+,,,,,,,
4660,#iD+ie erſteinten iuden,#rD+ie vil herten Ivden,,,,,,,
4661,die unſer fr#sov+en anlugen,die Mariam ane lugen,,,,,,,
4662,#avnd+ ir ere furten ueile,v#and+ ir ære f#suo+rten vaile,,,,,,,
4663,die ilten die urteile,ſi eylten die vrtayle,,,,,,,
4664,ſegenen mit flizze,ſegen mit fleizze,,,,,,,
4665,daz ſie #zdie+ itwîzze,daz ſi ir iteweizze,,,,,,,
4666,muſen da bewæren,m#sve+ſten bewæren,,,,,,,
4667,mit wlfinen gebaren,vil wu#zl+ffein gebaren,,,,,,,
4668,raizete ſie algemêine,tr#suo+gen ſi ge#f48v+maine,,,,,,,
4669,#lde+r nit uf die #zvil+ reine 3330,,,,,,,,
4670,do #lde+r brunne waſ gereit,,,,,,,,
4671,ioſep alſ daz buch #f57v+ ſæit,,,,,,,,
4672,,ovf die vrowen raine,,,,,,,
4673,,ſi ſahen ſei an mit hazze,,,,,,,
4674,,do geſegent wart daz wazzer,,,,,,,
4675,,aqua potacionis,,,,,,,
4676,,do wolten ſi ſein gewis,,#f38/C2+ do wolt#aen+ ſi weſen uil gewis,,,,,
4677,,daz ſi zeſchalle,,,,,,,
4678,,,,daz ſi mit g#aro+zem ua[...]le,,,,,
4679,,v#and+ ze ſpote wurde in allen,,zu geſpotte in wurde allen,,,,,
4680,,,,dauidis kint i[...]ſeph,#fE1r+ #iD+auides kint ioſeph,,,,
4681,,,,als da geſc#ari+ben ſtet,als e da geſcriben ſtet,,,,
4682,der gerte neheiner friſte,#rI+oſeph gert den heiner friſt,,d#aer+ beg#aer+te kein#aer+ uriſte,der gerte dehainer vriſt,,,,
4683,wand in got ſelbe wiſte,,,,,,,,
4684,,wan er trank ze fordriſt,,trank zudem erſten,er tranc zemeriſt,,,,
4685,erdranch ane ſorgen dar fur 3335,ane ſorge er dar f#suo+r ,,ane ſorge er dar w#ze+r,ane ſorge dar zv,,,,
4686,erne uorhte niht daz er uerlûr,er dahte niht daz er ver lure,,er envorhte nicht daz er u#aer+l#sue+r,,,,,
4687,,,,,ern wolte niht alſo fr#svo+,,,,
4688,den lip oder ſin ere,leib od#aer+ ſele,,lip od#aer+ ſele,v#aer+lieſen lip od#aer+ ſele,,,,
4689,er gedaht an die lere,er gedaht an die lere,,io gedach[...] er andi lere,er dahte an die lere,,,,
4690,die im der engel zu ſprah,die ime der engel z#svo+ ſp#ara+ch,,di um d#aer+ engel zuſprach,die ime d#aer+ engel zv ſprach,,,,
4691,do er in ivngiſte ſach 3340,do er in ze leſte ſach,,do er zu [...]gest#aen+ ſach,do er in mit vnfr#sov+den ſach,,,,
4692,diu fr#sov+te ſinen gedanch,daz troſte ſeinen gedank,,di freute ſine gedank,dv vr#sov+te ſinen gedanc,,,,
4693,do hub er uf unt dranch,do h#suo+b er ovf v#and+ trank,,do hub er uf[...] vnd trank,do hup er vf v#and+ tranc,,,,
4694,froliche uor in allen,,,,,,,,
4695,ſie wanten in ni#lde+r uallen,,,,,,,,
4696,#avnd+ uerderben da zeſtete 3345,,,,,,,,
4697,iedoh got gnadeklicher tet,,,,,,,,
4698,#lde+r die ſîne niemer uerlat,,,,,,,,
4699,unt in an #lde+n noten bigeſtat,,,,,,,,
4700,,eine ſchenche grozze ,,eine ſchenke groze,eine schenke #dk+ groz,,,,
4701,,vor ſeinen h#sov+#dz+ſgenozzen,,vor ſin#aen+ hus[...]nozen,vor ſime huſgnoz,,,,
4702,Do ſtunt er ane wende,er belaib ane miſſewende,,do ſtunt er ane wende,#iD+o ſtunt er ane wende,,,,
4703,ſie furten in bi der hende 3350,ſi namen in bei der hende,,ſi d#aer+wiſcht#aen+ in b[...] hende,ſie wiſten in bi der hende,,,,
4704,umbe den alt#^æ+re ſibenſtunt,v#and+ f#suo+rten in vm den alter ſiben ſtunt,,vmme den alt#aer+ ſibenſtunt,umbe den alter ſibenſtvnt,,,,
4705,dann#aen+ ſchîed er wolgeſunt,von danne ſchiet er wol geſunt,,dann#aen+ ſchit [...] wol geſunt,dann#aen+ ſchiet er wol ge ſunt,,,,
4706,daz nehein urkun#lde+,,,daz kein urkunde,daz dehein vrkunde,,,,
4707,luglicher ſunde,,,lugenlich#aer+ ſund[...],lugelicher ſunden,,,,
4708,an im wart erfunden 3355,,,an im wart erfunden,an ime wrde funden,,,,
4709,ſo gnas er uor #lde+n hunden,,,,,,,,
4710,,,,do u#aer+gab#aen+ in di wutend#aen+ h[...],do begaben in die wutinden hunde,,,,
4711,#iN+v get ez an unſer fr#sov+en ,#rD+o gienk ez an vnſer vrowen,,#iD+#rO+ gink ez an vnſer urouwen,do gienc ez an vnſer vr#sov+w#aen+,,,,
4712,da maht man wol ſch#sov+en,,,,,,,,
4713,ſpilntiv #sov+gen frien m#suo+t,,,,,,,,
4714,uon gote waſ ſie ſo behut 3360,,,,,,,,
4715,,div ſt#suo+nt mit ſpilinden oug#aen+,,di ſtunt mit ſpilnden ougen,dv ſtunt mit ſpilinden #sov+gen,,,,
4716,enmitten inme chreizze,mitten in dem kraizze,,mitt#aen+ indeme kreize,mitten indeme kreize,,,,
4717,div ſcheltwort als he#?i+zze,div ſcheltwort vil haizze,,di ſ[...]eltwort alſo heize,dv ſchelt wort als heize,,,,
4718,diu waren ir ſam daz t#sov+we,waren ir linde als ein tav ,,di warn ir linde als d#aer+ tou,waren ir linde als daz t#sov+,,,,
4719,wand ſie daz unreht nie ger#sov+we,,,wa[...] ſi diboſheit ni gerou,wan ſi boſhait nîe ge r#sov+,,,,
4720,daz ſie mit iemen îe begîe 3365,,,di ſi mit mann#aen+ begie,die ſv mit mannen îe begîe,,,,
4721,ioh den willen gewan ſie nîe,,,d[...] willen gewan ſi nie,den willen gwan ſiv nîe,,,,
4722,,die man ire fure plav,,,,,,,
4723,Der biſgof redet ſamet ir,der pyſchof ret mit ir,,d#aer+ biſchof rette mit ir,#iD+er biſcof redte mit ir,,,,
4724,die ſchul#lde+ kieſen wir,daz vrkunde kieſe wir,,daz [...]kunde kiſen wir,daz vrkunde ſehen wir,,,,
4725,an din ſelbes libe,an din ſelbes leibe,,an din ſelbis libe,an din ſelbes libe,,,,
4726,ſagan wer dich ze wibe 3370,nv ſage w#di+er dich ze weibe,,nu ſage we[...] dich zu wibe,ſage wer dich ze wibe,,,,
4727,mit ſchan#lde+n habe gemach#&+,mit ſchanden habe gemachet ,,mit ſchand#aen+ hab gemachet,mit ſchanden hat gemachet,,,,
4728,des din #sov+ge #f58r+ lachet,,,des d[...] ouge lachet,deſ din #sov+ge lachet,,,,
4729,des mahteſtu baz #^w+einen,,,des mochtes du baz weinen,dv mahteſ baz #dm+ wainen,,,,
4730,du wir#lde+ſt ze tæile den ſtêinen,,,,,,,,
4731,,v#and+ din ere beſwachet,,,,,,,
4732,,,,du m[...] den man bezeigen,dv muſt den man zaigen,,,,
4733,die m#suo+ſtu uor unſ li#lde+n 3375,dv m#suo+ſt die pene leiden ,,vnd muſt di ſteine liden,v#and+ die ſtaine liden,,,,
4734,wand ſie div e ſolhen wiben,,,,,,,,
4735,,die moyſes ſolhen weiben,,di [...]yſes ſulch#aen+ wiben,die Moyſes ſelhen wiben,,,,
4736,ertæilet an#lde+n buchen,#f49r+ geſatz hat an den b#suo+chen,,ſatzte an dibuch,ſazte an den b#suo+chen,,,,
4737,du maht unſ niht uerſuchen,dv endarft vnſ niht v#aer+ſ#suo+chen,,du enda[...] vns nicht u#aer+ſuchen,dvne mah vnſ niht v#aer+ſvchen,,,,
4738,mit ualſlichem l#sov+gen,,,,,,,,
4739,,daz dv geturreſt laugen,,daz du turreſt lougen,#iD+az dv geturreſt l#sov+gen,,,,
4740,daz tu haſt gefrûm#&+ tovgen 3380,daz dv getan haſt taugen,,daz du [...]aſt gefrumet tougen,daz dv geſundet has t#sov+gen,,,,
4741,daz ſchinet andir zware ,daz ſcheint an dir vorn,,daz ſchinet an dir davor [...]e,daz ſchinet an dir vorne,,,,
4742,din reht hilf#&+ dir undare,,,,,,,,
4743,,von dem goteſ zorn,,vondem gotis zorne,von deme goteſ zorne,,,,
4744,Diu maget began antwrt#aen+,Si begunde im antwurtten ,,di maget im antworte,dv maget antwrte,,,,
4745,mit ſenftlichen worten,mit gezogen worten,,mit gezogenlich#aen+ worten,mit gezogenlichen worten,,,,
4746,ia hete ſie die zunge 3385,,,io hatte ſin zungen,io hete ſv die zvngen,,,,
4747,in ſuzze rede betwngen,,,in [...]uze rede betwungen,in ſelhe rede #fE1v+ betwngen,,,,
4748,ſie ſprah ich enhan #f58v+ des niht getan,ſi ſp#ara+ch ich han des niht getan,,ſi ſprach ich enhab des nicht [...]etan,ſu ſp#ara+ch ich en han ſelhes niht getân,,,,
4749,daz ich habe todes wan,,,daz ich todes habe wan,daz ich des todes habe wân,,,,
4750,,darum ir mich ſprehet an,,,,,,,
4751,got weiz min unſchul#lde+,got waiz wol mine ſchulde,,got weiz min vn[...]hulde,got waîz wol mine ſculde,,,,
4752,unde han ich ſine hulde 3390,v#and+ hab ich ſine hul#lde+,,vnd hab ich gotis hulde,v#and+ han ich ſine hulde,,,,
4753,ſo muz min rat wer#lde+n,ſo mak mein rat werden,,ſo m#sue+z min rat w#aer+[...]en,ſo m#svo+z mîn rat werden,,,,
4754,ernelat mih niht erwerden,er lat mich niht v#aer+ſeren,,er enlezet mich nicht d#aer+ſterben,er lat mich niht v#aer+derben,,,,
4755,han aue ich geſundet,han aber ich geſvndet ,,hab ab#aer+ ich geſundet,#iH+an aber ich ge ſundet,,,,
4756,daz ich ſo bin erzundet,daz ich pin enzundet,,daz ich ſo bin enzundet,daz ich bin en zvndet,,,,
4757,mit werltlikem vîure 3395,von werltlichem fiwer,,mit w#aer+ltlichem fu[...]e,mit weltlichem fure,,,,
4758,ſin gnade iſt ſo tivre,ſin genade ſey mir tiwer,,ſin gnad iſt ſo ture,ſin gnade iſt ſo gehure,,,,
4759,daz erz wol mak erzeigen,,,daz mag er wol d#aer+zeigen,daz mac er wol er zeigen,,,,
4760,ſwer ſih zeſunden wil neigen,,,,,,,,
4761,,,,[...]v diſele wil gemeilen,ſwer die ſele wil vn raînen,,,,
4762,#lde+rne darf den ualſliken ſin,,,d#aer+ endarf den falsch#aen+ ſin,der en darf den falk ſîn,,,,
4763,niht uerlazzen an in 3400,,,nicht lazen an in,niht lazen an in,,,,
4764,ſih ſelben er betruge,,,ſich ſelb#aer+ er betruge,ſich ſelben er truge,,,,
4765,ſwer mit im #lde+hein luge,,,w#aer+ mit im keine lugen,ſwer mit ime deheiner luge,,,,
4766,gedæhte beherten,,,wolte beh#aer+ten,wolte beherten,,,,
4767,erne lie mich nie uerwerten,,,er enliz nie u#aer+wert#aen+,ern lie mich niht v#aer+werten,,,,
4768,uon îemænſ unzuhten 3405,,,mit mannes vnzuchten,von mannes vnzvhten,,,,
4769,daz wil ich hie gerihten,,,des wil ich hie gericht#aen+,daz wil ich hie gerihten,,,,
4770,allem diſem geſinde,,,,,,,,
4771,d#siv+ urteil iſt mir linde,,,,,,,,
4772,w#aan+d die mi#?h+ hiute hie ſehent,,,,,,,,
4773,,ſwaz ich mit mannen ie begie,,,,,,,
4774,,da fur wil ich rihten hie,,,,,,,
4775,,daz ich der vnſchuldek ſey,,,,,,,
4776,,,,aller dirre d#sye+t,#iA+ller dirre diete,,,,
4777,,,,wil ez got geb#sie+t,wil ez got gebîeten,,,,
4778,,,,di mich geho[...]ent vnd geſehent,die ez horent v#and+ ſehent,,,,
4779,hernah ſie #lde+s iehe#?lNt 3410,,,daz ſi h#aer+nach iehent,daz ſi des her nach iehent,,,,
4780,daz got der ſterker ſi,,,daz got [...] ſterker ſi,daz got d#aer+ ſterker ſî,,,,
4781,daz wazzer daz ſtunt ir bi,daz wazzer daz ir ſt#suo+nt bey,,daz wazer daz ir ſtunt bi,daz wazzer ſtunt da bi,,,,
4782,nu hub ſie uf un#lde+ tranch,,,,,,,,
4783,ane ſtritlichen wanch,,,,,,,,
4784,,daz h#suo+b ſi ane twanch,,,,,,,
4785,,ovf v#and+ t#ara+nch,,,,,,,
4786,,,,daz hub ſi alſo hohe,,,,,
4787,,,,,ſv ſach geîn deſ himeles hohe,,,,
4788,,,,vnd trank ez alſo ſchone,do tranc ſv also ſchone,,,,
4789,ſo uil daz ſie des iahen 3415,ſo vil daz ſi des iahen,,ſo uil daz [...] des iahen,daz ſi alle iahen,,,,
4790,die daz gerihte ſahen,die daz gerihte ſahen,,di daz gerichte ſahen,die daz gerihte ſahen,,,,
4791,daz ſis alle gnuch duhte,daz ſis gen#suo+k douhte,,daz ſi ſin gn[...]c duchte,daz ſies gnvc duhte,,,,
4792,ir antlutze ir do luhte,ir antlutz ir do louhte,,ur antlize ſchone luchte,ir antluzze ir do luhte,,,,
4793,michels baz denne e,michel paz danne #^æ+,,michels [...]az danne e,michel baz danne ê,,,,
4794,ez entet ir niender wê 3420,ez entet ir ninder wæ,,ez entet ur nicht we,ez en tet ir niht wê,,,,
4795,ſie ne liezzen ſie niht geſten,ſi liezzen ſey niht ſten,,ſi enlizen [...] nicht ſten,ſi liezen ſie niht ſtên,,,,
4796,ſien muſe ſibenſtunt gen,ſi m#suo+ſte ſibenſt#sun+t gen,,ſi muſte ſibenſt#aun+t gen,ſv mvſten ſibenſtvnt gên,,,,
4797,umbe #lde+n alt#^æ+re,vm den altar,,vme den #C2/f39+ altar,vmbe den altare,,,,
4798,do erzaigeten ir gebære,do zaigt#aen+ ire gebar,,do erzeigten ur di gebar,,,,,
4799,,,,,v#and+ zaigete da zware,,,,
4800,daz ſie nihten#?+ſwar 3425,daz ſey niht enſwar,,daz ſi nicht enſw[...],daz ſv niht en ſwar,,,,
4801,vnd ir #sov+h arges nîen war,,,,,,,,
4802,do begaben ſies alle,,,,,,,,
4803,mit lei#lde+ ioh ir ſele ualle,,,,,,,,
4804,daz ſie die #f59r+ lieben gotes brut,,,,,,,,
4805,erbelget hæten uber lvt 3430,,,,,,,,
4806,#iL+eide ſahen in die herren,,,,,,,,
4807,#avnd+ uorhten inz gewerren,,,,,,,,
4808,daz ſie die maget here,,,,,,,,
4809,gemuten ie ſo ſere,,,,,,,,
4810,,,,daz uolk daz da wa#dr+s dar,daz volc daz dar,,,,
4811,,,,geſamet von nide,,,,,
4812,,,,,waſ komen #dda+ witen,,,,
4813,,,,d[...] neigh d#aen+ heilig#en+ [...],daz neîc deme magetine,,,,
4814,,Do bedahten ſich die herren,,#iD+#rO+ erbarmt#aen+ ſich di h#aer+ren,#iD+o ſc#zh+ameten ſich die herren,,,,
4815,,daz ſi al ze verren,,daz ſi alzuv#aer+ren,daz ſi alſo verre,,,,
4816,#avnd+ ſie zeihte heten getriben 3435,die magt heten getriben,,di maget hatten getriben,die maget heten ge triben,,,,
4817,do ſie an allen ir liden,#f49v+ do ſi an allen iren liden,,do [...] alle irn liden,do ſv in allen ir liden,,,,
4818,gantze was beſtanden,ganz waz beſtanden,,ganz was beſtanden,ganz waſ beſtanden,,,,
4819,ſwie ſie doh erchanden,ſwie ſi doch erchanden,,wi ſi doch b[...]den,ſwie ſi doch erkanden,,,,
4820,daz ſie trvch daz kindelin,daz ſi tr#suo+k ein kindelein,,daz ſi tr#sue+c daz kindelin,daz ſv truc ir kindelin,,,,
4821,uon wanne daz mohte ſin 3440,von wev daz mohte ſein,,v#aon+ welchen ding#aen+ da[...] mochte geſin,von we#zl+hen ſculden mohte ſin,,,,
4822,#lde+s nam ſie groz wnder,des nam ſev michel w#aun+der,,des nam ſi wund#aer+ alle,,,,,
4823,diu reine gedaht darunder,,,,,,,,
4824,,die iuden al beſunder,,,,,,,
4825,,,,do ſi ſu zuual[...],,,,,
4826,,,,ane ſchult brachten,,,,,
4827,,,,uil leide ſi in gedachten,,,,,
4828,,Dannoch goteſ pl#suo+me,,de[...] heiligen criſts blume,,,,,
4829,,div wolt ire#dm+n r#suo+m,,,,,,,
4830,,,,di wolte do mit gefuge,,,,,
4831,wie ſie uon dem tæidinge,mit ganzen æren bringen,,v[...] deme teidinge,,,,,
4832,ir gantze #f59v+ ere ſcholte bringen,von den taydingen,,ur ganzen ere bringe,,,,,
4833,ia uorhte ſie die uertane 3445,ſi vorhte die vertanen,,ſi vorcht#aen+ di u#aer+tanen,,,,,
4834,daz ſie mit boſem archwane,daz ſi mit argem wane,,daz ſi mit boſem arkw[...]ne,,,,,
4835,dannoh furten ir haz,dannoch vorhten iren haz,,dannoch wrten ir haz,,,,,
4836,rihten wolte ſie baz,rihten wolt ſi ab#aer+ paz,,richt#aen+ wolten ſi baz,,,,,
4837,,do ſ#swo+r ſi manige ayde,,do ſwur ſi m[...]nige eyde,,,,,
4838,,die waren niht maine,,di enwarn nicht meyne,,,,,
4839,do ſ#^w+r ſie #lde+n g#?ari+mmigen livten,,,d#aen+ grimm[...]gen luten,,,,,
4840,bi allen gotes truten 3450,,,bi allen gotis trutin,,,,,
4841,,,,vnd bi all#aen+ d[...] boten,,,,,
4842,,,,di ie kom#aen+ zu #zvon+ gote,,,,,
4843,,,,di in deme himel[...] ſwebten,,,,,
4844,,,,vnd ewiclich#aen+ lebeten,,,,,
4845,die ze hiemel heten reſte,,,vnd da hette[...] reſte,,,,,
4846,in der gotlichen ueſte,,,ind#aer+ burge ueſte,,,,,
4847,,,,di mit ſt#aer+nen #dlebeten+ alſ[...] rot,,,,,
4848,,,,uaſte iſt genagelot,,,,,
4849,da nîe #sov+ge geſah,,,da nie ouge geſach,,,,,
4850,ſorg#aen+ noh ungemach,,,ſicht#aum+ noch vngemach,,,,,
4851,uon deheiner unchrefte 3455,,,von kein#aer+ vnkrefte,,,,,
4852,ſie ſ#^w+r bi der herſchefte,,,ſi ſ[...]ur d#aer+ herſchefte,,,,,
4853,die got vater ſelbe hat,,,,,,,,
4854,zedes gebote ſtat,,,,,,,,
4855,der liehte ſunne #avnd+ #lde+r mane,,,bi d#aer+ ſunn#aen+ vnd bi d#aem+ manen,,,,,
4856,daz ſie ualſkes ane 3460,,,d[...] ſi alliz falsches ane,,,,,
4857,an allen zwjuel wâre,,,an allen zwiuel were,,,,,
4858,der werche #avnd+ #z#lde+r+ gebære,,,w#aer+k[...] vnd geberde,,,,,
4859,,bey got ir ſchepfere,,,,,,,
4860,,daz si ledek were,,,,,,,
4861,,aller boſen maile,,vnd aller boſen dinge,,,,,
4862,,,,daz uzen [...]och innen,,,,,
4863,unt ir libe#?zs+ burde,,,vnd irs libes burde,,,,,
4864,nie bekuch#&+ wrde,,,nie bezuket wurde,,,,,
4865,uon deheines mannes gelpfe 3465,,,[...] keines manes gelphe,,,,,
4866,got ſprah ſie mir ſo helfe,,,,,,,,
4867,,,,ſi bat ur got ſo helfe,,,,,
4868,anme ivngeſten urtêile,bey dem iungiſten vrtaile,,an [...]e i#aun+giſten urteile,,,,,
4869,do iahen ſie mit heile,,,,,,,,
4870,,Do vil geſworen het div reine,,,,,,,
4871,,do ſp#ara+chen ſi gemaine,,do ſprach#aen+ ſi alle gemeine,,,,,
4872,ſie wolten ſis uerwizzen,ſi wolten ſeiz ver wizzen,,ſi [...]lt#aen+ ſis u#aer+wizen,,,,,
4873,mit dienſte ſie ſih flizzen 3470,mit dienſte ſi ſich flizzen,,mit dinſte ſi ſich vlizen,,,,,
4874,daz ſie zir hulden kamen,,,,,,,,
4875,#avnd+ ir die ſwære benamen,,,,,,,,
4876,di ſie hæten ir getan,,,,,,,,
4877,mit re#lde+ #avnd+ mit boſem wâN,,,,,,,,
4878,,daz ſi in der vnmazzen,,daz ſi ind#aer+ [...]maze,,,,,
4879,,ger#suo+chte antlazzen,,geruchte genczelich laze,,,,,
4880,,die ſi mit grozzen angen ,,,,,,,
4881,,an ir hieten begangen,,,,,,,
4882,,Si f#suo+rten die maget rein,,,,,,,
4883,,ſchon hin wider haim,,,,,,,
4884,D#siv+ gute ſant marie 3475,,,di maget ſant marie,,,,,
4885,diu uon ſun#lde+n frie,,,,,,,,
4886,vnt iemer unberur#&+,,,,,,,,
4887,wart wider gefur#&+,,,,,,,,
4888,,,,ſi furt#aen+ alſo ſchone ſie,,,,,
4889,in ir êigen herberge,,,wid#aer+ in ur herb#aer+ge,,,,,
4890,ſus hete d#siv+ gotes werde 3480,,,ſi hatte di gots w#aer+de,,,,,
4891,mit #lde+r zeſw#aen+ ir kindes,,,mit d#aer+ ceſwen irs kindes,,,,,
4892,des ubeln ingeſindes,,,des boſen ingeſindes,,,,,
4893,,do het ſi zeſtund#aen+,,,,,,,
4894,nit wol uberwnden,iren neit vber wunden,,nicht wol ub#aer+wunden,,,,,
4895,die rehte gedenchen chun#lde+n,Die ſich verſten kvnden,,di tifen gedanke kunden,,,,,
4896,die ſprachen daz daz ſelbe dinch 3485,,,di ſprach#aen+ daz dazſelbe dinc,,,,,
4897,,die ſp#ara+chen albeſunder,,,,,,,
4898,uber allen irdiſken rinch,daz vber aller der werlde rink,,ub#aer+ allen irdiſſchen rinc,,,,,
4899,muſe hernah erſchellen,,,h#aer+nach d#aer+ſchulle,,,,,
4900,#avnd+ mohte iſr#?aahel+ #f60r+ wol gevellen,,,,,,,,
4901,,daz vngehorte dink,,,,,,,
4902,,her nach ſchadet ſere,,,,,,,
4903,,dem volche #ryſrahele+,,,,,,,
4904,,,,vnd all#aen+ iſr#aahe+l gewurre,,,,,
4905,#iE+iN keiſer was bi den citen,#f50r+ #iB+ey den ſelben zeiten,,#iB+#rI+ den gezit#aen+ was ein keiſer,,,,,
4906,ein gwaltiger uoget wîten  3490,was ein kayſer weiten,,ein gewaltig#aer+ vogt d#aer+ weiſen,,,,,
4907,#?auguſtus+ was er genamet,,,d#aer+ was auguſt#aus+ gen#aan+t,,,,,
4908,der hete d#siv+ riche elliu enſam#&+,,,[...]riche hatte h#aer+ alleſamt,,,,,
4909,in ſinen gewalt betwngen,,,in ſine gewalt betwun[...]en,,,,,
4910,d#siv+ taten #avnd+ ſungen,,,di taten vnd ſungen,,,,,
4911,ſwaz er eine gebot 3495,,,waz er eine gebot,,,,,
4912,nu fordert er daz golt rot,,,der [...]ordert golt rot,,,,,
4913,uon aller werlte gliche,,,,,,,,
4914,uon allen ſteten #avnd+ all#?aem+ riche,,,,,,,,
4915,,#rA+uguſt#aus+ erkant,,,,,,,
4916,,im dienten alle lant,,,,,,,
4917,,den levten er gebot,,,,,,,
4918,,daz man im gebe golt rot,,,,,,,
4919,uon ieglichem lante,,,vnd ſilb#aer+ wol gebrant,,,,,
4920,ſilber wîzze wol gebrante 3500,v#and+ ſilber weiz geprant,,uz all#aen+ [...]nt,,,,,
4921,,prief er ovz ſant,,,,,,,
4922,cinſes wolt er niht enbern,zins wolt er niht enberen,,ſcinſes wolte er nicht enp#aer+n,,,,,
4923,niemen getorſt in entwern,,,,,,,,
4924,,deſ m#suo+ſt man in geweren,,#zdi+ lute muſten in gew#aer+n,,,,,
4925,ſwes ſin wille wart ennein,,,wes ſin wille wart in ein,,,,,
4926,in ſo g#aro+zzen #f60v+ eren er ſchêin,,,,,,,,
4927,,,,michel was daz ſin heil,,,,,
4928,do div niwe herſchaft erſchal 3505,do daz gebot erſchal,,do di nuwe h#aer+ſchaft d#aer+ſchal,,,,,
4929,uber berge vnd uber tal,vber perge v#and+ vber tal,,ub#aer+ berge vnd ub#aer+ tal,,,,,
4930,daz gebote muſe ergan,,,,,,,,
4931,an widerſtrit #avnd+ ſunder wan,,,,,,,,
4932,daz ahten die rihtære,,,,,,,,
4933,uon rome diu ſo mære 3510,,,,,,,,
4934,#lde+nnohc was #avnd+ ſo here,,,,,,,,
4935,nû iſt ſie genidert ſere,,,,,,,,
4936,ein #?+ lantgraue hiez cyrîn,,,,,,,,
4937,uon ſyria dem lande ſin,,,,,,,,
4938,,ſwa die levte waren,,wo di lute waren,,,,,
4939,,den zins ſi im gaben,,den ſcins ſi im gaben,,,,,
4940,,vnder im was ein kvnek,,vnd#aer+ im was einand#aer+ kunig,,,,,
4941,,vollen hær v#and+ frumek,,ein uollic h#aer+re vnd frumic,,,,,
4942,,#rC+yrinus von #rS+yria,,czirinus von syria,,,,,
4943,eines buches #lde+r began 3515,eines b#suo+ches begunde er ſâ,,eines buches begund#aen+ ſi da,,,,,
4944,da ſatzet er die ivden an,,,,,,,,
4945,#avnd+ ſchuf die wirte an ſcriben,,,,,,,,
4946,,da man die menige an ſchribe,,daz ſi dimenige anſc#ari+ben,,,,,
4947,#avnd+ di livte dazu triben,,,vnd di lu#fC2/40+te uz triben,,,,,
4948,daz ſie an die chrone dæhten,,,daz ſi andi cron#aen+ gedechten,,,,,
4949,#f61r+ und ir urkunde bræhten 3520,,,vnd ir [...]k#aun+de dar brechten,,,,,
4950,,daz ir ovzze belibe,,,,,,,
4951,an dem gelobet#aen+ zite,ze den geſprochen zeiten,,anden gelobt#aen+ ziten,,,,,
4952,uber die lantſchaft wite,vb#aer+ alle gegen weiten,,ub#aer+ all[...] gegine witen,,,,,
4953,nieman was ſo mahtich,nieman was ſo piderbe,,nimant was ſo bid#aer+wer,,,,,
4954,ſo riche noh ſo ahtich,,,,,,,,
4955,erne mvſe den zinſ geben 3525,,,,,,,,
4956,den frone hort #?er+heben,,,,,,,,
4957,#avnd+ den kamerſchatze meren,,,,,,,,
4958,,der getorſte da widere,,d#aer+ getorſ[...] dawider,,,,,
4959,,gepieten einen vinger,,uf gereke ſinen vinger,,,,,
4960,,ſo hoher noch ſo ringer,,ſo ſmeh noc[...] geringer,,,,,
4961,dem ri#?e+hen keiſer zeeren,er m#svo+ſe dem kaiſer ze æren,,,,,,,
4962,,,,was ouch nim#aan+t in d#aer+ werlt,,,,,
4963,,,,er muſ[...] daz keiſerlich geczelt,,,,,
4964,,,,mit ſchacze eren,,,,,
4965,,den frone hort meren,,den vro[...] hort gemeren,,,,,
4966,die da uz waren gevarn,,,di uz geuarn waren,,,,,
4967,die ilten heim daz bewarn 3530,,,,,,,,
4968,daz ſie iht beliben,,,,,,,,
4969,ſine wrden angeſcriben,,,,,,,,
4970,zu ir chunne #avnd+ ir magen,,,,,,,,
4971,da ſi #sov+h daz ſilber gaben,,,,,,,,
4972,,ſwa levte ovzzen waren,,,,,,,
4973,,die m#svo+ſen haim gahen,,di muſt#aen+ h[...] gahen,,,,,
4974,,do man ſi briefen ſolde,,,,,,,
4975,,,,zu irn vrund#aen+ vnd zu irn kinden,,,,,
4976,,,,dazman ſi geſam#aen+t funde,,,,,
4977,,,,ſo m#aan+ di brife mach#aen+ ſcholte,,,,,
4978,,als der herre wolde,,wi der h#aer+re wolte,,,,,
4979,daz drie pfenninge wach 3535,ſwaz drey pfenninge wak,,waz dri pfenninge wak,,,,,
4980,ſo ez uf #lde+r wage gelach,ſo ez ovf der wage lak,,ſo ez uffe d#aer+ wage lak,,,,,
4981,daz gap ein ieglich man,daz gab ein igelich man,,daz gab einiclich man,,,,,
4982,#lde+r daz leben wolte han,d#aer+ ſein leben wolde han,,d#aer+ dazleb#aen+ [...]te han,,,,,
4983,die ſich begunden weren,ſwer ſich des wolte weren,,d#aer+ ſich wolte weren,,,,,
4984,die erſlugen die ſergen 3540,den erſl#suo+gen die ſcherien,,den erſlug#aen+ di ſcher[...],,,,,
4985,die daz gelt enpfiengen,die daz golt #f50v+ enpfiengen,,di daz gelt enpfingen,,,,,
4986,#avnd+ fur die furſten giengen,fur die h#aer+ren ſi giengen,,vnd wr di furſten ging[...],,,,,
4987,mit cinſlichem horte,mit dem zinſleichem horte,,mit ſcinſlichem horte,,,,,
4988,ſie brahten in ſinem worte,ſi prahten nach ſinem worte,,ſi bracht#aen+ in ſinem worte,,,,,
4989,grozze guldine ſule 3545,guldein ſevle,,guldine ſule,,,,,
4990,#avnd+ gela#lde+n mule,v#and+ geladen mevle,,vnd geladene mule,,,,,
4991,#avnd+ wâgene alſo ueſte,die wegen vil veſte,,di wagene alſo ueſte,,,,,
4992,die daz geſmide beſte,,,,,,,,
4993,,m#suo+ſen nider preſten,,ſi muſt#aen+ nid#aer+ breſte,,,,,
4994,,von deſ ſchatzes ſwere,,v#aon+ des ſchaczes ſw#aer+e,,,,,
4995,,der dem helde mere,,d#aer+ dem helde m#aer+e,,,,,
4996,,ge furet wart ze ſamene,,gefuret warn zuſamene,,,,,
4997,,in ſeine vil veſte chamere,,in ſi[...] treſkame[...],,,,,
4998,#iD+o wart ein chreftiger fride,#rD+o wart ein chreftiger friden,,#iD+#rO+ wart ein kreftig#aer+ fride,,,,,
4999,diu ſwert uerſlugen die ſmide 3550,,,,,,,,
5000,,div ſwert m#suo+ſten ſi ver ſmiden,,di ſwert muſt#aen+ ſi u#aer+ſnide,,,,,
5001,bediu ſpîezze v#and+ ſper,peide ſpiezze v#and+ ſper ,,beide ſpize vnd ſp[...],,,,,
5002,done was dehein her,,,do enwas kein her,,,,,
5003,daz îender #lde+s gedæhte,,,daz imm#aer+ des gedechte,,,,,
5004,daz ez ſtrite oder uæhte,,,,,,,,
5005,,daz man ir ninder funde mer,,,,,,,
5006,,,,daz [...] ſich vnd#aer+uechte,,,,,
5007,done was niht urli#^v+ge,,,do enwas nicht urleuges,,,,,
5008,bi des mereſ pi#^v+ge,,,bi [...] meres puwe,,,,,
5009,noh eh ne#f61v+hêin nit geſchelle,,,noch kein nit geſelle,,,,,
5010,mit grozer ebenhelle,,,mit g#aro+z[...]enhelle,,,,,
5011,v#and+ harte fridliche,do ſtunden fridelich,,vnd harte urideliche,,,,,
5012,ſtunden elliu riche,alle div reich,,ſt#aun+den alle di riche,,,,,
5013,d#siv+ ſenfte #avnd+ diu ſtille,die ſemfte v#and+ die ſtille,,[...] ſenfte vnd di ſtille,,,,,
5014,d#siv+ waſ des kindeſ wille,was deſ kindes wille,,di was des kindes wille,,,,,
5015,daz bi#lde+r magede waſ uerholn,daz bey der maide was verholen,,daz bi [...] maget was u#aer+holn,,,,,
5016,daz man begunde zoln,,,,,,,,
5017,die breiten werlt alliche 3565,,,,,,,,
5018,#avnd+ ſich loſte mannekliche,,,,,,,,
5019,mit gewæge drier pfennînge,,,,,,,,
5020,daz ſint alſ ich gedinge,,,,,,,,
5021,die uil heren namen drie,,,,,,,,
5022,,der keiſerlich zol,,d#aer+ keiſerliche zol,,,,,
5023,,daz ſint die namen drey,,daz ſint di [...]ame dri,,,,,
5024,die unſ machent frie,die hant gemachet frey,,di vns habent geuriet hie,,,,,
5025,uon des uian#lde+ſ ban#lde+,,,,,,,,
5026,#avnd+ ſelnt unſ ſiner han#lde+,,,,,,,,
5027,der ein keiſer iſt #lde+r #f62r+ wâre,,,,,,,,
5028,himelſ vnd der erde zwâre,,,,,,,,
5029,,,,wol wir di uch vnd#aer+ſcheide,,,,,
5030,,,,d#aer+ uilſtetige vride,,,,,
5031,,,,ub#aer+ lip vnd ub#aer+ [...]e,,,,,
5032,,,,daz iſt di geburt uil here,,,,,
5033,,,,di vond#aer+ magt luch[...],,,,,
5034,,,,do got des zit duchte,,,,,
5035,michel reht waſ daz 3575,michel reht daz waz,,michel recht was daz,,,,,
5036,do er nahwendik waſ,do chriſt chunftik was,,do criſto nachwendig was,,,,,
5037,daz ſtæter fride wr#lde+,daz veſter fride wurde,,daz ueſt#aer+ uride wurde,,,,,
5038,und die ſchalklichen burde,v#and+ alle ſwere burde,,vnd di ſelicliche burde,,,,,
5039,abe muſen ſlifen,abe m#suo+ſte ſleiffen,,ab muſte flifen,,,,,
5040,diu rebe began do rifen 3580,dev rebe waz do reife,,di rebe was da rife,,,,,
5041,da wir #lde+n wintruben,da wir die weintrouben ,,da wir denwintrube,,,,,
5042,ſcholten abe chluben,abe ſulen chlouben,,ab ſchullen [...]ube,,,,,
5043,danne unſ flôz daz wîzzot,,,dauon vns floz daz wiſot,,,,,
5044,daz den ewigen tot,,,daz den ewig#aen+ [...]ot,,,,,
5045,zefur#&+ #avnd+ gnade t#suo+t 3585,,,,,,,,
5046,daz iſt daz ſin here blut,,,,,,,,
5047,,,,d#aer+ criſtenheit bename,,,,,
5048,,,,mit ſin#aer+ heilwa[...]e,,,,,
5049,,#rD+er ſun ſant Marien,,d#aer+ ſun ſant marien,,,,,
5050,#?A+n dem lebentigen buche,ſol vnſ ane ſchreiben,,ſchol vns anſc#ari+ben,,,,,
5051,ſcriben er unſ geruche,an daz ewige p#suo+ch,,an daz lebendinge buch,,,,,
5052,an ſiner hol#lde+n ſtat,,,,,,,,
5053,da er #zdi+ rehten hat geſat 3590,,,,,,,,
5054,die ſih des werent mit ſu#?z+nden,,,,,,,,
5055,die ſint ſere gebunden,,,,,,,,
5056,#avnd+ uerlieſent #sov+h daz leben,,,,,,,,
5057,,wan er deſ erſten weibeſ fl#suo+ch,,wanne d#aer+ des erſt#aen+ wibes fluch,,,,,
5058,,mit der magede wolte ſtoren,,mit d#aer+ maget wolte ſtoren,,,,,
5059,,die frevde m#sve+zze wir horen,,di vreude ſchullen wir horen,,,,,
5060,,die da n#aim+m#aer+ #f51r+ zegât,,dida n#aim+m#aer+ zurgat,,,,,
5061,,v#and+ volge wir ſeinem rât,,behalten ir den irn rat,,,,,
5062,,die ſich deſ wellent weren,,di ſich des woll#aen+t weren,,,,,
5063,,die tevfeliſchen ſcherien,,di irn [...]lliclich#aen+ ſchergen,,,,,
5064,,benement im daz leben,,benem#aen+t in daz leben,,,,,
5065,ſo mæhten wir gerner geben,ſo moht wir gerner geben,,ſo [...]ocht#aen+ wir lib#aer+ geben,,,,,
5066,den cinſ den drin genennen 3595,den zins den drein genennen,,den cins den drien gen#aen+[...]en,,,,,
5067,got der kan wol erkennen,die chunnen daz wol erchennen,,di k#aun+nen daz wol d#aer+kennen,,,,,
5068,ob wir in rehte meineN,ob wir ſey rehte mainen,,ab wir ſi rech[...] meinen,,,,,
5069,ſo wir die brode underneigeN,,,ſo wir des libes brode vnt#aer+ neigen,,,,,
5070,,ſo wir daz leben naigen,,,,,,,
5071,,#rD+o durch deſ cheiſer gebot,,#iD+#rO+ durch des keiſers gebot,,,,,
5072,#iD+o der cinſ waſ geſamenot,der zins wart geſamenot,,d#aer+ cins was geſa[...],,,,,
5073,als ez #lde+r zeiſer gebot 3600,,,,,,,,
5074,#avnd+ daz ufgeleit wart,,,,,,,,
5075,ſwer ſih daran niht bewârt,,,,,,,,
5076,,in al der werlde chreizze,,,,,,,
5077,,do was auch ge haizzen,,,,,,,
5078,daz er daz gelub#lde+ erfulte,die daz gebot niht erfulten,,,,,,,
5079,der fræuel er engulte,daz ſi die frevel gulten,,,,,,,
5080,#avnd+ muſe daz h#sov+bet flieſen 3605,v#and+ daz houbet ſolt#aen+ verlieſen,,,,,,,
5081,ioſep begunde kieſen,#rI+osepf begunde kieſen,,,,,,,
5082,#avnd+ gedenchen in ſiner ahte,gedenchen v#and+ trahten,,,,,,,
5083,war er cheren mæhte,war er cheren mohte,,,,,,,
5084,da er wr#lde+ zinſhaft,da er were vnzinſhaft,,,,,,,
5085,do bewiſte in gotes chraft 3610,do weiſt in degoteſ chraft,,,,,,,
5086,daz er zebetlehem ſcholte,daz er f#sue+re gen #rB+ethlehem,,,,,,,
5087,wand chriſt da erſchinen wolte,,,,,,,,
5088,,da m#sue+ſte daz kint her fure gen,,,,,,,
5089,,dannen wir dem weiſſagen,,,,,,,
5090,,michel vrchvnde haben,,,,,,,
5091,done beiter nîenmere,do enbait er niht mere,,,,,,,
5092,er ſprah ze#lde+r mage#lde+ #f62v+ here,er ſprach zv der magt here,,,,,,,
5093,diſe re#lde+ mak niht langer geſtan 3615,,,,,,,,
5094,,diſe rede mak niemen ,,,,,,,
5095,,lenger ovf geſchieben,,,,,,,
5096,daz unſer gnozze hant getan,daz vnſer genoz hant getan,,,,,,,
5097,daz ſchuln #sov+h wir tun zware,,,,,,,,
5098,wand ez unſ ſca#lde+n geb#^æ+re,,,,,,,,
5099,ob wirz uberſæzzen,,,,,,,,
5100,#avnd+ des gebotes uergæzzeN 3620,,,,,,,,
5101,,bede weip v#and+ man,,,,,,,
5102,,daz ſvle wir pilleich t#suo+n,,,,,,,
5103,,got hat #f51v+ ſinen weiſt#suo+m,,,,,,,
5104,,vaſte mit dir getailt,,,,,,,
5105,,dein leip iſt vngemailt,,,,,,,
5106,nu ſcholt du fr#sov+e gehugen,nv ſolt dv vrowe wol gehugen ,,,,,,,
5107,war wir iarlichen mugen,war wir iærlichen mvgen,,,,,,,
5108,unſern h#sov+betzins bringen,vnſern zins bringen,,,,,,,
5109,daz wir ân fræiſe gedingen,,,,,,,,
5110,da ce der rihtære gêinwrte 3625,,,,,,,,
5111,,daz wir iht ſchaden gewinnen,,,,,,,
5112,,von dem keiſer Auguſto,,,,,,,
5113,diu maget im do antwrte,div magt antwurt im do,,,,,,,
5114,des endarf du niht fragen,deſ endarft dv niht fragen,,,,,,,
5115,unſir friunt un#lde+ unſer magen,vnſer kunne v#and+ vnſer magen,,,,,,,
5116,die ſint uon bethleh#aem+ chomen,die ſint von #rB+ethlehem kom#aen+,,,,,,,
5117,da ſchuln wir iarliche wonen 3630,da ſul wir iærlich wonen ,,,,,,,
5118,mit #lde+rſelben urteile,mit dem ſelben vrtaile,,,,,,,
5119,die in die burgære zeheile,,,,,,,,
5120,,daz die purgere alle gemaine,,,,,,,
5121,vnt ze rehte wellent ſprechen,in zerehte wellen ſprechen,,,,,,,
5122,wie ſcholten wir die zebrechen,wie ſolt wir daz zeprechen,,,,,,,
5123,ſinnes ſchulen wir walten 3635,Sinnes ſul wir walten,,,,,,,
5124,v#and+ unſer e behalten,wir m#sve+zz#aen+ die æ behalten,,,,,,,
5125,e man unſ des libeſ r#sov+be,æ man vnſ des leibes beraube ,,,,,,,
5126,vil wol ich daz gl#sov+be,wie wol ich des getrowe,,,,,,,
5127,daz ich bi minem geſlæhte,daz ich bey minem geſlehte,,,,,,,
5128,miſſetun nîen mæhte,miſſetuon iht en mæhte,,,,,,,
5129,ioſebe geuîel d#siv+ rede wol,#rI+oſeph geviel div rede wol,,,,,,,
5130,er ſprah wie gerne ich dir uolgen ſchol,,,,,,,,
5131,,er ſp#ara+ch wie ger ich ſol,,,,,,,
5132,,dines gebotes warten,,,,,,,
5133,mih dunchet daz wir ceharte,mich dunket daz wir zeharten,,,,,,,
5134,haben gelenget diſe uarte,gelenget haben diſe vart,,,,,,,
5135,ſin w#^æ+re uolleklichen zit 3645,,,,,,,,
5136,do cherte diu niftel dauit,,,,,,,,
5137,,div vrowe des enain wart,,,,,,,
5138,,ſein wer zeit vil g#sue+te ,,,,,,,
5139,,do kerte div raingem#suo+te,,,,,,,
5140,gêin bethleh#aem+ die ſtrazze,ze #rB+ethlehem die ſtrazzen,,,,,,,
5141,ſie wolte ſih brieuen lazzen,ſi wolt ſich briefen lazzen,,,,,,,
5142,fr#sov+de vnde wnne,,,,,,,,
5143,muſe ir da begegene,,,,,,,,
5144,uon des kindes ſegene,,,,,,,,
5145,,mit andren iren #f52r+ magen,,,,,,,
5146,,ze den ſelben tagen,,,,,,,
5147,,erſchain ir frevnden wunne,,,,,,,
5148,,liehter danne ein ſunne,,,,,,,
5149,ſie fur dar froliche,ſi f#suo+r fr#soe+lich,,,,,,,
5150,ir dienten willek#f66r+liche,ir dienten tougenlich,,,,,,,
5151,der engel geſin#lde+ g#suo+t 3655,,,,,,,,
5152,uon #lde+n waſ #zſie wol+ beh#svo+t,,,,,,,,
5153,,mit fleizze d#aer+ engel ſchar ,,,,,,,
5154,,der vrowen wunnechlich gevar,,,,,,,
5155,#iD+er himiliſke uater guter,#iD+er himiliſche vater g#suo+ter,,,,,,,
5156,der wolte do ſine m#suo+ter,wolte ſeine m#suo+ter,,,,,,,
5157,chumftiger dinge,chumftiger dinge,,,,,,,
5158,an ein ende bring#aen+ 3660,an ain ende bringen,,,,,,,
5159,ein grozziu t#sov+gen,aine grozze tovgen,,,,,,,
5160,div ſant er ir ze #sov+gen,,,,,,,,
5161,,liez er ſey an ſchowen,,,,,,,
5162,die anders niemen ſach,die and#aer+ niemen ſach,,,,,,,
5163,wand ſie di ſcham nîe zebrah,wan ſi ir ſcham nie zebrach,,,,,,,
5164,magetlicher gute 3665,,,,,,,,
5165,unt in der kivſche blute,,,,,,,,
5166,,ir wart geoffenot,,,,,,,
5167,,do ir lieber ſun gebot,,,,,,,
5168,bi dem wege ſah ſie ſtân,bey dem wege ſach ſi ſtan,,,,,,,
5169,bediu wib vn#lde+ man,paide weip v#and+ man,,,,,,,
5170,ietwederhalben zen ſiten,bedenthalb ze den ſeiten,,,,,,,
5171,engegen ir ſo witen 3670,,,,,,,,
5172,,an dem wæge weiten,,,,,,,
5173,ein uolch vnt ein #f63v+ſchar,ein volk v#and+ aine ſchar,,,,,,,
5174,diu chom uil truriklichen dar,chom vil trovrechlichen dar,,,,,,,
5175,die wnden die hende,die wunden die hende,,,,,,,
5176,in iſinine gebende,in eyſnein gebende,,,,,,,
5177,waren ſie geſlozzen 3675,waren ſi beſlozzen,,,,,,,
5178,mit zæheren begozzen,mit zeheren begozzen,,,,,,,
5179,ſie chlageten unmazze,ſi chlagten vnmazzen,,,,,,,
5180,anderhalp der ſtrazze,anderhalb bey der ſtrazzen,,,,,,,
5181,ſt#suo+nte ein ſchar tugentliche,ſt#suo+nt ein ſchar michel,,,,,,,
5182,harte fr#sov+deriche 3680,,,,,,,,
5183,lieht unt ſicher uor lei#lde+,vor allem leide ſich#aer+,,,,,,,
5184,ſie heten uolle #^w+ei#lde+,,,,,,,,
5185,wnneklichiu ſpil,,,,,,,,
5186,alles liebes #avnd+ eren uil,,,,,,,,
5187,ſie waren ſchone gechleit 3685,,,,,,,,
5188,in wizzer wæte gemeit,,,,,,,,
5189,,die waren vngebunden,,,,,,,
5190,,trouren ſi niht kvnden,,,,,,,
5191,,ſi heten geiſtliches ſpil,,,,,,,
5192,,v#and+ ander frevde vil,,,,,,,
5193,Joſebe ſie do ſagete,#rI+oſeph ſi do ſagte,,,,,,,
5194,waz ſie geſehen habete,was ſi geſeh#aen+ habte,,,,,,,
5195,uon #lde+n zwein ſcharen,,,,,,,,
5196,der liehten #avnd+ der miſſeuaren 3690,,,,,,,,
5197,#f64r+ daz gel#sov+bet er trage,er gelaubt ez ze trage,,,,,,,
5198,vn#lde+ ent#^w+alte mit der frage,,,,,,,,
5199,,v#and+ het den heine frage,,,,,,,
5200,wie dem dinge mohte ſin,wie dem dinge #f52v+ mohte geſein,,,,,,,
5201,#lde+s erſchamte ſich diu kunigin,des erſchamte ſich daz magedein,,,,,,,
5202,do ſie daz mære uerlie 3695,daz ſi daz mere v#aer+lie,,,,,,,
5203,uf dem wege ſie ergie,vor in an dem wege gie,,,,,,,
5204,ein knappe ſchone ân bart,ein knappe ſchone ane part,,,,,,,
5205,ir geuerte er do wârt,ir gev#aer+t er do wart,,,,,,,
5206,daz waſ ein kint luſſam,daz was ein wunnechlicheſ kint,,,,,,,
5207,als ez uon rehte gezam 3700,,,,,,,,
5208,dem geſin#lde+ uor gote,,,,,,,,
5209,daz ceſinem gebote,,,,,,,,
5210,iemer ſtat #avnd+ iemer uert,,,,,,,,
5211,wan ez fur in niht liebes gert,,,,,,,,
5212,,als alle die ſint,,,,,,,
5213,,die ze himel ſint erkant,,,,,,,
5214,,v#and+ geſant von goteſ hant,,,,,,,
5215,in dem bil#lde+ erſchêiner 3705,in dem bilde er in erſchain,,,,,,,
5216,ſam er #lde+r liute wære einer,ſam er wer der levt ein,,,,,,,
5217,die zebethleh#?z+em wolten,der wolte varen ze bethlehem,,,,,,,
5218,#avnd+ da zinſen #f64v+ ſcholt#aen+,,,,,,,,
5219,des ſelben heten ſie #^w+an,,,,,,,,
5220,#avnd+ ſahen in gerne mit in gan 3710,ſi ſahen in gerne mit in gen,,,,,,,
5221,do taten ſie re#lde+ genuge,,,,,,,,
5222,alſo f#suo+zze #avnd+ gefuge,,,,,,,,
5223,uon der naheten herſchaft,,,,,,,,
5224,von gotes gute #avnd+ ſiner chraft,,,,,,,,
5225,ir herze waren reine 3715,,,,,,,,
5226,in rehter minne gemejne,,,,,,,,
5227,#iD+o ſprah #lde+r iungelinch,#rD+o ſprach der ſchone iungelink,,,,,,,
5228,ich horte wol daz tæidinch,ich horte wol daz taydink,,,,,,,
5229,daz e waſ under iv,,,,,,,,
5230,do ich chom gegangen zu iv 3720,,,,,,,,
5231,uon #lde+n gwaltigen t#sov+gen,,,,,,,,
5232,d#siv+ mæhte ioſeph wol gel#sov+ben,,,,,,,,
5233,,daz ir het mit einander,,,,,,,
5234,,die maht dv ane allez wandel,,,,,,,
5235,,wol gelauben #rI+oſeph,,,,,,#f1r/1+[…] ioſep,
5236,daz ſin ſin fremdliche ſtat,,,,,,,daz ſin huge frumelichen ſtet,
5237,ze#lde+n din#f65r+gen die got hat,,,,,,,,
5238,ûf dem wege beſchêin#&+ 3725,,,,,,,,
5239,,daz dein zweivel ſo ſtet,,,,,,,
5240,,gen diſer vrowen raine,,,,,,,
5241,,,,,,,,ce drrre be ceige,
5242,daz en weiz ich waz meinet,mich wundert was daz maine,,,,,,mih wndert waz daz meine,
5243,ioſeph hore herze mir,Ioſeph hore her zvo mir,,,,,,ioſep hore […],
5244,die warheit ſage ich dir,die warheit wil ich dir,,,,,,,
5245,zedîvte an diſen ſtunden,,,,,,,,
5246,,vil redelichen kunden,,,,,,,
5247,die die hende ſo wnden 3730,die die hende wunden,,,,,,,
5248,#avnd+ angeſtliche gebârten,,,,,,,,
5249,,v#and+ chlagten ſo harte,,,,,,#f1r/3+[…]ten harte,
5250,die habent die wingart#aen+,die habent den weingarte,,,,,,di habent di w#zi+ngarten,
5251,gotes niht erbuwen,gotes niht erbowen,,,,,,goteſ niht erbuwen,
5252,daz m#suo+z ſie bal#lde+ riwen,daz m#suo+z ſi harte riwen,,,,,,daz muz ſi balde riuwen,
5253,daz iſt d#siv+ iudiſke diet 3735,daz iſt div #rI+vdiſche diet,,,,,,daz ist diu #f1r/4+ iudiſche diht,
5254,d#siv+ die wiſſagen uerrîet,div die weiſſagen ver riet,,,,,,di die wiſſagen uerr[…],
5255,die in da waren geſant,die in da waren geſant,,,,,,[…] waren geſant,
5256,uon des oberiſten hant,von d#aer+ gotes #f53r+ hant,,,,,,uon der oberiſten […],
5257,die habent vil grimmigez m#suo+t,,,,,,,die wa[…],
5258,daz vil unſchuldige blut 3740,daz vil vnſchuldige bl#suo+t,,,,,,,
5259,daz iſt hinze in gerunnen,daz iſt z#svo+ in gerunnen,,,,,,,
5260,ſie ſint dem hirte entrunnen,dem hirt ſint ſi entrunnen,,,,,,#f1r/6+ [...] entrunnen,
5261,mit #lde+m ſi geneſen ſcholten,,,,,,,,
5262,,,,,,,,der ſi behalten ſolde,
5263,ob ſiz dienen wolten,,,,,,,ob ſie daz dienen wolten,
5264,ir ubele hat in uerteilet 3745,ir ſunde hant in v#aer+tailet,,,,,,ir ubel hat in uertailet,
5265,des gent ſie geſeilet,,,,,,,,
5266,,daz iſt daz ſi bewainent,,,,,,daz iſt #f1r/7+ daz ſi weinent,
5267,mit mit vivrinen ban#lde+n,mit fevreinen banden,,,,,,mit fiurinen banden,
5268,innoten #avnd+ grozz#aen+ ſc#zh+anden,,,,,,,,
5269,,von den valanden,,,,,,uon dem ualande,
5270,,werdent ſi genichet,,,,,,werdent ſi beſtricket,
5271,ſint ſie iemer beſtricket,v#and+ ewichlich beſtrichet,,,,,,,
5272,ir ere div iſt genicket 3750,,,,,,,ir ere ist benic#f1r/8+ket,
5273,#avnd+ beriht#&+ ſih nîenmere,,,,,,,die berihtent ſich nimmer mere,
5274,#lde+s chlageten ſie alſo ſere,,,,,,,,
5275,,,,,,,,ia wollent ſi leider keren,
5276,,,,,,,,ce dem wirſerem teile,
5277,,,,,,,,ir #f1r/9+ herze iſt #suo+nreine,
5278,#iD+ie an#lde+rhalp da fr#sov+de hant,#rD+ie auer die frevde habent ,,,,,,#iD+ie da mandunge habent,
5279,#avnd+ in liehter wate ſtant,,,,,,,,
5280,,v#and+ ſich wunnechleich gehabent,,,,,,unde ſich frolichen tragent,
5281,daz ſint die becherten 3755,daz ſint die be cherten,,,,,,daz ſint di bekerten,
5282,die got wilen êrten,,,,,,,,
5283,,die weilen nieman lerte,,,,,,#f1r/10+ die wilent niemam lerte,
5284,die enpfahent n#suo+ gote#?s+ ſvn,die enpfahent den goteſ ſvn,,,,,,di enphahent nu den goteſ ſ#suo+n,
5285,der in ſin gna#lde+ wil tun,der in genade wil t#suo+n,,,,,,der in genade wil tun,
5286,die belibent niht zeder winſter,die beleibent niht ze der vinſtren,,,,,,di belibent #f1r/11+ niht ce den uinſteren,
5287,ſie gahent uon #lde+r vinſter 3760,ſi gahent von der winſt#aer+en,,,,,,ſi gahent zu got uon den winſteren,
5288,in die liehten ſunne,in die liehten ſunnen,,,,,,zu dem liehtem ſunne,
5289,#avnd+ badent ſih vz #lde+m b#?arv+nne,v#and+ badent ovz dem brunnen,,,,,,ſi badent #f1r/12+ uz dem brunnen,
5290,#f65v+ da allez meil uerſwindet,da ſich der gaiſt enpindet ,,,,,,der ellen meil uerſwendet,
5291,vn#lde+ ſie der geiſt enbindet,v#and+ aller pein ver ſwindet,,,,,,v#and+ ſich der geiſt enbindet,
5292,uon totlichem gebende 3765,mit gotelichem gepende ,,,,,,uon totlichem ge[…],
5293,der iuden miſſewende,der Iuden miſſewende,,,,,,,
5294,diu wirt #lde+r heidenſchefte troſt,wirt d#aer+ haidenſchte troſt,,,,,,,
5295,der tîeuil garwet ſinen roſt,d#aer+ tiefel gerwet ſinen roſt,,,,,,,
5296,da er die verworhten,v#and+ epheht die ver worhten,,,,,,#f1v/1+ da emphaheter di uer worhten,
5297,enpfahet die gotes uorhten 3770,die div goteſ vorhten,,,,,,deſ goteſ forhten,
5298,nîen wellent lernen,niht wellent lernen ,,,,,,niht wollent lernen,
5299,ioſeph #lde+r horte gerne,#rI+oſeph horte gerne,,,,,,ioſep horte gerne,
5300,daz er im die rede ſo beſchîet,daz er imz alſo beſchiet,,,,,,,
5301,die iſraheliſk#aen+ diet,div Iſraheliſche diet,,,,,,,
5302,die began er weinen heîzze 3775,bewainte er vil haizze,,,,,,,
5303,daz ſie habrahames geheizze,daz ſi Abrahames gehaizze,,,,,,,
5304,alſo ſcholte uerlieſen,alſo ſolten ver lieſen,,,,,,#f1v/3+ alſo ſolten flieſen,
5305,#avnd+ den ewigen tot kieſeN,v#and+ ewige damn#sun+ge #f53v+ erkieſen,,,,,,di ewigen damnunge kieſen,
5306,#iB+edaz div rede was getan,#rE+ daz div rede was getan,,,,,,#iA+lso diu rede waſ ergan,
5307,#lde+r abent begun#lde anegan 3780,der abent begunde ane gan,,,,,,,
5308,,,,,,,,der abent ende genam,
5309,diu ſunne ni#lde+r ſigen,div ſunne begunde ſeigen,,,,,,#f1v/4+ […] nigen,
5310,d#siv+ naht #lde+n tach uertriben,,,,,,,diu naht den tac uer[…],
5311,,div naht z#svo+ ſtegen,,,,,,,
5312,alſ in do geſweich daz lieht,als in geſwaich daz himel lieht,,,,,,[…] ſweih daz himel lieht,
5313,ioſep #lde+r getruote nieht,#rI+oſeph der getroute nieht,,,,,,ioſep ge[...],
5314,uolchomen an die ſtat 3785,vollen chomen in die ſtat,,,,,,,
5315,unſer fr#sov+en er gebat,vnſer vrowen er bat,,,,,,,
5316,daz ſie geruhte un#lde+r wegen,daz ſi ger#suo+chet vnd#aer+ wegen,,,,,,,
5317,ane ein bette ſih gelegen,,,,,,,#f1r/6+ bette ſih gelegen,
5318,,naht ſelde pflegen,,,,,,,
5319,untze an#lde+n an#lde+rn morgen,vnz an den and#aer+en mororgen,,,,,,unze anden andren morgen,
5320,do dwngen ſie die ſorgen 3790,do twungen ſey die ſorgen,,,,,,do twngen ſi die ſorgen,
5321,daz ir mæitweſen#lde+r lip,,,,,,,daz ir uil heiliger lip,
5322,wol erkante ſine zit,,,,,,,#f1v/7+ uil wol weſſe ſine cit,
5323,ſie ſprah ſwie ſpætez unſ werde,ſi ſprach ſwie ſpat ez werde,,,,,,ſie ſprahc ſwi ſpete ez […]de,
5324,wirne ſchulen die herberge,wir ſulen die herberge,,,,,,wir ſulen di herberge,
5325,anderſwa nien#lde+r ſuchen 3795,alswa nind#aer+ ſ#suo+chen,,,,,,anderſ niend#aer+ #f1v/8+ finden,
5326,wil ſin got gervcheN,v#and+ wil ſein got ger#suo+hen,,,,,,wil ſin got geruchen,
5327,wan indauidis purge,,,,,,,wan in dauides burge,
5328,,wan ze #rB+ethlehem in der ſtat,,,,,,,
5329,uil lihte ez unſ ſcade wrde,vil leiht ich ſchaden hæt,,,,,,uil lihte unſ ſcade wrde,
5330,ſcholten wir anders ien#lde+r ſin,ſolt ich alſwa ind#aer+ ſein,,,,,,#f1v/9+ […] andreſiender ſin,
5331,erfull#&+ ſint die tage min 3800,erfult ſint die tage mein,,,,,,er follet ſint di tage min,
5332,daz ich muter wer#lde+n ſchol,daz ich m#svo+ter werden ſol,,,,,,daz ich m#suo+ter werden ſcol,
5333,#f66r+ daz iſt inminer ahte wol,,,,,,,,
5334,ich bringe #lde+n gewaltigen wirt,,,,,,,,
5335,,ich bringe kouf v#and+ zol,,,,,,ich bringe #f1v/10+ kouf unde zol,
5336,,,,,,,,di uil reinen miete,
5337,,,,,,,,die bringe ich all[…],
5338,,,,,,,,den gewaltigen huſ wirt,
5339,#lde+n ſin eigen div gebirt,,,,,,,den #f1v/11+ ſin eigenen diu gebirt,
5340,als er mir herre gebot 3805,,,,,,,,
5341,uol varn m#suo+z ich durh die not,,,,,,,,
5342,,,,,,,,alſo mir daz lebe[…]de b[…]t,
5343,,,,,,,,bi ſinem engel enbot,
5344,alſ ez umbe mitte naht wart,Als ez mitev naht wart,,,,,,alſ ez mitten #f1v/12+ naht wart,
5345,do gab der mage#lde+ inuart,do gab der magt invart,,,,,,do gab der megede inuart,
5346,bethlehême ir gruzſal,zebethlehem der ſtet ſal,,,,,,ce betlehem daz gruzſal,
5347,do ne mahte #sov+h d#siv+ ir zal 3810,do moht lenger ir zal,,,,,,do ne mohte ir zal,
5348,niht langer haben friſt,ha#aben+ denhaine friſt,,,,,,niht […],
5349,der uorgewiſſagte chriſt,der vorgeſprochene chriſt,,,,,,,
5350,wolte ſelbe do zeigen,d#aer+ wolte ſich erzaigen,,,,,,,
5351,daz ſih #lde+r himel neigen,,,,,,,,
5352,ſcholte zu der er erde 3815,,,,,,,,
5353,do in gebar div wer#lde+,,,,,,,,
5354,,v#and+ ſine g#sue+te naigen,,,,,,#f2r/1+ […] muſte neigen,
5355,#66v+ Div fr#sov+e entwêlen muſe,#rD+iv vrowe m#suo+ſt entwalen,,,,,,#iD+iu urowe muſe entweln,
5356,bi einer ſmæhen chluſe,bey ainer zellen ſmâhen,,,,,,bie einer boſen celle,
5357,diu himiliſke porte,div himiliſche porte ,,,,,,diu himeliſche […],
5358,die got mit ſinem worte 3820,,,,,,,di got […],
5359,erwelt unſ ze heile,,,,,,,,
5360,,div ſwanger wart von goteſ worte,,,,,,,
5361,,aller werlde zehail,,,,,,,
5362,diu geſah ineinem ſtêine,div ſach an einem tail,,,,,,,
5363,ein vil wenigez l#suo+ch,eine wenige #f54r+ luke,,,,,,,
5364,ir wille ſie dar getruch,ir noturft ſey darin tr#suo+k,,,,,,#f2r/3+ […] truk,
5365,daz ſie dar in trat 3825,daz ſi darin trat,,,,,,daz ſi dar in trete,
5366,#avnd+ ſich da hete geſat,,,,,,,,
5367,,v#and+ ez ze houſe hat,,,,,,u#and+ ez cehuſe hete,
5368,daz enchom niht uon geſchihte,daz kom niht von geſchihte,,,,,,daz en kom ir niht uon geſtrikte,
5369,daz ſie in alrihte,daz ſi algerihte,,,,,,daz ſi enalrihte,
5370,in #lde+m vinſteren hol,in dem vinſtern hol ,,,,,,#f2r/4+ indem hol,
5371,ſcholte r#suo+wen ſo wol 3830,ſolte geberen alſo wol,,,,,,ſolde r#suo+wen alſo wol,
5372,di chriſtes predigære,Die chriſteſ predigere,,,,,,di criſteſ predegere,
5373,die heten uor manigem iare,,,,,,,heten uon manegen iaren ,
5374,uor geſcriben #avnd+ geſaget,,,,,,,vor erkundet […],
5375,wie d#siv+ muter #avnd+ maget,,,,,,,,
5376,,weiſſagten diſe mære,,,,,,,
5377,alſo ſcholte gebern 3835,vor wie ſi ſolt gebern,,,,,,,
5378,un#lde+ unſ #lde+ſ herr#aen+ gewern,v#and+ des herren geweren,,,,,,,
5379,der zeuoget wrde gezalt,,,,,,,#f2r/6+ […]gte wrde ge calt,
5380,fur #lde+s tieuels gewalt,,,,,,,for deſ tiuveleſ gewalt,
5381,do ſie gie inden ſtêin,do ſi gie in den ſtein,,,,,,do ſi gienc inden ſtein,
5382,do luhte #avnd+ erſchêin 3840,do erlouhte v#and+ er ſchain,,,,,,d[…] er luhte unde erſcein,
5383,ein michel lieht dar inne,ein michel lieht darinne,,,,,,ein michel lieht dar inne,
5384,gegen der kuniginne,gen der kuniginne,,,,,,gegen der kuneginne,
5385,die wile daz ſie da beleib,die weile daz ſi da belaip,,,,,,die wile u#and+ ſi da beleip,
5386,die vinſter daz lieht uertreib,daz lieht die vinſt#aer+ v#aer+traip,,,,,,daz lieht di ueinſtere #f2r/8+ uertreip,
5387,ſam da ein fîvr brunne 3845,,,,,,,ſam da kerzen brunnen,
5388,oder d#siv+ perhtel ſunne,,,,,,,oder diu lihte ſunne,
5389,uertribe daz genibele,,,,,,,uer tribe daz genibele,
5390,uz dem ir geſidele,,,,,,,uz dem #f2r/9+ ir geſidele,
5391,ſie gebot dem man zehante,ſi gebot dem alten manne,,,,,,ſi gebot dem altem manne,
5392,daz er ſinen flîz wante 3850,,,,,,,,
5393,heveammen ze bringen,,,,,,,,
5394,die ſie in ir dingen,,,,,,,,
5395,,daz er ire ein amme,,,,,,daz er gute ammen,
5396,,eilte gewinnen,,,,,,ilte gewinnen,
5397,,die ſi mit dem kinde,,,,,,di ſi mit dem kin#f2r/10+de,
5398,wol bewâren chunden,wol bewaren kunde,,,,,,wol bewarn kunden,
5399,die hete er ſchiere fun#lde+n,die het er ſchiere funden,,,,,,di het er ſcire funden,
5400,rachel hiez diu eine 3855,#rR+achel hiez div aine,,,,,,rachel hiez diu eine,
5401,diu gahte zu #lde+m ſtêine,div gahte z#svo+ dem ſtaine,,,,,,diu ilte gegen dem ſteine,
5402,ſalome damite gîe,ſalome damit gie,,,,,,#f2r/11+ ſalome da mite gie,
5403,#lde+r herre ſie niht uerlie,der herre ſi niht ver lie,,,,,,der ſi nie uerlie,
5404,#f67r+ untze er ſie brâhte an die ſtat,,,,,,,,
5405,als diu fr#sov+e gebat 3860,,,,,,,,
5406,,er bot in ſine miete,,,,,,,
5407,,der ſeligen diete,,,,,,,
5408,,,,,,,,ſi musen in beraten,
5409,,,,,,,,er bot in groze mite alſo drate,
5410,#iI+oſeph der alte,,,,,,,#f2r/12+ #iI+oſep der […] alte,
5411,der uil einvalte,,,,,,,dr uil einualte,
5412,#lde+r ſenfte vnd der gute,,,,,,,der milte unde der gute,
5413,,von ſin#aer+ grozz#aer+ g#sue+te,,,,,,,
5414,vil lutzel in daz mute,luzel in daz m#suo+te ,,,,,,w[…] lutzel ez in m#suo+te,
5415,daz er daz allez antruch 3865,,,#f44/C2+ [...] truk,,,,daz er daz […],
5416,wan ſwes diu fr#sov+e ie gewch,swes div vrowe gew#suo+k ,,wanne wes di vrouwe #dgnuk+ gewuk,,,,,
5417,#avnd+ ſwar ſie in wolte ſen#lde+n,,,vnd w#?a+r ſi in wolte ſende,,,,,
5418,daz chun#lde+ er wol ueren#lde+N,,,,,,,,
5419,,gedultichlich er daz v#aer+tr#suo+k,,,,,,,
5420,,,,daz brachte er an ein ende,,,,,
5421,Do er under wegen wa#?s+,#rD+ie weil er vnd#aer+ wegen was,,do er vnt#aer+ weg#aen+ was,,,,#f2v/1+ do […]de[…]waſ,
5422,do chom d#siv+ zit daz ſie gnaſ 3870,do kom div zeit daz ſi genas,,do kom di zit daz ſi genas,,,,do kom diu […]t daz ſi genaſ,
5423,diu geburt ſanfte ergie,,,,,,,,
5424,wan ſie in âne meil enpfie,,,,,,,,
5425,#avnd+ ane ſunde gebar,,,,,,,,
5426,von rehte ir lei#lde+s nien wâr,,,,,,,,
5427,,div geburt tet ir niht wæ,,di geburt tet ur nicht we,,,,diu geb[…] niht we,
5428,,obſtetricum uice,,obſtet#ari+c#aum+ vice,,,,obſtetricum vi[…],
5429,ir waren #f67v+ die engele bi 3875,ſt#suo+n#aden+ die engel da bey,,ſt#aun+den di engele dabi,,,,,
5430,die taten ſie ſorgen vrî,,,,,,,,
5431,,da div magt ſunden frey,,do di maget edele vnd vri,,,,,
5432,do ſie brahte den heilant,zaigte den hailant,,zeigte den heilant,,,,,
5433,der diu irdiſken lant,den alle reiche #f54v+ v#and+ alle lant,,d#aer+ alle rich vnd lant,,,,#f2v/3+ […] lant,
5434,vnſ ze hæile wolte ſc#sov+en,ovf genade wellent schowen,,uf gnade wolte ſchouwen,,,,vf genade wolte ſcowen,
5435,iane was #sov+h bi #lde+r fr#sov+en 3880,ia was ouch bey der vrowen,,io was ouch bid#aer+ vrouwen,,,,ie ne waſ […] bi den urowen,
5436,nehein wertlicher lip,weder man noch weip,,wed#aer+ man noch wip,,,,weder man noch wip,
5437,enweder man noh wip,noch den hain yrdiſcher leip,,noch kein irdiſſch#aer+ lip,,,,noch #f2v/4+ dehein irdiſer lip,
5438,wirdik was des niemen,wirdik waz des nieman,,wirdig was des nimen,,,,wirdec waſ deſ niemen,
5439,da die engele ſcholten dienen,da die engel ſolten dienen,,da di engele ſcholt#aen+ dinen,,,,da di engele ſolten dienen,
5440,,daz er da mit were,,daz er da were,,,,daz er damit were,
5441,,v#and+ die herſchaft an ſehe,,dih#aer+ſchaft ane ſehe,,,,die her[…],
5442,dem gotlichem geſlæhte 3885,das goteliche geſlehte ,,daz gotlich geſlechte,,,,,
5443,wir horen an der heren nahte,wir horen ze weinahte,,wi h#soe+rn zu wihennacht#aen+,,,,,
5444,,die geiſtlichen hirtte,,di geiſtlich#aen+ hirten,,,,,
5445,,von des himels wirte,,v#aon+ des himels wirte,,,,#f2v/6+ […] wirte,
5446,groz ere #lde+r werlte chun#lde+n ,michel ære kunden,,michele ere kunden,,,,michel ere kvnden,
5447,doh mugen wirz niht ergrun#lde+n,doch mugent ſi niht ergrunden,,doch enmug#aen+ ſis nicht d#aer+gr#aun+den,,,,doch enmugen ſi ez niht ergrunden,
5448,ia iſt ſin tuſentſtunt me,ſein iſt touſent ſtunt me,,io iſt ſin tuſenſtu[...]t me,,,,ia iſt ſin tuſen[…]nt me,
5449,denne da geſcriben ſte 3890,dan inder geſchreiben ſtæ,,d#aan+ da geſc#ari+b#aen+ ſte,,,,danne da #f2v/7+ geſcriben ſte,
5450,Daz grozze wfen #avnd+ chlagen,#rD+az grozze w#suo+ffen v#and+ chlagen,,#iD+#rA+z groze ſufczen vnd di clag,,,,#iD+az groze […]fen unde clagen,
5451,daz andere fr#sov+en muzzen uertragen,daz andre vrowen muezzen haben haben,,di and#aer+ urouwen mu#zz+#dſt+#aen+ hab,,,,daz andre vrowen muſen haben,
5452,ſo ſie gewinnent d#siv+ kint,ſo ſi gewinnent div kint,,ſo ſi gew#ain+nen di kint,,,,ſo ſi gewinn#aen+t #f2v/8+ diu kint,
5453,d#siv+ uon ſunden chomen ſint,div von ſunden ko#amen+ ſint,,di v#aon+ ſund#aen+ bekum#aen+ ſint,,,,diu uon den ſunden komen ſint,
5454,daz waſ ir ſeltſæne 3895,daz waz ir ſeltzene,,daz was ir ſeltſene,,,,daz waſ ir ſeltſene,
5455,ſie was ſin alleſ âne,v#and+ was ſein alleſ ane,,ſi was ſin allis ane,,,,ſi was ez allez ane,
5456,wan daz kint daz da furgie,,,daz kint dazda wre gink,,,,daz kint daz #f2v/9+ her fur gie,
5457,do ſiz cemerſten enpfie,,,als ſi daz v#aon+ erste enpfink,,,,do ſi ce dem erstem daz emphie,
5458,daz brûefte der heilige geiſt,,,,,,,,
5459,ane ſuntliche uolleiſt 3900,,,,,,,,
5460,,,,do was di lutt#aer+e ane meil,,,,do waſ ſi luter ane meil,
5461,,,,dav#aon+ gewan ſi daz heil,,,,da von gewan ſi daz heil,
5462,uon ſchulden ſie niht enſwar,,,daz ſi nicht enſwar,,,,daz #f2v/10+ ſi niht enſwa[…],
5463,do ſie chriſtum gebar,,,do ſi #achristum+ gebar,,,,ob ſi #achristum+ gebar,
5464,#lde+r mit ſiner gêinwrte,,,,,,,,
5465,#avnd+ mæitlicher geburte,,,,,,,,
5466,die ſundære getroſte 3905,,,,,,,,
5467,#avnd+ die chriſtenheit erloſte,,,,,,,,
5468,,daz golt daz div werlt hat,,daz golt daz di w#aer+lt hat,,,,daz golt daz diu werlt hat,
5469,,div in dem ellende ſtat,,di indeme enlende ſtat,,,,[…] ſtat,
5470,,daz mohte nieman wider wegen,,daz enmochte nim#aan+t wid#aer+wegen,,,,ir en moh#f2v/11+te nimmer widerwegen,
5471,,die geburt v#and+ den ſegen,,di geburt v#aon+ dem ſegen,,,,di gepurtunde den ſegen,
5472,,den vnſ div maget brahte,,den vns di maget brachte,,,,den unſ diu maget brahte,
5473,,do ir got ge dahte,,do ſi got ſo bedachte,,,,do ſi got ſo be#f2v/12+dahte,
5474,,an allen iren dingen,,an allen irn dingen,,,,an allen irdingen,
5475,,ſagen vnde ſingen,,ſag#aen+ vnd ſingen,,,,ſagen unde ſingen,
5476,,muezze wir immer mere,,muz#aen+ wir imm#aer+ dannen,,,,muze wir da uor immermere,
5477,,,,d#aer+ ual iſt zugangen,,,,,
5478,,,,d#aer+ vns m#sue+te ſere,,,,,
5479,,alle geloubige ſele,,alle gleubige ſele,,,,alle geloubige […],
5480,,die ſulen der hochzeiten,,di ſchullent d#aer+ hochczite,,,,,
5481,,warten v#and+ beiten,,wart#aen+ vnd bite,,,,,
5482,,mit #f55r+ geiſtlichem troſte,,mit geiſtlich#aem+ troſte,,,,,
5483,,do got ſin volk erloſte,,do got ſine c#ari+ſtenheit erloſte,,,,,
5484,#iI+oſeph der heilige man,#rI+oſeph d#aer+ heilige man,,#iI+#rO+ſeph d#aer+ heilige man,,,,,
5485,do er die ammen gewan,do er die ammen gewan,,do er di amm#aen+ gewan,,,,,
5486,er gie zu dem ſteine,er gienk z#svo+ dem ſtaine,,er ginc zudeme ſteine,,,,,
5487,do lach diu maget reine 3910,da lak div maget reine,,do lag di maget reine,,,,,
5488,in einem grozzen liehte,in einem grozzen liehte,,in eime grozen lichte,,,,,
5489,iane getruoten ſie mit nîehte,ia getrouten ſi niht,,io entruweten ſi mit nichte,,,,,
5490,zu ir an die ſtat gahen,an die ſtat gegahen,,an di ſtat gegahen,,,,,
5491,da ſie #lde+n glaſt ſahen,da ſi den glaſt ſahen,,da ſi den glaſt ſahen,,,,,
5492,von #f68r+ #lde+m ewigen ſ#suo+nnen 3915,do ſi het gewunnen,,do hatte ſi gew#aun+nen,,,,,
5493,den ſie hete gewnnen,den ewigen ſunnen,,di ewig#aen+ ſunnen,,,,,
5494,,des ſchein nimmer zegat,,des ſchin n#aim+m#aer+ zurget,,,,,
5495,,die weile der himel ſtat,,di wile daz d#aer+himel ſtet,,,,,
5496,daz kint ſie dicke chûſte,daz kint ſi diche kuſte,,daz k#ain+t ſi dike kuſte,,,,,
5497,ez lag ir an #lde+r bruſte,ez lag ir an ir bruſte,,ez lac ir an d#aer+ bruſte,,,,,
5498,daz wenich waſ zeſehen,daz wenik was ze ſehene,,daz wenig was zuſehene,,,,,
5499,#avnd+ uil michel ze iehen 3920,v#and+ michel ze iehene,,vnd michel zubekennene,,,,,
5500,daz den tot uertribet,,,daz dentot u#aer+tribet,,,,,
5501,gêin dem d#siv+ erde bibet,,,gein im di erde bidemet,,,,,
5502,daz die berge erſchuttet,,,,,,,,
5503,,daz die perg alle,,daz dib#aer+ge alle,,,,,
5504,,mit michelm ſchalle,,mit michelem ſchalle,,,,,
5505,,weget v#and+ ſchutet,,weget vnd erſuchet,,,,,
5506,daz hete da gehuttet,daz het da gehvttet,,daz hatte da gebuwet,,,,,
5507,in einem engen l#suo+ge 3925,in einem engen luge,,in eime wenig#aen+ luge,,,,,
5508,ſin muter hete fr#sov+de gen#suo+ge,ſein m#suo+ter het doch frevde genvoge,,ſin muter hatte vreuden gnuge,,,,,
5509,uon den eren #lde+s wæne ich wol,,,,,,,,
5510,die fr#sov+en an daz liehte hol,,,,,,,,
5511,getorſten niht ernenden,,,,,,,,
5512,,#rD+o getorſten die vrowen in daz hol,,#iD+#rO+ entorſt#aen+ di urouw#aen+ an daz hol,,,,,
5513,,daz des liehteſ waz ſo vol,,daz ez lichtes was uol,,,,,
5514,,ſich den heinen weis niht gewenden,,keine wis ernennen,,,,,
5515,ſie muſen fur ſen#lde+n 3930,ſi m#suo+ſen fur senden,,ſi muſt#aen+ wrſenden,,,,,
5516,#lde+n guten patriarche,den milten #rP+atriark,,den milt#aen+ p#aat+riarchen,,,,,
5517,ſie wnderote ſtarche,ſi wundrot ſtark,,ſi wund#aer+t uil ſtarke,,,,,
5518,w#aan+ne #f68v+ #?d+az lieht bechame,von wannen daz lieht ſch#soe+ne,,wan dazlicht ſchone,,,,,
5519,daz got ſelben gez#^æ+me,,,,,,,,
5520,,in den ſtein chome,,in dem ſteine bekome,,,,,
5521,,,,da ie vinſt#aer+ inne was,,,,,
5522,,,,durch not vorcht#aen+ ſi daz,,,,,
5523,#ioſeph mit ſiner kiuſkeite 3935,mit #rI+oſebes kevſcheit,,ioſephs kuſſcheit,,,,,
5524,der gab in dar in geleite,gewunnen ſi gelait,,di gab in do geleit,,,,,
5525,,daz ſi dar mohten gelangen,,daz er dar mochte langen,,,,,
5526,,da div geburt was er gangen,,do digeburt was ergangen,,,,,
5527,,des kindeſ was er vil #f55v+ fro,,des kindes was er uil vro,,,,,
5528,,die goteſ genade lobt er do,,di gotis gnade lobte er do,,,,,
5529,er ſprah liebiu fr#sov+e min,er ſp#ara+ch vrowe luſtſam,,er ſprach urouwe uil luſtſam,,,,,
5530,ich han getan den willen din,,,,,,,,
5531,,ſwaz dv gepivteſt daz iſt getan,,was du gebutes daz iſt getan,,,,,
5532,wil du ſie nu gruzzen,wil dv die vrowen grvezzen,,wiltu urouwe gruzen,,,,,
5533,ſo gebîvte daz ſie muzzen 3940,ſo gebivt daz ſi m#sve+zzen,,ſo gebut daz ſi muzen,,,,,
5534,fur din antlutze gen,her fur dein antlutze gen,,wr din antlicze gen,,,,,
5535,ich hiez ſie uor dem hole ſten,ich liez ſey vor der hole ſten,,ich h#sie+z ſi vordem hole ſten,,,,,
5536,erl#sov+beſtv in die inuart,,,d#aer+loubeſtu in eine vart,,,,,
5537,ſo iſt din ere wol bewart,,,ſo wirt din ere wol bewart,,,,,
5538,ir ſin dunchet mich ſo gut 3945,,,ſi dunk#aen+t mich ſo bid#aer+we,,,,,
5539,daz du mit in biſt wol behut,,,,,,,,
5540,,du ſolt in des danken ſer,,,,,,,
5541,,,,da eniſt nicht widere,,,,,
5542,,,,ſi kvnnent dich wol behute,,,,,
5543,,,,du ſchalt ouch in mit guten,,,,,
5544,,,,danken vnd lonen,,,,,
5545,,daz ſi durch dich ſint chomen her,,daz ſi durch dinen willen her ſint kumen,,,,,
5546,Sie ſprah wie lieb ez ir ware,,,#iS+#rI+ ſprach daz were ir uil lip,,,,,
5547,ſie ſcholten ſich dauor zware,,,ſi enſcholt#aen+ ouch dauor nicht,,,,,
5548,niht langer ſumen,,,lang#aer+ ſich v#aer+ſumen,,,,,
5549,ſie #f69r+ bat den wech rûmen 3950,,,ſi bat den wek rumen,,,,,
5550,,,,wanne ſi ingingen,,,,,
5551,,,,daz ſi wol enpfing#aen+,,,,,
5552,deſ richen chriſteſ magedin,,,des richen criſtis megetin,,,,,
5553,diu hîez ſie wilchomen ſin,,,ſi hiz ſi willeku#amen+ ſin,,,,,
5554,,Si hiez ſey zvo ir gahen,,,,,,,
5555,,v#and+ begunde ſey enpfahen,,,,,,,
5556,#avnd+ bat ſie nider ſitzen,ſi pat ſei nid#aer+ ſitzen,,ſi bat ſi nid#aer+ſicze,,,,,
5557,do cherten ſie ir witze,do kerten ir witze,,do kart#aen+ ſi ir wicze,,,,,
5558,wie ſie daz kint bewarten 3955,wie ſi daz kint bewarten,,wi ſi daz k#ain+t bewarten,,,,,
5559,ein bat ſie ime garten,ein pat ſi im garten,,ein bat ſi im garten,,,,,
5560,#avnd+ wn#lde+n ez mit flizze,v#and+ wunten ez mit fleizze,,vnd w#aun+den ez m#?t+ ulize,,,,,
5561,in diu tûch ſo wizze,in die leinwat weizze,,in di tuch ſo wize,,,,,
5562,mit lininen vademen,mit leineinem vademe,,mit lininen uademen,,,,,
5563,t#^w+ngen ſie ceſamen 3960,dwungen ſi zeſamene,,twung#aen+ ſi zuſamene,,,,,
5564,den lichiname reine,den leichnamen reine,,denlichn#aam+ her vnd reine,,,,,
5565,#avnd+ daz uil heilige gebeine,v#and+ daz heilige gebeine,,vnd daz heilige gebeine,,,,,
5566,daz unſ git zelone,,,daz vns gibt zulone,,,,,
5567,die untotliken chrone,,,di vntotlich#aen+ ſtole,,,,,
5568,vn#lde+ die engeliſken wat 3965,,,vnd di engeliſſche wat,,,,,
5569,vnt #sov+ch niemen verlat,,,di ouch nimant u#aer+lat,,,,,
5570,der #?im+ wil getruwen,,,w#aer+ im wil getruwe,,,,,
5571,mit ſamet uns #f69v+ wolte er buwen,,,daz wolt er vns buwe,,,,,
5572,#avnd+ dolte daz gebende,,,vnd dolte daz geb#aen+de,,,,,
5573,uon wiplicher hende 3970,,,v#aon+ wiplichen henden,,,,,
5574,#iR+achel vnt ſalome,#rR+achel v#and+ ſalome,,[]Achel vnd ſalome,,,,,
5575,die waren zechindelbetten e,die waren ze kindelpette æ,,warn zu kinde betten e,,,,,
5576,geweſen alle zite,geweſen allezeit,,geweſen mange cite,,,,,
5577,uber die gegen wite,in der gegende weit,,ind#aer+ gegende wite,,,,,
5578,alle wipliche ſite 3975,alle weiplich ſit,,alle wipliche ſite,,,,,
5579,da ſie gewone waren mite,da ſi gewandelt heten mit,,da ſi gewont waren mite,,,,,
5580,die waren in chunt durh not,die waren in kunt v#aer+re,,di warn in k#aun+t v#aon+ rechte,,,,,
5581,vnſer trehtin in daz gebot,do gebot vnſer herre,,do gebot daz vnſere trechten,,,,,
5582,do ſie ſin muter griffen,do ſi ſin m#suo+t#aer+ ane griffen,,do ſi ſine mut#aer+ angriffen,,,,,
5583,daz ſie nider ſliffen 3980,daz ſi nider ſliffen,,daz ſi alle nid#aer+ ſliffen,,,,,
5584,zu der er#lde+ fur tot,z#svo+ der erde fur tot,,zud#aer+ erden wr tot,,,,,
5585,ir uarwe lieht #avnd+ rot,ir varbe weiz v#and+ rot,,ir uarbe licht vnd rot,,,,,
5586,diu m#suo+ſe do erbleichen,m#suo+ſte vil gar erbaichen,,di muſte do v#aer+bleic#ahen+,,,,,
5587,ſie ſprachen daz ſie daz zeichen,ſi ſprachen daz ſi daz zaichen her,,ſi ſprach#aen+ daz ſi daz zeichen,,,,,
5588,nîen #f70r+ mere heten geſehen 3985,,,,,,,,
5589,#avnd+ begunde des iehen,,,,,,,,
5590,in wære dicke geſaget,,,,,,,,
5591,daz komen ſcholte ein maget,,,,,,,,
5592,,nie gefrieſchen mer,,,,,,,
5593,,in hiet ir pyſchof geſagt,,,,,,,
5594,,dike v#aon+ einer magt,,,,,,,
5595,,,,e nime d#aer+ureiſſchſt#aen+,,,,,
5596,,,,ir biſchof vnd ir meiſter,,,,,
5597,,,,di hett#aen+ in dike daz geſagt,,,,,
5598,,,,daz kum#aen+ ſcholte ein magt,,,,,
5599,diu ane man geb#^æ+re,#f56r+ div ane man gebære,,di an man gebere,,,,,
5600,ſie iahen daz ſie daz w#^æ+re 3990,ſi iahen daz ſi daz were,,ſi iahen daz ſi daz were,,,,,
5601,der elliu werlte ie gerte,,,,,,,,
5602,#avnd+ an der ſie got gewerte,,,,,,,,
5603,gnaden #avnd+ ſæl#lde+ an ende,,,,,,,,
5604,ufhuben ſie die hen#lde+,,,,,,,,
5605,#avnd+ diu herze ander ſtun#lde+ 3995,,,,,,,,
5606,mit lobſprechentem munde,,,,,,,,
5607,durh d#siv+ wnder diu ſie ſahen,,,,,,,,
5608,die chun#lde+n ſie wol veruahen,,,,,,,,
5609,mit gutem ioh richem ſinne,,,,,,,,
5610,daz gab in div gotes minne 4000,,,,,,,,
5611,#f70v+ #iD+o hete der riche arme,,,,,,,,
5612,der mit ſinem arme,,,,,,,,
5613,al #lde+n himel umbefloz,,,,,,,,
5614,,,,vnd d#aer+riten ez ſo ſchire,,,,,
5615,,,,vor vorcht#aen+ was in leide #deine wenige+ #zvnd libe+,,,,,
5616,,#rD+o het daz kint edele,,#iD+#rO+ ſprach dazkint edele,,,,,
5617,ein ſeli#lde+ ſm#^æ+he vil ungroz ,ein vil ſmæhe ſedele,,eine wenige ſelide,,,,,
5618,doh er wære den kungen ſippe 4005,den kvnigen waz ezſippe,,den kvnig#aen+ ez was geſippe,,,,,
5619,er wolt ſih indie chrippe,doch wolt ez in die krippe,,doch wolte ez in di krippe,,,,,
5620,da legen lazzen,ſich legen lazzen,,ſich leg#aen+ lazen,,,,,
5621,da diu rinder uz azzen,da div rinder ovz azzen,,da dirind#aer+e uz azen,,,,,
5622,dar trugen in die fr#sov+en,,,dar trugen ez di vrouwen,,,,,
5623,ſie muſen wnder ſc#sov+en 4010,,,ſi muſt#aen+ wund#aer+ ſchouwen,,,,,
5624,an dem kinde here,,,an deme ſvne here,,,,,
5625,der wiſſagen lere,,,d#aer+ wiſſag#aen+ lere,,,,,
5626,diu wart erfullet daran,,,di wart erfullet darane,,,,,
5627,wand er ſih zêigen began,,,,,,,,
5628,,,,w#aan+ne er wiſet denwane,,,,,
5629,,,,ub#aer+ alle h#aer+ſchefte,,,,,
5630,,,,in ſin#aer+ mankrefte,,,,,
5631,do ſtunt ein eſel #avnd+ ein rint 4015,da ſt#suo+nt ein eſel v#and+ ein rint,,da ſt#aun+t ein eſel vnd ein r#ain+t,,,,,
5632,daz keiſerliche kint,daz keiſerleiche kint,,daz uilkeiſerliche kint,,,,,
5633,daz erkanten ſie bediv,erkante ſi beide,,daz erkant#aen+ ſi do beide,,,,,
5634,got der gab in un#lde+r div,got gab in ane laide,,got d#aer+ gab in eine,,,,,
5635,einen uerſtantlichen m#suo+t,verſtantlichen mvot,,u#aer+ſtantlich#aen+ mut,,,,,
5636,#avnd+ #lde+r ſin wart in ſo g#suo+t 4020,mit ſinnen alſo g#suo+t,,vnd den ſin alſo gut,,,,,
5637,ſie vîelen ni#lde+r andiu knîe,ſi vielen nider an die knie,,ſi uilen nid#aer+ andi kni,,,,,
5638,daz geſcah dauor nîe,daz geſchach vore nie,,daz geſchach ouch vor ni,,,,,
5639,ſie erten ir ſchepfære,,,,,,,,
5640,,ſi ſ#suo+chten mit d#aer+ menige,,ſi ſucht#aen+ ire uenie,,,,,
5641,,uil v#and+ d#aer+ venie,,mit vor [...],,,,,
5642,,vor des himeles orthaben,,,,,,,
5643,,ſwaz div zunge niht moht geſagen,,,,,,,
5644,daz duten ir gebære,daz zaige ir gebere,,,,,,,
5645,#avnd+ daz da komen wære 4025,daz da komen were,,,,,,,
5646,aller werlte herre,aller werlte h#aer+re,,,,,,,
5647,deſ wn#lde+rot verre,do wundert auer verre,,,,,,,
5648,die ammen #avnd+ #sov+h #lde+n griſen,,,,,,,,
5649,mit lobe begun#lde+n ſie briſen,,,,,,,,
5650,daz d#siv+ ſinneloſen tîere 4030,,,,,,,,
5651,ue#?r+ſinneten ſih ſo ſchîere,,,,,,,,
5652,der milten gotes gute,,,,,,,,
5653,der mæit muter gemute,,,,,,,,
5654,ſtunt in richer fr#sov+de,,,,,,,,
5655,durh #lde+s kindes beſch#sov+de 4035,,,,,,,,
5656,daz ſie ſah #avnd+ umbevie,,,,,,,,
5657,daz ſie chuſt v#and+ tigen lîe,,,,,,,,
5658,#avnd+ an ir bruſte lêite,,,,,,,,
5659,#lde+r engel ſchare chomen gereite,,,,,,,,
5660,#avnd+ waren ir dienſthaft 4040,,,,,,,,
5661,durh die n#siv+wegeborn herſchaft,,,,,,,,
5662,#71r+ #iA+rmiv lîute nahen lagen,,,,,,,,
5663,die ir #?ui+heſ pflagen,,,,,,,,
5664,an der heren nahte,,,,,,,,
5665,mit geſelleklicher wâhte 4045,,,,,,,,
5666,,die ammen die daz ſahen ,,,,,,,
5667,,fur war ſi des iahen,,,,,,,
5668,,daz ſi ez niemer gehorten,,,,,,,
5669,,mit lobelichen worten,,,,,,,
5670,,lobten ſi den heilant,,,,,,,
5671,,der ſi dar het geſant,,,,,,,
5672,,#rI+oſeph d#aer+ greiſe man,,,,,,,
5673,,michel frevde gewan,,,,,,,
5674,,do liez div magt mêre,,,,,,,
5675,,daz kint ruoben ane ſwere,,,,,,,
5676,,#rA+rme levte waren,,,,,,,
5677,,die viheſ niht enbaren,,,,,,,
5678,,die waren an daz velt,,,,,,,
5679,,v#and+ ir vihe gezelt,,,,,,,
5680,,des nahteſ ſi ſich m#suo+ten,,,,,,,
5681,,v#and+ woltes ez beh#sue+ten,,,,,,,
5682,,vor den wolfen rêzzen,,,,,,,
5683,,#f56v+ daz ſi ez niht enfrezzen,,,,,,,
5684,,ir wahte ſi pflegten,,,,,,,
5685,,als in geboten heten,,,,,,,
5686,,ir meiſter v#and+ ir wirtte,,,,,,,
5687,,ia trugen auch die hirtte,,,,,,,
5688,ſie trugen kolben #avnd+ bogen,grozze kolben v#and+ bog#aen+,,,,,,,
5689,do chom ein engel geflogen,do kom ein engel geflogen,,,,,,,
5690,zv in mit grozzem glaſte,,,,,,,,
5691,ſie erkomen uon #lde+m gaſte,,,,,,,,
5692,er troſte ſie #avnd+ ſaget in m#^æ+re 4050,,,,,,,,
5693,wie der heilant geborn w#^æ+re,,,,,,,,
5694,,michel was div claritas,,,,,,,
5695,,v#and+ der ſchein d#aer+ da was,,,,,,,
5696,,do der geweltige bote,,,,,,,
5697,,die mere ſagte von gote,,,,,,,
5698,,erchomen waren die knehte,,,,,,,
5699,,do troſte ſi mit,,,,,,,
5700,,div engliſche g#suo+te,,,,,,,
5701,,v#and+ freute ir gem#suo+te,,,,,,,
5702,er ſprah #siv+wer ſorgen ir lat,#rE+r ſprach ewer ſorge verlat,,,,,,,
5703,ich chun#lde+ #siv+ waz got hat,,,,,,,,
5704,nu gnaden begangen,,,,,,,,
5705,er hat an ſih enpfangen 4055,,,,,,,,
5706,daz bil#?d+ ſiner hantgetat,,,,,,,,
5707,durh #lde+n uaterlichen rat,,,,,,,,
5708,#f71v+ daz er die werlt alle,,,,,,,,
5709,erloſe uon #lde+m ualle,,,,,,,,
5710,#lde+n der eriſte menniſke tet 4060,,,,,,,,
5711,uz der wnneklichen ſtet,,,,,,,,
5712,in ditze chlagliche tal,,,,,,,,
5713,nu iſt d#siv+ ſchulde #avnd+ der ual,,,,,,,,
5714,adames gar uerchorn,,,,,,,,
5715,,ich ſag iv wie ez ergat,,,,,,,
5716,,ein freyde iſt errunnen,,,,,,,
5717,,vber allez menniſchen kunne,,,,,,,
5718,,der sult ir ouch geniezzen,,,,,,,
5719,,deſ ſol evch niht ver driezzen,,,,,,,
5720,,adames ſchulde iſt ver lorn,,,,,,,
5721,iv iſt #lde+r heilant geborn 4065,iv iſt geborn,,,,,,,
5722,mit fleiſke #avnd+ gebêine,ein hail mit fleiſche v#and+ mit gebeine ,,,,,,,
5723,d#siv+ fr#sov+de iſt gemêine,ſin frevde wirt gemaine,,,,,,,
5724,der ſchult #sov+h ir geniezen,,,,,,,,
5725,daz die wiſſagen geh#zi+ezzen,,,,,,,,
5726,#siv+weren altfor#lde+rn 4070,,,,,,,,
5727,daz iſt nu ſihtich wor#lde+n,,,,,,,,
5728,Cebethlehem ſchult ir gan,,,,,,,,
5729,da uindet ir ſun#lde+r wân,,,,,,,,
5730,in einer krippe daz kint,,,,,,,,
5731,deſ enſamet elliv riche ſint 4075,,,,,,,,
5732,#avnd+ die reinen muter dabi,,,,,,,,
5733,ein urchun#lde+ iv daz ſi,,,,,,,,
5734,der troſtlichen warheit,,,,,,,,
5735,die ich iv han furgeleit,,,,,,,,
5736,alſ er in daz geſagete 4080,,,,,,,,
5737,in die lufte er ſih gehabete,,,,,,,,
5738,gein den himeliſken t#suo+ren,,,,,,,,
5739,daz ſie in chume #?rch+uren,,,,,,,,
5740,,aller ſlahte diet#aen+,,,,,,,
5741,,er wil die chlage ver biten,,,,,,,
5742,,v#and+ die helle zebrechen,,,,,,,
5743,,den grozzen roup rechen,,,,,,,
5744,,den der tievel gevie,,,,,,,
5745,,do er evam vbergie,,,,,,,
5746,,in die kurze #rB+ethlehem,,,,,,,
5747,,ſult ir eilinde gen,,,,,,,
5748,,ich ſag ev von dem kinde,,,,,,,
5749,,ſeht daz ſult ir vinden,,,,,,,
5750,,in einer krippe an einem #f57r+ hol ,,,,,,,
5751,,da sult ir ez mite lob,,,,,,,
5752,,eren ger#suo+c#ahen+,,,,,,,
5753,,vnde fleizzechlichen ſ#suo+chen,,,,,,,
5754,,do er des redet gen#suo+k,,,,,,,
5755,,ſin fluk in hinze himel tr#suo+k,,,,,,,
5756,do komen enkegin im ſa,do kom im engegene,,,,,,,
5757,mit michelre menige da 4085,mit micheler menige,,,,,,,
5758,die chore ſines geſindes,,,,,,,,
5759,der uf der erde indes,,,,,,,,
5760,erſchinen geruhte,,,,,,,,
5761,#avnd+ deſ menniſken heil ſuhte,,,,,,,,
5762,ſie huben uf u#and+ lobeten got 4090,,,,,,,,
5763,ſin#siv+ wn#lde+r #avnd+ ſin gebote,,,,,,,,
5764,ſin gna#lde+ #avnd+ ſine gute,,,,,,,,
5765,mit frolichem gemute,,,,,,,,
5766,,die engel von deſ himels trone,,,,,,,
5767,,ſi lobten got ſchone,,,,,,,
5768,#avnd+ mit liebe ſungen ſie do,vil loute ſvngen ſi do,,,,,,,
5769,Gloria inexcelſis deo 4095,#rG+loria in excelſis deo,,,,,,,
5770,#iD+ie hirte redeten un#lde+r in,#rD+ie hirtten redeten vnder in,,,,,,,
5771,wir ſchulen den unſern ſin,wir ſulen den vnſern ſin,,,,,,,
5772,cheren hince chriſte,cheren hinze chriſte,,,,,,,
5773,wîe #f72r+ zæme unſ #lde+hein friſte,,,,,,,,
5774,,daz er vnſ friſte,,,,,,,
5775,daz unſ #lde+r engel hat geſaget 4100,als d#aer+ engel hat geſaget,,,,,,,
5776,uon dem kin#lde+ #avnd+ der maget,vm daz kint daz div magt,,,,,,,
5777,daz ſchvlen wir gerne ſehen,,,,,,,,
5778,#avnd+ gote #sov+h beiehen,,,,,,,,
5779,ſiner manchualten wnder,,,,,,,,
5780,,der werlde hat gewunnen,,,,,,,
5781,,ze frevden v#and+ zewunen,,,,,,,
5782,,verbum in#db+principio,,,,,,,
5783,,daz iſt erſchinen alſo,,,,,,,
5784,,daz menſchliche wat,,,,,,,
5785,,von ſiner diemvte hat,,,,,,,
5786,,pede fleiſch v#and+ pain,,,,,,,
5787,ennêin wrden ſie dar under 4105,ſi wur#aden+ ſchier des en ain,,,,,,,
5788,ob indavidis purge,ob in dauides burge,,,,,,,
5789,daz zeichen fun#lde+n wrde,daz zaichen funden wurde,,,,,,,
5790,ſo ſcholte ſie wol geluſten,,,,,,,,
5791,daz ſie daz t#suo+ch chuſten,,,,,,,,
5792,da der werlt urloſare 4110,,,,,,,,
5793,mit bedeket w#^æ+re,,,,,,,,
5794,,daz in ir vngemach,,,,,,,
5795,,der engel in z#svo+ ſp#ara+ch,,,,,,,
5796,do furen ſie ilande,ſi f#suo+ren eylande,,,,,,,
5797,chriſt ſi dar geſan#lde+,chriſt ſi dar ſande,,,,,,,
5798,daer kint kintlichen lach,,,,,,,,
5799,#avnd+ ſin diu reine pflach 4115,,,,,,,,
5800,alſ ſie daz erſahen,,,,,,,,
5801,ſie vielen enallen gahen,,,,,,,,
5802,#lde+r #f72v+ herſcefte zef#suo+zzen,,,,,,,,
5803,mit zæhern alſo f#suo+zzen,,,,,,,,
5804,,da er was bewunden,,,,,,,
5805,,do ſi daz vrk#aun+de funden,,,,,,,
5806,,v#and+ in d#aer+ krippe ſahen,,,,,,,
5807,,ſi begunden alle gahen,,,,,,,
5808,,vor liebe die hende winden,,,,,,,
5809,,gendem heligen kinde,,,,,,,
5810,ſie ſazten ſih andiv knîe 4120,ſi bugen ſich nider an die knie,,,,,,,
5811,owe wîe liebez in ergîe,hey wie lieb ez in ergie,,,,,,,
5812,da ſie in #avnd+ die fr#sov+en,,,,,,,,
5813,enſamet muſen ſch#sov+en,daz ſi m#szuo+ſten ſchowen,,,,,,,
5814,,die himiliſchen vrowen,,,,,,,
5815,,#f57v+ der nigen ſi ſchone,,,,,,,
5816,,daz edel kint frone,,,,,,,
5817,uon herzen rieffen ſieſ an,riefen ſi do an,,,,,,,
5818,#avnd+ cherten frolichen dan 4125,,,,,,,,
5819,wi#lde+r z#suo+ ir hute,,,,,,,,
5820,ſus troſte ſie got der g#suo+te,,,,,,,,
5821,#iD+o chriſt der wære hirte,,,,,,,,
5822,ſine botſchaft beſcherte,,,,,,,,
5823,den hirten alſo ſmæhen 4130,,,,,,,,
5824,do waren da uerre #avnd+ nahen,,,,,,,,
5825,,daz von rehte lobt weip vnde man,,,,,,,
5826,,#iD+ie bezaichnunge,,,,,,,
5827,,ob die min trêge zvnge,,,,,,,
5828,,wol gezelen mohte,,,,,,,
5829,,wie wol mir daz tohte,,,,,,,
5830,,daz got bey der naht,,,,,,,
5831,,daz reine kint geſlaht,,,,,,,
5832,,der werlde wolte zaigen,,,,,,,
5833,,div #^æ+ was ſin aygen,,,,,,,
5834,,v#and+ auch immer weſen m#suo+z,,,,,,,
5835,,da mit tet er vnſ p#suo+z,,,,,,,
5836,,d#aer+ vinſter alſo fraiſam,,,,,,,
5837,,die bede weip v#and+ man,,,,,,,
5838,,dolten von d#aer+ ſunde,,,,,,,
5839,,in dem abgrunde,,,,,,,
5840,,div naht v#and+ ir genibele,,,,,,,
5841,,was ſo groz hie nidene,,,,,,,
5842,,daz man ſi mohte greiffen,,,,,,,
5843,,div wolte niht ab ſleiffen,,,,,,,
5844,,vnz daz vns d#aer+ hailant,,,,,,,
5845,,bey der magt wart geſant,,,,,,,
5846,,Nv ſulen wir bey d#aer+ bl#suo+men,,,,,,,
5847,,frolichen r#suo+ben,,,,,,,
5848,,v#and+ han g#suo+te reſte,,,,,,,
5849,,wolte wir weſen veſte,,,,,,,
5850,,v#and+ wolten an der ſtunde,,,,,,,
5851,,dem laiden helle hunde,,,,,,,
5852,,vnſer ſele niht geben,,,,,,,
5853,,ſo wir ſchieden daz leben,,,,,,,
5854,,daz wir got gehiezzen,,,,,,,
5855,,do wir vnſ tovfen liezzen,,,,,,,
5856,,ſo moht wir bey d#aer+ bl#suo+men,,,,,,,
5857,,mit frevden immer r#svo+be#rN+ #iAmeN+,,,,,,,
5858,,#iD+#ro chriſt+ den hirtten tet bechant,,,,,,,
5859,,v#and+ in ſin botſchaft ſant,,,,,,,
5860,manige riche kunige,do lebten #f58r+ manige kunige,,,,,,,
5861,#avnd+ herzogen frumige,,,,,,,,
5862,die herliche lebeten,,,,,,,,
5863,#avnd+ den eren ſwebeten 4135,,,,,,,,
5864,,edel v#and+ frumige,,,,,,,
5865,den ſanter niht den engel ſin,den er niht ſant den boten ſin,,,,,,,
5866,daran lîez weſen ſchîn,dar an er machte ſchin,,,,,,,
5867,daz nîemen iſt ſo arme,daz nieman ſo arm iſt,,,,,,,
5868,der ſin zuhte wil bewarne,,,,,,,,
5869,ſo ni#lde+r noch ſo ringe 4140,,,,,,,,
5870,ſtat der ſin gedinge,,,,,,,,
5871,uaſte an unſern trehtin,,,,,,,,
5872,er m#suo+ze im willekomen ſin,,,,,,,,
5873,,wil d#aer+ hailige chriſt,,,,,,,
5874,,ſin leben bewarn ,,,,,,,
5875,,er mege wol gevarn,,,,,,,
5876,niem#aen+ im uerſmahet,niemen im v#aer+ſmaht,,,,,,,
5877,der zu ime gahet 4145,swer ſo z#svo+ im gahet,,,,,,,
5878,#avnd+ die ſun#lde+ durh in lat,,,,,,,,
5879,#lde+r uindet #sov+h hilfe #avnd+ rat,,,,,,,,
5880,daz er den tieuil enpflivhet,,,,,,,,
5881,an #lde+m menniſken got nîen ſchivhet,,,,,,,,
5882,wân ung#suo+te #avnd+ unreht 4150,,,,,,,,
5883,ieglich guter iſt ſin chneht,,,,,,,,
5884,der diemutez herze treit,,,,,,,,
5885,dem iſt ſin gna#lde+ bereit,,,,,,,,
5886,er iſt #sov+h #lde+r beſte hirte,,,,,,,,
5887,des ſchâf der r#^æ+zze wolf uerbirte 4155,,,,,,,,
5888,w#aan+ er ſie beſchermen mak,,,,,,,,
5889,#avnd+ beh#suo+te ſie naht #avnd+ #f73r+ tach,,,,,,,,
5890,uor aller ſlahte leide,,,,,,,,
5891,#avnd+ git die ewîgen weide,,,,,,,,
5892,#iD+az chriſt uf dem uel#lde+ 4160,,,,,,,,
5893,die armeklichen ſelde,,,,,,,,
5894,indem ſteine wolte haben,,,,,,,,
5895,#avnd+ daz geruhte uertragen,,,,,,,,
5896,,ia wolt er ovf d#aer+ erden,,,,,,,
5897,,der ſchafe hirtte werden,,,,,,,
5898,,die den tievel triegent,,,,,,,
5899,,v#and+ die sunde flieh#aen+t,,,,,,,
5900,,dem wolfe wil er ſi nemen,,,,,,,
5901,,v#and+ wil in immer geben,,,,,,,
5902,,ſo vollechliche waiden,,,,,,,
5903,,daz ſi vngeſchaiden,,,,,,,
5904,,immer von den englen ſint,,,,,,,
5905,,ſo genedik iſt daz kint,,,,,,,
5906,,#rD+az geborn wart der reine,,,,,,,
5907,,i#ahesus+ christ#aus+ in einem ſtaine,,,,,,,
5908,daz er inder krippe gelach,v#and+ in einer krippen lak,,,,,,,
5909,d#siv+ rede duten wol mach 4165,div red wol bedevten mak,,,,,,,
5910,die ſinen diemûte,,,,,,,,
5911,#avnd+ die manchualten gute,ſin g#sue+te manikvalten ,,,,,,,
5912,die unſ zeiget ſine lere,,,,,,,,
5913,,die er vnſ wolte behalten,,,,,,,
5914,,v#and+ vns wolte leren,,,,,,,
5915,er iſt der ſteine vil here,er iſt der ſtain werde,,,,,,,
5916,der ane menniſken hant 4170,der ane menſchen ha#aan+t,,,,,,,
5917,uon der uelſinen want,von d#aer+ felſen want,,,,,,,
5918,geſniten wart ane meile,,,,,,,,
5919,#avnd+ diu werlt uon dem têile,,,,,,,,
5920,,vil ſchone waz geſniten,,,,,,,
5921,,da wart dir werlt mitten,,,,,,,
5922,wart elliv behullet,vil wol behullet,,,,,,,
5923,bedecket #avnd+ erfullet 4175,bedechet v#and+ erfullet,,,,,,,
5924,,v#and+ d#aer+ yrdiſche rink,,,,,,,
5925,,diſe keiſerliche dink,,,,,,,
5926,daz bezeichent #lde+r l#suo+ch,die bezaichent daz l#suo+k,,,,,,,
5927,da in ſin mûter intruch,dain ſin m#suo+t#aer+ intr#suo+k,,,,,,,
5928,frî iſt er uon ſunden,,,,,,,,
5929,ſin gewalt ſo groz zallen ſtunden,,,,,,,,
5930,daz in nîemen mak gemezzen 4180,,,,,,,,
5931,des ſchulen wir niht uergezzen,,,,,,,,
5932,er iſt aller ſteine beſte,,,,,,,,
5933,erne lat die gruntveſte,,,,,,,,
5934,niht uallen noh wichen,,,,,,,,
5935,er wolte ſich gelichen 4185,,,,,,,,
5936,unſerre armicheit,,,,,,,,
5937,an der #?z+ bro#lde+n menniſkeit,,,,,,,,
5938,dar umbe daz er unſ erhube,,,,,,,,
5939,#?u+on menneſklicher trûbe,,,,,,,,
5940,#avnd+ unſ gæbe ſin riche 4190,,,,,,,,
5941,mit #lde+n engelen gliche,,,,,,,,
5942,,er wolt mit ſin#aer+ arm#suo+t,,,,,,,
5943,,geleichen vnſer menſcheit,,,,,,,
5944,,dem doch waz vnd#aer+tan,,,,,,,
5945,,d#aer+ himel v#and+ d#aer+ werlde plan,,,,,,,
5946,#iI+n chriſtes natiuitate,#f58v+ In #achristi+ natiuitate ,,,,,,,
5947,geſchahen vil drate,geſchahen vil drate,,,,,,,
5948,ſiben grozziv zeichen,ſiben zaichen zeſtet,,,,,,,
5949,d#siv+ ſchulen unſ #f73v+ wêichen 4195,,,,,,,,
5950,daz wir unſir ſinne,,,,,,,,
5951,cheren ceſiner minne,,,,,,,,
5952,,als vnſ daz b#suo+ch zelt,,,,,,,
5953,ditze waſ daz êine,daz waz daz eine,,,,,,,
5954,daz ſich erhub ſeine,daz ſich h#suo+b ſaine,,,,,,,
5955,ein rinch umbe die ſunn#aen+ 4200,ein cir culuſ vm die ſunnen,,,,,,,
5956,do ſie waſ uf errunnen,do ſi was enſprungen,,,,,,,
5957,der rinch waſ guldin #avnd+ rot,d#aer+ rink was guldein vil rot ,,,,,,,
5958,alſ ez #lde+r heilant gebot,als d#aer+ hailant gebot,,,,,,,
5959,glantze michel #avnd+ #?w+ite,michel v#and+ weit,,,,,,,
5960,daz enwart e noh ſite 4205,daz wart #^æ+ noch ſeit,,,,,,,
5961,an dem himel geſehen,an dem himel nie geſehen,,,,,,,
5962,ſo wir horen iehen,alſ wir die b#suo+ch horen iehen,,,,,,,
5963,#lde+s himelſ herren zeigte daz,den gewaltegen herren bedevtet daz,,,,,,,
5964,daz er ie baz vnde baz,,,,,,,,
5965,unſ armen wolte fr#sov+en 4210,,,,,,,,
5966,ſin wnder liez er ſch#sov+en,,,,,,,,
5967,,d#aer+ vnſ ie troſtet paz v#and+ paz,,,,,,,
5968,ir wizzet #sov+h umbe daz golt,ir ſult auch wizzen vm daz golt,,,,,,,
5969,#lde+r trube ez niht uerdolt,der tr#sue+be ez niht endolt,,,,,,,
5970,ez iſt ſcho#f74r+ne #avnd+ lieht,ez iſt ſchon v#and+ lieht,,,,,,,
5971,ander geſmide enmak nieht 4215,and#aer+ geſmeide enmak nieht,,,,,,,
5972,dar zu ſih genozzen,ſich da z#svo+ genozzen,,,,,,,
5973,daz bedûtet #lde+n kunich grozzen,daz bedevt den kunek grozzen,,,,,,,
5974,der im die chrippe hete erchorn,der im die krippe het er chorn,,,,,,,
5975,#avnd+ hîen er#lde+ waſ geborn,v#and+ ovf der erde wart geborn,,,,,,,
5976,der biden guten herzen 4220,der bey dem g#suo+t#aen+ herzen,,,,,,,
5977,verdolt neheinen ſmerzen,v#aer+dolt den heinen ſmerzen,,,,,,,
5978,der uon rehte daz wol weiz,d#aer+ daz vil wol waiz ,,,,,,,
5979,wîe er den witen umbechrêiz,wie er der werl#lde+ vmechreiz,,,,,,,
5980,mit gotlicher gute,,,,,,,,
5981,bed#siv+ rihte #avnd+ behute 4225,,,,,,,,
5982,,cheren ſol v#and+ ſlihten,,,,,,,
5983,,v#and+ mit genade ver rihten,,,,,,,
5984,#iG+êin dem chin#lde+ frone,#rG+en deme kinde frone,,,,,,,
5985,inder ſtat cerome,in d#aer+ ſtat ze #rR+ome,,,,,,,
5986,daz an#lde+r wnder geſcah,daz and#aer+ zaichen geſchach,,,,,,,
5987,daz ein michel olebach,daz ein michel olebach,,,,,,,
5988,uz einem kiſilinge floz 4230,ovz den kiſilingen floz,,,,,,,
5989,diu geſchihte duhte #f74v+ uil groz,daz wund#aer+ douhte groz,,,,,,,
5990,der ſtein waſ niht ſo herte,,,,,,,,
5991,daz er ſih des erwerte,,,,,,,,
5992,erne br#^æ+ht daz ole m#^æ+re,,,,,,,,
5993,fure al die burgære 4235,,,,,,,,
5994,bi dem geiſtlichem ole,bey dem geiſtlichen #soe+le,,,,,,,
5995,mugen wir kieſen wole,mvge wir kieſen wole,,,,,,,
5996,die gotes barmunge,div #f59r+ goteſ barmvnge,,,,,,,
5997,die deheine zunge,die den hein zunge,,,,,,,
5998,enmæhte fur bringen 4240,fur mak bringen,,,,,,,
5999,ia ſchulen wir #lde+s gedingen,ia ſul wir des gedingen,,,,,,,
6000,daz wir allenthalben,daz wir allenthalben,,,,,,,
6001,mit der fûzzen ſalben,mit d#aer+ ſelben ſalben,,,,,,,
6002,die wn#lde+n ſo beſtricheN,die wunden ſo beſtreichen,,,,,,,
6003,daz d#siv+ fule m#suo+zze entwicheN 4245,daz vnſ div ſiech entweichen,,,,,,,
6004,#iE+în luglicher got,#rE+in lugelicher got,,,,,,,
6005,der die ſturme gebot,der die ſturme gebot,,,,,,,
6006,bed#siv+ folchwich #avnd+ ſtrite,volkweige v#and+ die ſtreite,,,,,,,
6007,der ſt#suo+nte an #lde+r cite,d#aer+ ſt#suo+nt ze der zeite,,,,,,,
6008,zerome hohe geſat 4250,,,,,,,,
6009,in erte elliv diu ſtat,,,,,,,,
6010,er wa#?zs+ marſ genant,,,,,,,,
6011,#avnd+ uil wîten erchant,,,,,,,,
6012,er hete die werlte betrogen,,,,,,,,
6013,#avnd+ zu im gezogen 4255,,,,,,,,
6014,daz ſie durh in alle taten,,,,,,,,
6015,#avnd+ in zegote haten,,,,,,,,
6016,der hete daz uor geſaget,,,,,,,,
6017,ſwenne ſo êin maget,,,,,,,,
6018,,datze #rR+ome #sov+f einer ſevle,,,,,,,
6019,,der tievel vngehewer,,,,,,,
6020,,den hiezzen ſi marte,,,,,,,
6021,,er het ſey vil harte,,,,,,,
6022,,betrogen v#and+ vorgeſaget,,,,,,,
6023,,er ſolde vallen ſo ein magt,,,,,,,
6024,ein #lde+genk#ain+t gebære 4260,ein kindelin gebere ,,,,,,,
6025,daz ane uater w#^æ+re,daz ane vater were,,,,,,,
6026,ſo muſe er vallen z#^w+are,,,,,,,,
6027,ſie wanten in#lde+r burge,,,,,,,,
6028,daz daz iemer wrde,,,,,,,,
6029,daz maget kint truge 4265,,,,,,,,
6030,ane mannes fuge,,,,,,,,
6031,doh hîezzen ſie durh gwarheit,,,,,,,,
6032,di valſlichen gotheit,,,,,,,,
6033,mit flizze ſtarche ueſten,,,,,,,,
6034,vnt allez daz ſie weſten 4270,,,,,,,,
6035,da ſie mit ſcholte geſtân,,,,,,,,
6036,daz lêiten ſie daran,,,,,,,,
6037,,ſi wanden daz ez nimm#aer+ wurde,,,,,,,
6038,,daz ein magt ane manneſ burde,,,,,,,
6039,,immer kint getruge,,,,,,,
6040,,wan ez were vngef#sue+ge,,,,,,,
6041,,Doch hiezzen ſi die reſte ,,,,,,,
6042,,machen vil veſte,,,,,,,
6043,,ſi leiten groz werk daran,,,,,,,
6044,,da mit div ſevl moht beſtan,,,,,,,
6045,do chriſt wart geborn,als chriſt do wart geborn,,,,,,,
6046,do waſ ir antwerch uerlorn,do was ir werk verlorn,,,,,,,
6047,diu ſule ſich #f75r+ do zarte 4275,div ſevl ſich do zarte,,,,,,,
6048,daz nîemen des gewarte,,,,,,,,
6049,,ſo faſte v#and+ auch ſo harte,,,,,,,
6050,untze ſie en allen gahen,daz ſi in allen gahen,,,,,,,
6051,ir meiſter uallen ſahen,ir maiſter vallen ſahen,,,,,,,
6052,michel wart daz chrachen,vil michel wart daz chrachen ,,,,,,,
6053,diu livte muſen wachen 4280,die levt m#suo+ſten erwachen,,,,,,,
6054,uon dem ſlage ſie erchomen,von dem gebreſten ſi erkomen,,,,,,,
6055,erſchutte wart do rome,erſchnttet wart do #f59v+ Romen,,,,,,,
6056,uon der alten trugheit,von d#aer+ alten trugenheit,,,,,,,
6057,got wolte mit der warheit,got wolte mit d#aer+ warheit,,,,,,,
6058,den ſt#suo+le ſelbe reinen 4285,ſelbe rihten den ſt#suo+l,,,,,,,
6059,#avnd+ zaigete daz man in einen,,,,,,,,
6060,zegote erchennen ſcholte,,,,,,,,
6061,alſ #lde+r tieuil do uerdolte,,,,,,,,
6062,#lde+n ſlach uon himel ſo grozzen,,,,,,,,
6063,er fûr ze ſinen genozzen 4290,,,,,,,,
6064,ſa uerſtozzen in die helle,,,,,,,,
6065,mit vil #f75v+ #^w+elichem geſchelle,,,,,,,,
6066,da iſt er gebunden ſere,,,,,,,,
6067,,d#aer+ tiefel ſchreiinde f#suo+r,,,,,,,
6068,,z#svo+ and#aer+en hellehunden,,,,,,,
6069,,die da ligent gebunden,,,,,,,
6070,,ſo vaſte v#and+ ſo ſere,,,,,,,
6071,daz er niemer mere,ſo daz er nimmer mere,,,,,,,
6072,her uz mak geræichen  4295,dar #sov+z mak geraichen,,,,,,,
6073,daz iſt daz dritte zêicheN,daz waz daz dritte zaichen,,,,,,,
6074,#iD+az fier#lde+ wnder daz waſ,#rD+az vierde zaichen daz auch waz,,,,,,,
6075,diu michel unanjmitaſ,daz vnanimitas,,,,,,,
6076,aller fri#lde+ meiſte,aller fride maiſte,,,,,,,
6077,mit #lde+s keiſers uolleiſte 4300,mit des kaiſers vollaiſte,,,,,,,
6078,der wart erhaben #avnd+ geſworn,wart ſo geſworn,,,,,,,
6079,do ch#?ari+ſt waſ geborn,,,,,,,,
6080,an dem tage vil heren,,,,,,,,
6081,da wolter unſ mit leren,,,,,,,,
6082,daz er der ware fri#lde+ ſi 4305,,,,,,,,
6083,da wir gnade uinden bi,,,,,,,,
6084,#avnd+ der unſ ſicher mache,,,,,,,,
6085,von allem ungemache,,,,,,,,
6086,#avnd+ uon #lde+ſ tievilſ gewalte,,,,,,,,
6087,#f76r+ deſ hohfart er ualte 4310,,,,,,,,
6088,mit ſiner gein#^w+rte,,,,,,,,
6089,#avnd+ der mêide geburte,,,,,,,,
6090,,daz der h#aer+re ovz erchorn,,,,,,,
6091,,der #rA+uguſt#aus+ hiez,,,,,,,
6092,,den hainen gewalt niem#aen+ liez,,,,,,,
6093,,an ſinem reiche began,,,,,,,
6094,,der ſelbe frideſam man,,,,,,,
6095,,bezaichent vnſern hailant,,,,,,,
6096,,der von ſunden vnſ enpant,,,,,,,
6097,unſ kom fri#lde+ guter,vns kom fride guoter,,,,,,,
6098,do diu reine muter,do div vil edel m#suo+ter,,,,,,,
6099,den ſun umbevîe 4315,den ſun mit armen vmbe vie,,,,,,,
6100,#lde+r den ubeln tot niht enlîe,der den tiefel niht enlie,,,,,,,
6101,ſo uaſte richſen alſ e,ſo vaſte reichſen als #^æ+,,,,,,,
6102,dennoh brahter unſ ſæl#lde+n me,,,,,,,,
6103,daz iſt daz ewige leben,,,,,,,,
6104,daz er den ſinen wil gebeN 4320,,,,,,,,
6105,,lumen de pa#atri+s lumine,,,,,,,
6106,#iA+uguſtuſ aue gedahte,#rA+uguſt#aus+ aber dahte,,,,,,,
6107,,daz er wol vol brahte,,,,,,,
6108,an der heren chriſtes nahte,an der heren chriſteſ naht,,,,,,,
6109,waz ſiner chrone tohte,,,,,,,,
6110,#avnd+ mit welhen dingen er mohte,mit welichen dingen er moht,,,,,,,
6111,ſinen gwalt erzaigen mit gute 4325,ſin herſchaft erzaigen,,,,,,,
6112,#avnd+ ſin tugentriche gemute,,,,,,,,
6113,,#rp+haffen v#and+layen,,,,,,,
6114,in ſinem gezelt er lach,in ſinem ge zelte er lak,,,,,,,
6115,keiſerliche alſ er pflach,,,,,,,,
6116,do fr#sov+t er ſich #lde+r riche,,,,,,,,
6117,d#siv+ im dienten uorhtliche 4330,,,,,,,,
6118,#avnd+ der manigen lan#lde+,,,,,,,,
6119,d#siv+ da inſiner hande,,,,,,,,
6120,ſt#suo+n#lde+n ane wi#lde+rſtrit,,,,,,,,
6121,wand nie uor#lde+ſ noh danah ſit,,,,,,,,
6122,wart dehein keiſer ſo m#^æ+re 4335,,,,,,,,
6123,#lde+m elliv div werlt wâre,,,,,,,,
6124,,ſinen gewalt er wak,,,,,,,
6125,,div lant v#and+ div reich,,,,,,,
6126,,div gar fridelich,,,,,,,
6127,enſamet un#lde+rtan,im ainen waren #f60r+ vnd#aer+tan,,,,,,,
6128,wie diu ſcholte geſtan,wie die ſolten geſtan,,,,,,,
6129,daz m#suo+ſer beſorgen,daz begunde er beſorgen ,,,,,,,
6130,an dem ſelben morgen 4340,an dem ſelben morgen,,,,,,,
6131,do waſ er wor#lde+n ennein,do waz er worden en ain,,,,,,,
6132,da wol ſin tugent an ſchêin,da ſin tugent an ſchain,,,,,,,
6133,daz alle die der wæren,daz alle die da wæren,,,,,,,
6134,witen in #lde+n charchæren,in den karcheren,,,,,,,
6135,geuangen #avnd+ gebun#lde+n 4345,gevangen v#and+ gebunden,,,,,,,
6136,die gedingen nîen chun#lde+n,die niht gedingen kun#aden+,,,,,,,
6137,daz man die liezze fri,,,,,,,,
6138,,wider ir veiande,,,,,,,
6139,,daz die eylande,,,,,,,
6140,,wurden ledek v#and+ frey,,,,,,,
6141,chriſt wolte da bj,da wolte got ſich ſelben pey,,,,,,,
6142,ſih ſelben lan erchennen,lazzen erkennen,,,,,,,
6143,#avnd+ ſin goteheit #f76v+ nennen 4350,,,,,,,,
6144,,ſin g#sue+te manigen enden,,,,,,,
6145,der magede ſûn ſ#suo+zze,d#aer+ magede ſvn zier,,,,,,,
6146,mit gnadeklichem gruzze,,,,,,,,
6147,,ze helfe kom er ſchier,,,,,,,
6148,chom er ſinen kin#lde+n,ſinen lieben kinden,,,,,,,
6149,er hiez ſie abebinden,ab hiez er binden,,,,,,,
6150,die cheten alſo ſwâre 4355,die keten alſo ſwere,,,,,,,
6151,da ze#lde+m hellecharch#^æ+re,dar z#suo+ der helle charchere,,,,,,,
6152,die ſiner hilfe îe baten,,,,,,,,
6153,#avnd+ ſin gebiten haten,,,,,,,,
6154,er loſte ſie mit ſiner chumfte,,,,,,,,
6155,,v#and+ ir tor vil veſten,,,,,,,
6156,,m#suo+ſte gar ze preſten,,,,,,,
6157,,gen ſiner z#svo+chumft,,,,,,,
6158,daz zeichen waſ daz funfte 4360,daz zaichen waz daz fumft,,,,,,,
6159,Daz ſehſte ſchult ir horen,,,,,,,,
6160,mit willigen oren,,,,,,,,
6161,daz zeiget #sov+h hince got,,,,,,,,
6162,,#rW+elt ir daz ſechſte v#aer+nemen,,,,,,,
6163,,ſo lat ivch ſein gezemen,,,,,,,
6164,auguſt#?aus+ aue gebot,#rA+uguſt#aus+ aber gebot,,,,,,,
6165,uber elliu ſin#siv+ riche 4365,,,,,,,,
6166,die ir herren frauelliche,,,,,,,,
6167,,in erneſt ane ſpot,,,,,,,
6168,,nahen v#and+ verren,,,,,,,
6169,,alle die ir herren,,,,,,,
6170,w#^æ+ren entrunnen,weren entrunnen,,,,,,,
6171,daz die alle #f77r+ wîder ſunnen,daz ſi wider ſunnen,,,,,,,
6172,#avnd+ daz ſie #^wruen ſûne,haim v#and+ wurfen vm ir ſ#suo+ne,,,,,,,
6173,ze ir rehtem hertûme 4370,gen ir hert#suo+me,,,,,,,
6174,die daz gebot zebrachen,die daz gebot zebrachen,,,,,,,
6175,#avnd+ die uolge uerſprachen,,,,,,,,
6176,die muſen li#lde+n grozze not,,,,,,,,
6177,in wart ertæilet #lde+r tot,,,,,,,,
6178,,die m#suo+ſen grozze rachen,,,,,,,
6179,,dolen v#and+ leiden,,,,,,,
6180,,er wolte in niht enleiden,,,,,,,
6181,drizzich tvſent #avnd+ mere 4375,dreyzek touſent v#and+ mær,,,,,,,
6182,die hiez der furſte here,hiez d#aer+ kvnik #f60v+ her,,,,,,,
6183,durh die frauel h#sov+pten,,,,,,,,
6184,,ze weinahten houpten,,,,,,,
6185,die daz niht gel#sov+pten,die ſein niht geloupten,,,,,,,
6186,daz ime erneſt wære,daz im ernſt were ,,,,,,,
6187,die freiſten leid#siv+ m#^æ+re 4380,,,,,,,,
6188,,die ayſlichen ſwere,,,,,,,
6189,daz bezeichent die uerworhten,bezaichent die v#aer+worhten,,,,,,,
6190,die da wellent ane uorhten,die da ane vorhten,,,,,,,
6191,diſe werlte b#suo+wen,diſe welrt bowent,,,,,,,
6192,die ſchalke ungetr#siv+wen,,,,,,,,
6193,hant ſih gerihte ze #f77v+ uehtin 4385,,,,,,,,
6194,wider unſeren trehtin,,,,,,,,
6195,der unſ hat geheilet,,,,,,,,
6196,ſo wirt #sov+h in uerteilet,,,,,,,,
6197,,v#and+ anders niht getrowent,,,,,,,
6198,,wan mit vollen leben,,,,,,,
6199,,den iſt auch v#aer+geben,,,,,,,
6200,,v#and+ genzlich vertailet,,,,,,,
6201,,der helle ouf geſailet,,,,,,,
6202,ſele un#lde+ lip enſamet,ir ſele v#and+ leip,,,,,,,
6203,wan ſwer ſih hie ſchamet 4390,,,,,,,,
6204,zehoren daz gotes wort,,,,,,,,
6205,ez ger#siv+wet in dort,,,,,,,,
6206,ſo er ſin buzze muz beſtan,,,,,,,,
6207,des geruche er unſ erlan,,,,,,,,
6208,#lde+r unſer brodicheit 4395,,,,,,,,
6209,,ez ſei man oder weip,,,,,,,
6210,,des ſol vns got erlazzen,,,,,,,
6211,,wir mvgen vnſ gerne mazzen,,,,,,,
6212,,ſ#aun+dechlicher dinge,,,,,,,
6213,,in des herren minne,,,,,,,
6214,,d#aer+ die menſcheit,,,,,,,
6215,mit ſiner gotheit,mit ſiner gotheit,,,,,,,
6216,bedechet hat ſo ſchone,bedechet hat ſo ſchone,,,,,,,
6217,#avnd+ gît ſih ſelben unſ zelone,der geit ſich ſelben vns ze lone,,,,,,,
6218,Daz ſibent was ein ſterne,Daz ſibende was ein ſterne,,,,,,,
6219,der dute #lde+n mandelcherne 4400,daz bedevtet den mandel cherne,,,,,,,
6220,uon aaroniſ gerte,v#aon+ aaronis gerte,,,,,,,
6221,do die nu#?z+ze whſen herte,do die nuzze herte,,,,,,,
6222,uf dem durrem zwîe,wuchſen ovf dem dornein zweie,,,,,,,
6223,d#siv+ maget ſente marie,div maget ſant marie,,,,,,,
6224,wart bezæichent da mite 4405,div wart bezaichent damit,,,,,,,
6225,d#siv+ mit kivſlichem ſite,div mit kev sit,,,,,,,
6226,#avnd+ #sov+h ane manneſ rat,v#and+ ane maneſ rat,,,,,,,
6227,die mandeln unſ braht hat,die mandeln vnſ geben hat,,,,,,,
6228,ir #?n+#siv+wegebornz kint,ir nevbernes kint,,,,,,,
6229,iſt ſo mahtik daz ime ſint 4410,,,,,,,,
6230,ell#siv+ riche un#lde+rtan,,,,,,,,
6231,er hiez den ſterne wolgetan,,,,,,,,
6232,uon den wolchen ûf ſtigen,,,,,,,,
6233,do mohten ez niht uerſwigen,,,,,,,,
6234,,dem alle createvre vnd#aer+tan ſint,,,,,,,
6235,,der hiez daz der ſterne louhte,,,,,,,
6236,,die iuden daz wunder douhte,,,,,,,
6237,die gelerten #avnd+ die alten 4415,die gelerten v#and+ die alten,,,,,,,
6238,die ſinnes chunden walten,die #f61r+ witze chunde walten,,,,,,,
6239,die ſprachen zir tr#siv+wen,die ſagten bey ir triwen,,,,,,,
6240,iz bedûtet #lde+n kunich n#siv+wen,ez bedout den kunik nivwen,,,,,,,
6241,den diu maget ſcolte tragen,den div magt ſol tragen,,,,,,,
6242,ſie heten ez uon den wiſſagen 4420,ſi heten ez von den weiſſagen,,,,,,,
6243,uil dicke uernomen,vil dike ver nomen,,,,,,,
6244,er muſe mit liehte chomen,daz er mit liehte ſolte chomen,,,,,,,
6245,wand er #sov+h uon nîehte,,,,,,,,
6246,indem ewîgen lîehte,,,,,,,,
6247,hete geſchafen elliu dinch 4425,,,,,,,,
6248,#lde+n himel #avnd+ den #f78r+ umberinch,,,,,,,,
6249,der ſterne hub ſinen ſchîn,,,,,,,,
6250,an#lde+m abent do diu kunigin,,,,,,,,
6251,daz ware lieht gebar,,,,,,,,
6252,vil rehte cheret er dar 4430,,,,,,,,
6253,da er was indem ſteine,,,,,,,,
6254,#avnd+ ſin muter rêine,,,,,,,,
6255,unt gab in ſîn urkunde,,,,,,,,
6256,ſo lange untze an die ſtun#lde+,,,,,,,,
6257,daz er die kunige vz erwêite 4435,,,,,,,,
6258,vnt ſie ze#lde+r ſel#lde+ belêite,,,,,,,,
6259,,der ſterne der den ſchein tr#suo+k,,,,,,,
6260,,an den abent er ſich huob,,,,,,,
6261,,v#and+ louhte vil ſchone,,,,,,,
6262,,ob der krippe frone,,,,,,,
6263,,vnz an die metein zeit,,,,,,,
6264,,ez iach deſ manik man ſeit,,,,,,,
6265,,do er begunde ovf gen,,,,,,,
6266,,er were von Bethlehem,,,,,,,
6267,,einen f#suo+z niht entwichen,,,,,,,
6268,,daz was ein w#aun+der michel,,,,,,,
6269,#iD+o der ahtode tach,#iD+o der ahte tak,,,,,,,
6270,nah ſiner geburte gelach,nach ſin#aer+ geburte lak,,,,,,,
6271,beſniden er ſich do li#?re+,do liez er ſich beſnei#aden+,,,,,,,
6272,ſwie an im wr#lde+ fun#lde+n nîe 4440,,,,,,,,
6273,,ſwie an ſinem leibe,,,,,,,
6274,deheiner ſlahte meil,were den heiner ſlahte mail,,,,,,,
6275,daz geſcah durh unſer heil,da mit erfulte er vnſer hail,,,,,,,
6276,wizzer waſ er #lde+nne der #f78v+ ſnê,,,,,,,,
6277,iedoh enlîez er im die e,,,,,,,,
6278,uf der er#lde+ niht uerſmahen 4445,,,,,,,,
6279,die wir ſchulen enpfahen,,,,,,,,
6280,geheizzen wart er i#?aesu+s,ge haizzen wart er ieſus,,,,,,,
6281,der engel nant in alſuſ,der engel hær in alſus,,,,,,,
6282,,der maide vor nante,,,,,,,
6283,,do er ire wart bekant,,,,,,,
6284,nu #lde+wingen wir #avnd+ zamen,nv ſul wir twingen v#and+ zamen,,,,,,,
6285,unſer bro#lde+ inſinem namen 4450,deſ leibeſ geluſt in ſinem namen,,,,,,,
6286,mit vil reinlichen ſiten,,,,,,,,
6287,wirne wer#lde+n beſniten,,,,,,,,
6288,alſo uon ſiner lere,,,,,,,,
6289,wir muzzen unſ ſere,,,,,,,,
6290,anen gotes hulde 4455,,,,,,,,
6291,#avnd+ belib#aen+t unſer ſchulde,,,,,,,,
6292,totliche uberladen,,,,,,,,
6293,#lde+r armen ſele ze ſchaden,,,,,,,,
6294,wand ez ir allez bechumet,,,,,,,,
6295,ſwaz der lip hie gefrumet 4460,,,,,,,,
6296,ſo diu ſchidunge ergat,,,,,,,,
6297,ſælich #lde+r da iht rehtes hat,,,,,,,,
6298,#iC+haldea iſt ein lant,,,,,,,,
6299,an der ſc#zh+rift alſo genant,,,,,,,,
6300,d#?a+ ſtun#lde+n nah #lde+r ſage 4465,,,,,,,,
6301,drie kunige an chriſtes tage,,,,,,,,
6302,,war z#svo+ ſol vns d#aer+ leip,,,,,,,
6303,,der vil armechlich geleit,,,,,,,
6304,,ſo div ſele da von ſcheidet,,,,,,,
6305,,ob vnſ got niht enhailet,,,,,,,
6306,,kaldea ind#aer+ gegende weit,,,,,,,
6307,,#f61v+ waren bey der ſelben zeit,,,,,,,
6308,,benanter kunige drey,,,,,,,
6309,,edel v#and+ frey,,,,,,,
6310,uf einem tæidinge,ovf einer tagedinge ,,,,,,,
6311,die waren kunlinge,ſi waren k#sue+nilinge,,,,,,,
6312,ſie wolten un#lde+rſchei#lde+n,,,,,,,,
6313,ir riche v#and+ ir eigen 4470,,,,,,,,
6314,,alle vnd#aer+ ainand#aer+,,,,,,,
6315,,ſi wolten mit ainander,,,,,,,
6316,,trahten ir ſache,,,,,,,
6317,,frivntlich mit gemache,,,,,,,
6318,,v#and+ vil minnechlich,,,,,,,
6319,,v#and+ wolten an ir reich,,,,,,,
6320,,beſchaiden die termin#aun+ge,,,,,,,
6321,,die helde alſo iunge,,,,,,,
6322,want ſie ze#^w+rfen ungerne,die zewurfen vngerne,,,,,,,
6323,do chom der liehte ſterne,do kom d#aer+ goteſ ſterne,,,,,,,
6324,mit grozzem ſchîm mit n#siv+wer chrefte,,,,,,,,
6325,,mit micheler chrefte ,,,,,,,
6326,gaheſ zuder herſchefte,z#svo+ der herſchefte,,,,,,,
6327,die herren ſih berieten 4475,die kvnige ſich bedahten,,,,,,,
6328,waz #lde+r ſterne ſcholt gebieten,,,,,,,,
6329,#avnd+ waz er dingeſ mæînte,,,,,,,,
6330,ir wiſheit ſih uerêinte,,,,,,,,
6331,,bey dem ſchein den er brahte,,,,,,,
6332,daz in #lde+r ſchepfære,daz in der ſchepfer,,,,,,,
6333,damit gekundet w#^æ+re 4480,da mit gekundet wer,,,,,,,
6334,,in gab der ware goteſ ſvn,,,,,,,
6335,,den ſin v#and+ auch den weiſt#suo+m,,,,,,,
6336,zeſamen ſie do ſ#^w+ren,daz ſi zeſamene ſw#suo+ren,,,,,,,
6337,zehante daz ſie furen,,,,,,,,
6338,ſwar ſie daz zeichen leite,,,,,,,,
6339,ir ravit waren gerêite,,,,,,,,
6340,,ſwo d#aer+ ſterne hine f#sue+re,,,,,,,
6341,,daz ſi cherten allez nach,,,,,,,
6342,,z#svo+ d#aer+ verte waz in gach,,,,,,,
6343,,dromedarios ſi gewunnen,,,,,,,
6344,da ſ#^w+ngen ſih ûf die helde 4485,die helde ſich ovf ſwngen,,,,,,,
6345,vnt cherten gêin der ſelde,,,,,,,,
6346,des kindeſ #avnd+ der muter,,,,,,,,
6347,got uater guter,,,,,,,,
6348,der wîſte in daz lieht allez for,,,,,,,,
6349,,daz zaich#aen+ f#suo+r in allez vor,,,,,,,
6350,in #lde+n luften enbore 4490,in den luften enpor,,,,,,,
6351,durh die werlt brêite,durch die werlt praite,,,,,,,
6352,alſ er in #lde+n wech ſ#^æ+ite,,,,,,,,
6353,,gab ez in gelaite,,,,,,,
6354,untzer ſie braht in daz lant,vnz ez ſi brahte in daz lant,,,,,,,
6355,da geborn waſ #lde+r heilant,da geborn waz d#aer+ hailant,,,,,,,
6356,div liebe hîez ſie gahen 4495,,,,,,,,
6357,wan ſie ſih uerſahen,,,,,,,,
6358,gotes inmenniſken ahte,,,,,,,,
6359,#lde+r in wol ge#?N+a#lde+n mæhte,,,,,,,,
6360,#iD+o diſe kunige drie,#rD+o die kvnige frey,,,,,,,
6361,muteſ wiſe #lde+r ſun#lde+n frîe 4500,,,,,,,,
6362,,die da haizzent magi,,,,,,,
6363,zeiheruſalem kamen,komen ze ir#ausal+em,,,,,,,
6364,ein friſte ſie #f79v+ #?d+a namen,,,,,,,,
6365,mit gemêinlichem râte,,,,,,,,
6366,daz ez #lde+r kunich iht hate,,,,,,,,
6367,zelei#lde+ oder zeunminne 4505,,,,,,,,
6368,alſ er #lde+s wrde inne,,,,,,,,
6369,,ein ſchef wolten ſi da beſtên,,,,,,,
6370,,ze rate wurden ſi des,,,,,,,
6371,,ſwen #f62r+ der vbel herodeſ,,,,,,,
6372,,ir verte wurde innen,,,,,,,
6373,,er het ez ze vnminn#aen+,,,,,,,
6374,daz ſie in dem lan#lde+ w^æ+ren,daz ſi in dem lande weren,,,,,,,
6375,vn#lde+ in iedoh uerbæren,,,,,,,,
6376,do giengen die recken ziere,,,,,,,,
6377,fur den ubeln wirt ſchiere  4510,,,,,,,,
6378,hero#lde+s waſ er genant,,,,,,,,
6379,#avnd+ rihſent uber daz lant,,,,,,,,
6380,,v#and+ in niht enſehen,,,,,,,
6381,,do giegen die h#aer+ren frumich,,,,,,,
6382,,vil palde fur den kunik,,,,,,,
6383,,der wirt alſo reich,,,,,,,
6384,er enpfie ſie wol furwâre,enpfienk ſey frumichlich,,,,,,,
6385,do huben ſie uf d#siv+ mære,,,,,,,,
6386,uon #lde+m n#siv+wen kin#lde+ 4515,,,,,,,,
6387,#avnd+ dem ſterne #lde+r in luhte,,,,,,,,
6388,der kunik enpfieng ez ſwîn#lde+,,,,,,,,
6389,d#siv+ rede in fremde duhte,,,,,,,,
6390,al #lde+r hof erchom ioh d#siv+ ſtat,,,,,,,,
6391,#f80r+ der herre ſie aue bat 4520,,,,,,,,
6392,daz ſie im furbaz ſ#^æ+iten,,,,,,,,
6393,#avnd+ der warheit bereiten,,,,,,,,
6394,umbe daz kint ſo here,,,,,,,,
6395,des name gwalt #avnd+ ere,,,,,,,,
6396,ſo chreftich ſcholte ſin 4525,,,,,,,,
6397,wîe in daz wære worden ſchîn,,,,,,,,
6398,,ſi fragten vm daz kindelein,,,,,,,
6399,,daz da kaiſer ſolte ſein,,,,,,,
6400,,vber die iuden alle,,,,,,,
6401,,do erkomen ſi mit ſchalle,,,,,,,
6402,,die d#aer+ ſtête pflagen,,,,,,,
6403,,d#aer+ wirt begunde fragen,,,,,,,
6404,,die vnchunde geſte,,,,,,,
6405,,von warmen ſi daz weſten,,,,,,,
6406,,daz daz kint m#^æ+re,,,,,,,
6407,,nv geboren wêre,,,,,,,
6408,#iD+ie herren in antwrten,#rD+es antwurten im die h#aer+ren,,,,,,,
6409,mit zuhtlichen worten,,,,,,,,
6410,,wir ſein gevaren verren,,,,,,,
6411,,da div werlt hat ende,,,,,,,
6412,,indiſem ellende,,,,,,,
6413,wir ſuchen daz ſelbe kint,ſ#suo+che wir daz ſelbe kint,,,,,,,
6414,durh daz untir ime ſint 4530,durch daz vnder ime ſint,,,,,,,
6415,bed#siv+ engel #avnd+ lîute,engel v#and+ levte,,,,,,,
6416,daz zæiget er wol zedûte,,,,,,,,
6417,ir meget ez hor#?e+n gerne,,,,,,,,
6418,,ia muget ir auch bedevte,,,,,,,
6419,,ſine kumft wizzen g#aer+ne,,,,,,,
6420,uon himel chom ein ſterne,von himel kom ein ſterne,,,,,,,
6421,da wir waren alle dri 4535,da wir waren alle drey,,,,,,,
6422,ſo michel ſchonheit waſ im bi,michel ſchone waz im bey,,,,,,,
6423,daz ſie niemen furbringen mach,,,,,,,,
6424,do g#^w+nnen wir lieb#aen+ tach,,,,,,,,
6425,wan#lde+ wir anden ſtun#lde+n,,,,,,,,
6426,uon goteſ gute erfun#lde+n 4540,,,,,,,,
6427,waz daz wnder mêinte,,,,,,,,
6428,div ſchrift unſ daz beſchêinte,,,,,,,,
6429,wîe daz zeichen ſcholt erſchinen,,,,,,,,
6430,ſo chriſt heilant #lde+n ſinen,,,,,,,,
6431,zehelfe wolte chomen 4545,,,,,,,,
6432,alſo heten wirz uernomen,,,,,,,,
6433,do wrden wir zerate,,,,,,,,
6434,daz wir ſtrîchen drate,,,,,,,,
6435,die herſchaft zeſuchen,,,,,,,,
6436,#z#avnd++ ob ſin got wil geruchen 4550,,,,,,,,
6437,ſo mugen wir niht erwinden,,,,,,,,
6438,vntze wir die heimut vin#lde+n,,,,,,,,
6439,die daz kint beſezzen hat,,,,,,,,
6440,dem al d#siv+ werlt zedîenſte ſtat,,,,,,,,
6441,ſin ſterne unſer wiſel wart 4555,,,,,,,,
6442,#avnd+ gab unſ froliche uart,,,,,,,,
6443,,do wurde wir en ain,,,,,,,
6444,,daz wir daz kindel ſ#suo+chten haim,,,,,,,
6445,,#sov+f des weges arbait,,,,,,,
6446,,gab vnſ d#aer+ ſterne gelait,,,,,,,
6447,untze her an daz burgetor,her vnz an daz tor,,,,,,,
6448,da entwêich er unſ uor,da entweich vns der ſterne vor,,,,,,,
6449,do #f80v+ gedingeten wir zware,,,,,,,,
6450,daz unſer heil hie wære 4560,,,,,,,,
6451,#avnd+ #sov+h hie wrden gewert,,,,,,,,
6452,des unſer herze ſere gert,,,,,,,,
6453,wir wolten daz kint eren,,,,,,,,
6454,#avnd+ ſinen gewalt uil heren,,,,,,,,
6455,ze #zden+ ſinen fuzzen 4565,,,,,,,,
6456,diemutekliche gruzzen,,,,,,,,
6457,,nv want wir hie vinden,,,,,,,
6458,,daz himiliſche kindel,,,,,,,
6459,,v#and+ ſine m#svo+ter ſ#sve+zzen,,,,,,,
6460,,div #f62v+ wol mak ſorgen p#sve+zzeN,,,,,,,
6461,#iH+erodes der uerworhte,#iH+erodes d#aer+ v#aer+worhte,,,,,,,
6462,ſines richeſ er do uorhte,ſin#aer+ æren er vorhte,,,,,,,
6463,er gewan manigen mut,,,,,,,,
6464,waz im ze tûn wære g#suo+t 4570,,,,,,,,
6465,er gedaht daz er mit ſwerten,,,,,,,,
6466,ſin riche muſe beherten,,,,,,,,
6467,do beſant er di wîſen,,,,,,,,
6468,die geêrten #avnd+ die griſen,,,,,,,,
6469,die der buche pflagen 4575,,,,,,,,
6470,er begunde ſie fragen,,,,,,,,
6471,weſ d#siv+ ſchrift #f81r+ #avnd+ die wiſſagen iæhen,,,,,,,,
6472,vnt wâ ſie ſih uerſæhen,,,,,,,,
6473,daz chriſtes geburt ſcholte ergan,,,,,,,,
6474,#lde+m elliv riche un#lde+rtan 4580,,,,,,,,
6475,#avnd+ dienſthaft muſen ſin,,,,,,,,
6476,die herren taten im daz ſ#?c+hin,,,,,,,,
6477,bethlehem ſie benanten,,,,,,,,
6478,want ſie da#zz+ erchanten,,,,,,,,
6479,daz in div maget gebære 4585,,,,,,,,
6480,d#siv+ uon dauit kom#aen+ wære,,,,,,,,
6481,,ſo daz kint begunde,,,,,,,
6482,,reichſen zeſtunde,,,,,,,
6483,,hiez er die iuden,,,,,,,
6484,,gedenken v#and+ gehugen,,,,,,,
6485,,ob ſi weſten #aden+ liſt,,,,,,,
6486,,wa d#aer+ hailige chriſt,,,,,,,
6487,,ſolte werden geboren,,,,,,,
6488,,michel was ſin zorn,,,,,,,
6489,,ſi ſp#ara+chen ze #rB+ethlehem,,,,,,,
6490,,ſol div geburt ergên,,,,,,,
6491,die dri kunige er do bat,die drey kvnige er bat,,,,,,,
6492,ſo ſie komen andie ſtat,ſo ſi komen an die ſtat,,,,,,,
6493,daz ſie daz kint fereiſten,da ſi daz kint funden,,,,,,,
6494,daz ſie daran leiſten 4590,,,,,,,,
6495,des er ſie gebate,,,,,,,,
6496,daz ſie boten drate,,,,,,,,
6497,nah im hiezzen ilen,,,,,,,,
6498,er wolt #sov+h ze#lde+n wilen,,,,,,,,
6499,#f81v+ ſich bieten an ſinen fûz 4595,,,,,,,,
6500,,daz ſi ze ſnellen ſtunden,,,,,,,
6501,,im ainen boten ſanden,,,,,,,
6502,,daz er ze den ſelben landen,,,,,,,
6503,,chom auch an des kindes f#suo+z,,,,,,,
6504,daz im der ſorgen wrde buz,daz ſin#aer+ ſunde im wurde p#suo+z,,,,,,,
6505,#avnd+ al ſiner miſſetate,,,,,,,,
6506,die er gefrumet hate,,,,,,,,
6507,die ſûzze #lde+r worte er bot,,,,,,,,
6508,#avnd+ ahtet #lde+n bittern tot 4600,,,,,,,,
6509,t#sov+genliche in #lde+m mute,,,,,,,,
6510,#lde+r ubel #avnd+ #lde+r ungute,,,,,,,,
6511,#iD+ie kunige url#sov+p namen,#rD+ie kvnige namen vrloup ,,,,,,,
6512,do ſie do wi#lde+r kamen,,,,,,,,
6513,an ir wech uz der ſtete 4605,,,,,,,,
6514,nah ir wnſke #avnd+ ir bete,,,,,,,,
6515,ruchete ſie got gewerne,,,,,,,,
6516,ſi#?ans+ geleites andem ſterne,,,,,,,,
6517,er kom in aue #avnd+ f#suo+re in vor,,,,,,,,
6518,rehte uon #lde+m purgetor 4610,,,,,,,,
6519,untze an die #?ſ+æligen ſtat,,,,,,,,
6520,da ſih ni#lde+r hete geſat,,,,,,,,
6521,mit dem kin#lde+ d#siv+ maget,,,,,,,,
6522,d#siv+ ſæl#lde+ in wol behagete,,,,,,,,
6523,#avnd+ erhvb ir herze ſo 4615,,,,,,,,
6524,daz ſie wrden ſtarche fro,,,,,,,,
6525,#avnd+ lobeten gotes t#sov+gen,,,,,,,,
6526,d#siv+ ſie ſahen mit ir #sov+gen,,,,,,,,
6527,ſus brahte ſie ir wîſel dar,,,,,,,,
6528,der liehte #avnd+ wolgevar 4620,,,,,,,,
6529,#avnd+ geſtunt da zeſtet,,,,,,,,
6530,damit er in zewiſe tet,,,,,,,,
6531,daz ſie furbaz nîen ſcholten,,,,,,,,
6532,ob ſie got eren wolten,,,,,,,,
6533,die furſten in daz huſ #?d+raten 4ß25,,,,,,,,
6534,mit ir opfer daz ſie haten,,,,,,,,
6535,uon richem willen bereit,,,,,,,,
6536,fur daz kint #avnd+ die meit,,,,,,,,
6537,v#?î+elen ſie herzekliche,,,,,,,,
6538,ir mut waſ uerſtantliche 4630,,,,,,,,
6539,want den ſie menniſken ſahen,,,,,,,,
6540,#lde+r gotheit ſie im iahen,,,,,,,,
6541,#avnd+ daz ſie ane meil wære,,,,,,,,
6542,diu in m#suo+ter gebære,,,,,,,,
6543,,ſi heten nind#aer+ ovf ſchoup,,,,,,,
6544,,do ſi #sov+z d#aer+ ſtat,,,,,,,
6545,,komen #sov+f irs wegeſ pfat,,,,,,,
6546,,d#aer+ ſterne louht in auer ſa,,,,,,,
6547,,den kunigen von kaldea,,,,,,,
6548,,do weiſte ſi d#aer+ ſterne,,,,,,,
6549,,den ſi da ſahen gerne,,,,,,,
6550,,in daz hous rehte,,,,,,,
6551,,da ſi vnſren trehten,,,,,,,
6552,,ſolten beſchowen,,,,,,,
6553,,v#and+ die vil edelen vrowen,,,,,,,
6554,,div in hete get#ara+gen,,,,,,,
6555,,ia kund iv nieman geſagen,,,,,,,
6556,,wie liebe ſi in gedahten,,,,,,,
6557,,daz opfer daz ſi brahten,,,,,,,
6558,,daz m#sve+zze vnſ wegen,,,,,,,
6559,,ze dem ewigen leben,,,,,,,
6560,,si ſ#suo+chten wenik lange,,,,,,,
6561,,mit lob v#and+ mit geſange,,,,,,,
6562,der #f82r+ eine truch inder hant 4635,#f63r+ der eine tr#suo+k in d#aer+ hant,,,,,,,
6563,die goltmaſſen wolgebrant,ein golt meſſe wol gebrant,,,,,,,
6564,damit bedûter die chraft,da mit bedevt er die kraft,,,,,,,
6565,#avnd+ die keiſerlichen herſchaft,v#and+ ſin hohe h#aer+ſchaft,,,,,,,
6566,die #lde+r kunich aller kunige hat,,,,,,,,
6567,dem daz golt wol ze mazze ſtat 4640,,,,,,,,
6568,#lde+r an#lde+r brahte wir#sov+ch,d#aer+ and#aer+ gab den weir#sov+ch,,,,,,,
6569,daran erzaiget er #sov+ch,,,,,,,,
6570,,fur vnſern h#aer+ren kniet er auch,,,,,,,
6571,,da mit vnſ kvnt wart,,,,,,,
6572,daz er got wære #avnd+ ewart,daz er were ein æwart,,,,,,,
6573,der al die werlte bewart,,,,,,,,
6574,#lde+r dritte mirren dar bot 4645,,,,,,,,
6575,damit urkundet er #lde+n tot,,,,,,,,
6576,den er ſit an #lde+m cruce leit,,,,,,,,
6577,ia waſ do ein gewônheit,,,,,,,,
6578,daz man toten #zmit+ mirren behielt,,,,,,,,
6579,daz ire #lde+hein fûle wîelt 4650,,,,,,,,
6580,daz opfer waſ bezæichenlich,,,,,,,,
6581,#f82v+ lobeſam #avnd+ #^w+nneklich,,,,,,,,
6582,ia heten ſie fur ware,,,,,,,,
6583,deſ kindes herſchaft mære,,,,,,,,
6584,ſin gotliche g#suo+te 4655,,,,,,,,
6585,#avnd+ des todeſ diemute,,,,,,,,
6586,an #lde+r gebe wol beſlozzen,,,,,,,,
6587,,#rD+er dritte hin fur gahte,,,,,,,
6588,,mirren er dem kinde brahte,,,,,,,
6589,,da bezaiget er mit,,,,,,,
6590,,ſinen tot wan æ was ſit,,,,,,,
6591,,ſwa man toten begr#suo+b ,,,,,,,
6592,,daz man die mirren dar tr#suo+g,,,,,,,
6593,,damit ſi ſine g#sue+te,,,,,,,
6594,,ſin#aen+ gewalt ſine diem#sve+te,,,,,,,
6595,,habent wol beſlozzen,,,,,,,
6596,deſ hant ſie uon rehte genozzeN,des habent ſi wol genozzen,,,,,,,
6597,[]ie lieben gotes hol#lde+n,#iD+o die gotes holden,,,,,,,
6598,do ſie des nahtes ſlafen ſchol#lde+n,deſ nahteſ ſlaffen wolden,,,,,,,
6599,ein engel liehter in erſchein,,,,,,,,
6600,#avnd+ gebot in daz ſie hêim,,,,,,,,
6601,ein an#lde+r ſtrazze muſen uârn,,,,,,,,
6602,er ſprah ir ſchult daz bewarN,,,,,,,,
6603,daz ir den kunich ith me ſehet 4665,,,,,,,,
6604,#avnd+ ime deſ ueriehet,,,,,,,,
6605,wa daz kint mit #lde+r muter ſi,,,,,,,,
6606,want #f83r+ untr#siv+we wonet im bi,,,,,,,,
6607,an#lder+ſ hat er gedaht,,,,,,,,
6608,denner ivh habe inne braht  4670,,,,,,,,
6609,er wil #lde+n heila#?lNt+ flieſen,,,,,,,,
6610,#lde+s ſchulet ir in uerkieſen,,,,,,,,
6611,,v#and+ kurzeweile wolten haben,,,,,,,
6612,,ein engel kom in das gadem,,,,,,,
6613,,der eilte die rechen,,,,,,,
6614,,frolichen wechen,,,,,,,
6615,,er ſagt in das herodes,,,,,,,
6616,,gedaht hiete des,,,,,,,
6617,,daz er daz kint erſl#sue+ge,,,,,,,
6618,,er gebot daz ſey ir wech tr#sue+ge,,,,,,,
6619,,anderhalben durch daz lant,,,,,,,
6620,,darume were er dar geſant,,,,,,,
6621,do ſie #lde+n morgen ſahen,#rD+o ſi den morgen ſah#aen+,,,,,,,
6622,ſie begun#lde+n gahen,,,,,,,,
6623,,vrloup ſi namen,,,,,,,
6624,ze#lde+r milten chuniginne 4675,ze d#aer+ milt#aen+ kuniginne,,,,,,,
6625,d#siv+ gruzte ſie mit minne,div gr#suo+zte ſey mit minne,,,,,,,
6626,mit vrl#sov+be ſie dan ſchieden,do ſi dannen ſchieden,,,,,,,
6627,#avnd+ chuſten andi wiêgen,ſi kuſten an die wieg#aen+,,,,,,,
6628,da ir herre inne lach,da ir herre inne lak,,,,,,,
6629,daz w#?aas+ in der liebeſte tach 4680,daz waz in ein lieber tak,,,,,,,
6630,den ſie gelebet haten,,,,,,,,
6631,deſ engels gebot ſie taten,,,,,,,,
6632,vnt namen in eine chrumbe,,,,,,,,
6633,ioh ein ander uart umbe,,,,,,,,
6634,,do ſi hine f#suo+ren,,,,,,,
6635,,ein and#aer+en #f63v+ wek ſi erkuren,,,,,,,
6636,#zſuſ+ mit #f83v+ mit flizze ſie beh#suo+ten 4685,ſi wolten ſich beh#sue+ten,,,,,,,
6637,ob herodes wolte #^w+ten,ob herodeſ wolte w#sue+ten,,,,,,,
6638,daz er ſie doh niht geſchen#lde+n,,,,,,,,
6639,,daz er mit ſiner ſchande,,,,,,,
6640,noh #lde+r reiſe mæht erwenden,ir reiſe niht er wande,,,,,,,
6641,ſie furen in ir gegene,ſi f#suo+ren in ir gegene,,,,,,,
6642,got in ſinem ſegene 4690,got mit ſinem ſegene,,,,,,,
6643,brahte ſie hêin geſun#lde+,,,,,,,,
6644,zeeiner unlangen ſtunde,,,,,,,,
6645,,braht ſey alle ſant,,,,,,,
6646,,haim wider in ir lant,,,,,,,
6647,,#iD+o geſchach ze perhtnahten,,,,,,,
6648,,als wir ez kunnen ahten,,,,,,,
6649,,dannoch zaich#aen+ me,,,,,,,
6650,,do vnſ got die nivwen #^æ+,,,,,,,
6651,,ſazte mit d#aer+ toufen,,,,,,,
6652,,da wir vnſ inne ſloufen,,,,,,,
6653,,ez kom auch an den ſelben tak,,,,,,,
6654,,deſ ſich div w#aer+lt frewen mak,,,,,,,
6655,,in den namen drein,,,,,,,
6656,,danne wir komen ſin,,,,,,,
6657,,nv dienet im genot,,,,,,,
6658,,wan er v#aer+wandelot,,,,,,,
6659,,daz wazz#aer+ ze weine,,,,,,,
6660,,die zwelf pot#aen+ ſeine,,,,,,,
6661,,wurden da mit veſte,,,,,,,
6662,,er machet #sov+z den geſten,,,,,,,
6663,,die lieben houſgenoz,,,,,,,
6664,,do ſi div zaichen groz,,,,,,,
6665,,an ir maiſter ſahen,,,,,,,
6666,,d#aer+ gothait ſi v#aer+iahen,,,,,,,
6667,,die drey ſache alle,,,,,,,
6668,,ſint an den tak ge vallen,,,,,,,
6669,,an dem ſelben tage,,,,,,,
6670,,ſul wir gote chlagen,,,,,,,
6671,,alle vnſer miſſetat,,,,,,,
6672,,die wir von des tiefels rat,,,,,,,
6673,,ovf vnſ eilen vazzen,,,,,,,
6674,,mit neide v#and+ mit hazze,,,,,,,
6675,,ſeit vnſ div m#suo+t#aer+ ie getr#suo+k,,,,,,,
6676,,an der trouten vrowen,,,,,,,
6677,,der genade m#sve+z vnſ beſchowen,,,,,,,
6678,[]ber die wochen ſehſe,#f64r+ #iN+ach den ſechs wochen ,,,,,,,
6679,do ſie des zit weſſe,,,,,,,,
6680,,als div zeit waz geſprochen,,,,,,,
6681,do braht d#siv+ maget gute,do braht div maget here,,,,,,,
6682,mit fr#sov+derichem mute,,,,,,,,
6683,,mit micheler ære,,,,,,,
6684,hinze chirchen ir ſun,hinze chirch#aen+ iren ſun,,,,,,,
6685,alſ d#siv+ e gebot ze tûn,,,,,,,,
6686,,ſi douht ir daz weſen frum,,,,,,,
6687,daz reht ſie wol behielt,daz ſi die æ be hielte,,,,,,,
6688,ſwie ſie #lde+r kivſkeit w#?î+elte 4700,ſwie ſi d#aer+ kevſe wielte,,,,,,,
6689,diu in#lde+m himel oben,,,,,,,,
6690,iemer iſt ze loben,,,,,,,,
6691,ſie zunte ir liehte cherzen,ſi zunte grozze kerzen,,,,,,,
6692,d#siv+ îe in #lde+m #f84r+ herzen,ſi was an ir herzen,,,,,,,
6693,liehter was denne d#siv+ ſunne 4705,,,,,,,,
6694,aller engele wnne,,,,,,,,
6695,z#^w+o turteltuben ſie brahte,,,,,,,,
6696,da ir got mit gedahte,,,,,,,,
6697,wan under #lde+n uogeln allen,,,,,,,,
6698,niht me lebet ane gallen 4710,,,,,,,,
6699,niht ſo guteſ #avnd+ ſo reineſ,,,,,,,,
6700,ane die bedorfte deheineſ,,,,,,,,
6701,an#lde+rn opferes d#siv+ reine,,,,,,,,
6702,diu m#suo+ter iſt #avnd+ maget eine,,,,,,,,
6703,,vil lout#aer+ v#and+ fro ,,,,,,,
6704,,ſi legte turteltouben zwo,,,,,,,
6705,,auf den altere,,,,,,,
6706,,daz ez ir opfer were,,,,,,,
6707,dar chom #lde+r alte ſimeon 4715,dar chom der alte ſym#ze+on,,,,,,,
6708,#lde+m hete got zelon,,,,,,,,
6709,ſines gedinges daz geben,,,,,,,,
6710,daz er ſo lange mvſe leben,,,,,,,,
6711,untzer den waren heilant,,,,,,,,
6712,enpfienge in ſine hant 4720,,,,,,,,
6713,#avnd+ in froliche geſæhe,,,,,,,,
6714,#lde+ſ #lde+r himel zeherren iæhe,,,,,,,,
6715,do hub er in ûf mit fr#sov+#lde+,,,,,,,,
6716,deſ herzelieber beſch#sov+de,,,,,,,,
6717,#avnd+ deſ gna#lde+n er gerte 4725,,,,,,,,
6718,er ſprah nu bin ich gewerte,,,,,,,,
6719,herre #lde+s ich îe bat,,,,,,,,
6720,du haſt mich braht andie ſtat,,,,,,,,
6721,daz ih din heil geſehen han,,,,,,,,
6722,nu ſcholt du mich varnlân 4730,,,,,,,,
6723,herre indinem fri#lde+,,,,,,,,
6724,durh #lde+ſ liehtes un#lde+rdige,,,,,,,,
6725,daz du der werlte haſt geſant,,,,,,,,
6726,herre daz han ich erkant,,,,,,,,
6727,,der enpfienk daz kunichliche lon,,,,,,,
6728,,daz zaichen ſunderlich,,,,,,,
6729,,daz im got der reich,,,,,,,
6730,,mahte wol gelaiſten,,,,,,,
6731,,der was ſiech v#and+ blint,,,,,,,
6732,,do er daz here kint,,,,,,,
6733,,an ſinen arm genam,,,,,,,
6734,,do geſach d#aer+ hailige man,,,,,,,
6735,,ovf taten ſich ſeine augen,,,,,,,
6736,,er begunde vmbe ſchowen,,,,,,,
6737,,v#and+ lobt den herren den er ſach,,,,,,,
6738,,ſin lobt daz er ſp#ara+ch,,,,,,,
6739,,daz vinde wir an den b#suo+chen,,,,,,,
6740,,ſo wir ez wellen ſ#suo+chen,,,,,,,
6741,#iE+in witwe diu hiez anne 4735,Ein witebe div hiez anne,,,,,,,
6742,diu #zwas+ geweſen lange,div was geweſen lange,,,,,,,
6743,in#lde+m gotes h#suo+ſe,in dem goteſhouſe,,,,,,,
6744,deſ #?z+ naht#?aes+ ane gr#suo+ſe,deſ nahteſ ane grouſe,,,,,,,
6745,daz ſie nien uorhte,daz ſi ſich niht envorhte,,,,,,,
6746,an#lde+rſ ſie niht en worhte 4740,noch anders niht en worhte,,,,,,,
6747,wan daz ſie ir gebetes hute,wan daz ſi irs gebetes h#suo+te,,,,,,,
6748,div ſt#^æ+te #avnd+ diu vil gute,div raine v#and+ div g#suo+te,,,,,,,
6749,zæigete uf #lde+n heilant,zaigte ovf den hailant,,,,,,,
6750,#f84v+ vnt umbeviench in zehant,,,,,,,,
6751,,mit dem vingere #f64v+ v#and+ mit d#aer+ hant,,,,,,,
6752,,v#and+ nam daz kindele zehant,,,,,,,
6753,,daz ſi in dem tempel vant,,,,,,,
6754,ſie ſprah daz er ware 4745,v#and+ iach daz ez were,,,,,,,
6755,der werlte ſchepfære,der werlde ſchepfere,,,,,,,
6756,#lde+r mit menniſklicher wat,,,,,,,,
6757,ſin herſchaft bedecket hat,,,,,,,,
6758,er wærez der riche chriſt,,,,,,,,
6759,der rehten troſt #lde+r arm#aen+ geniſt 4750,,,,,,,,
6760,do heter urkundes genuch,,,,,,,,
6761,d#siv+ muter d#siv+ in truch,,,,,,,,
6762,uil wer#lde+ ir da geſah,,,,,,,,
6763,ſin lop daz w#?aas+ ir gemach,,,,,,,,
6764,,der ſele troſt v#and+ ir geniſt,,,,,,,
6765,,ez gewan der heilige chriſt,,,,,,,
6766,,ein vrkunde herlich,,,,,,,
6767,,er het vm ſich,,,,,,,
6768,,geſament die g#suo+ten,,,,,,,
6769,,die ſines gebotes h#svo+ten,,,,,,,
6770,,ſin diern v#and+ ſin knehte,,,,,,,
6771,,die im dienten rehte,,,,,,,
6772,#?V+on gote birn wir allenſamet 4755,von got ſey wir alleſamt,,,,,,,
6773,an diſen dingen gemanet,an diſen dingen gemant,,,,,,,
6774,ſo wir zechirchen gen,ſo wir ze chirchen gen,,,,,,,
6775,daz wir #zda+ zuhteklichen ſten,daz wir gezogenlichen ſten,,,,,,,
6776,#avnd+ daz wir uon herzen meinen,,,,,,,,
6777,,v#and+ ſine herſchaft,,,,,,,
6778,,von aller vnſer kraft,,,,,,,
6779,,minnen v#and+ mainen,,,,,,,
6780,ob al #lde+r werlte in einen 4760,ob aller werlte in einen,,,,,,,
6781,der unſ uon nihte geſchuf,,,,,,,,
6782,unſer gebet #avnd+ unſern r#^v+f,,,,,,,,
6783,ſchulen wir an in wen#lde+n,,,,,,,,
6784,ia mag er wol ueren#lde+n,,,,,,,,
6785,ſwaz unſ ſorgen obelit 4765,,,,,,,,
6786,er iſt der die gnade git,,,,,,,,
6787,d#siv+ iemer wert ane wanch,,,,,,,,
6788,aller wiſheit anvanch,,,,,,,,
6789,er iſt #sov+h diu ware minne,,,,,,,,
6790,diu da unſer ſinne 4770,,,,,,,,
6791,erzunten ſol mit ſinem vîvre,,,,,,,,
6792,dazu hat er unſ ze ſtiure,,,,,,,,
6793,ſine muter geben,,,,,,,,
6794,die unſ daz ewige leben,,,,,,,,
6795,uil wol mak erwerben 4775,,,,,,,,
6796,die in ir hul#lde+n erſterben,,,,,,,,
6797,,ez ſulen vnſer ſinne,,,,,,,
6798,,ſam die kerzen brinnen,,,,,,,
6799,,in geiſtlichem fiwer,,,,,,,
6800,,v#and+ vnſer ſele ze ſtiwer,,,,,,,
6801,,ſule wir weſen alle,,,,,,,
6802,,ſam div toube ane galle,,,,,,,
6803,,ſo wirt vns gegeben,,,,,,,
6804,,daz æwige leben,,,,,,,
6805,,daz wir danne beſchowen,,,,,,,
6806,,an ende mit der vrowen,,,,,,,
6807,#iD+o daz mære chom geflogen,#iD+o daz mere kom geflogen ,,,,,,,
6808,daz herodeſ waſ betrogen,daz herodeſ was betrogen,,,,,,,
6809,uon #lde+n kunigen drien,von den kunigen dreyen,,,,,,,
6810,uor lei#lde+ began er ſchrîen 4780,vor laide begunde er ſchreien,,,,,,,
6811,alſ er toben wolde,als er toben wolte,,,,,,,
6812,er ſprah daz er ſie mit gol#lde+,er ſprach daz er mit golde,,,,,,,
6813,wi#lde+r wæge alle,ſi alle wid#aer+wege,,,,,,,
6814,#f85r+ in ze ſchanden #avnd+ ze ualle,,,,,,,,
6815,,ob ſi gebunden legen,,,,,,,
6816,,er hiez in nach reiten,,,,,,,
6817,,ſ#suo+chen alſo weiten,,,,,,,
6818,,#f65r+ er iagt in nach mit fleizze,,,,,,,
6819,,er wolt in iteweizzen,,,,,,,
6820,daz ſie im niht boten ſanden 4785,do in chriſt kom zehanden,,,,,,,
6821,do in chriſt chom zehanden,daz ſi im niht ponten ſanden,,,,,,,
6822,alſ ſie het#aen+ gelob#?+et,Als ſi heten gelobt ,,,,,,,
6823,do waſ den herren ſo gezoget,,,,,,,,
6824,,des het er ſich nach ertobt,,,,,,,
6825,daz ſie wol entwichen waren,daz ſi im entwichen waren ,,,,,,,
6826,daz er nîen mohte ire geuaren 4790,v#and+ ir niht moht gevahen,,,,,,,
6827,doh hiez er in nah riten,,,,,,,,
6828,#avnd+ ſuchen alſo witen,,,,,,,,
6829,do daz niht #?z+ uervie,,,,,,,,
6830,zerate er mit grimme gie,,,,,,,,
6831,mit ſinen mortgelichen 4795,,,,,,,,
6832,die rieten #sov+h im tobelichen,,,,,,,,
6833,daz man d#siv+ kint elliv erſluge,,,,,,,,
6834,ſo gaheſ mit #lde+r fuge,,,,,,,,
6835,daz chriſt un#lde+r in uerdurbe,,,,,,,,
6836,e daz er uerborgen wr#lde+ 4800,,,,,,,,
6837,,do ſaz er ze rate,,,,,,,
6838,,wie er mohte drate,,,,,,,
6839,,ſinen zorn rechen,,,,,,,
6840,,des eilte er ſich beſprechen,,,,,,,
6841,,mit argiſten ,,,,,,,
6842,,die deſ keine friſten,,,,,,,
6843,,noch pite wolten haben,,,,,,,
6844,,ſi m#sve+ſten erſlahen,,,,,,,
6845,,die ainvaltigen menige,,,,,,,
6846,,div kint in al der gegene,,,,,,,
6847,,ſi rieten alleſant,,,,,,,
6848,,daz er die kint vber alle ſin lant,,,,,,,
6849,,vm bethlehem toten hiezze,,,,,,,
6850,,noch deheines geneſen liezze,,,,,,,
6851,,ſwas manneſ bilde het,,,,,,,
6852,,daz man die tote zeſtet,,,,,,,
6853,,do cherte d#aer+ man grimme,,,,,,,
6854,,alle ſine ſinne,,,,,,,
6855,,wie er daz vol brehte,,,,,,,
6856,,er ſazte in ſein æhte,,,,,,,
6857,,die kindiſchen barn,,,,,,,
6858,,die vnſchuldik waren,,,,,,,
6859,So we #f85v+ dir untriwe daz du biſt,So wir dir vntriwe daz du biſt,,,,,,,
6860,ſie wanten daz #lde+r liſt,ſi wanden daz ir boſer liſt,,,,,,,
6861,da zegot uerholn wære,zegot v#aer+holen were,,,,,,,
6862,des tieuelſ uolgære,des tievels trugenere,,,,,,,
6863,die waren dar an erblendet 4805,die waren erblendet ,,,,,,,
6864,gehonet #avnd+ geſchendet,gehonet v#and+ geſchendet,,,,,,,
6865,der magede ſun uil wol genaſ,#rD+er magede ſun vil wol genaſ,,,,,,,
6866,daz herodis wille was,daz herodiſ wille waz,,,,,,,
6867,daz enmohte niht ergen,daz enmohte niht geſein,,,,,,,
6868,ein engil chom zebethlehem 4810,#f65v+ ein engel chom ze bethlehem,,,,,,,
6869,ioſeben er anharte,#rI+oſeben er manot harte,,,,,,,
6870,daz er daz kint bewarte,daz er daz kint bewarte,,,,,,,
6871,er hiez in weſen muntir,er hiez in weſen munt#aer+,,,,,,,
6872,#avnd+ ſeit im #sov+h dar untir,v#and+ ſagt im daz wunder,,,,,,,
6873,die kumftigen ſorgen 4815,der kunftigen ſorgen,,,,,,,
6874,d#siv+ dannoch waſ uerborgen,div dannoch was v#aer+borgen,,,,,,,
6875,in#lde+s kunges eitirgem rate,,,,,,,,
6876,er mant in ilen drate,,,,,,,,
6877,daz er furte #lde+n #f86r+ heilant,,,,,,,,
6878,,er in fueren i#ahesu+m,,,,,,,
6879,uerre in#?z+egiptelant 4820,v#aer+re in egyptum,,,,,,,
6880,under die heideniſke diet,vnd#aer+ die haydiniſche diet,,,,,,,
6881,daz gebot er #avnd+ gerîet,mit fleizze er im daz riet,,,,,,,
6882,daz er ſih da enthabete,daz er ſich da enthabte,,,,,,,
6883,untzer im aue ſagete,vnz er im auer ſagte,,,,,,,
6884,des fr#sov+te#?+ ſih diu maget mit #lde+m alten 4825,,,,,,,,
6885,daz er ſcholte ,,,,,,,,
6886,daz unſchuldige chriſtes blut,,,,,,,,
6887,daz ſo gnadik unde g#suo+t,,,,,,,,
6888,,wanne er ſolt wider chêren,,,,,,,
6889,,mit d#aem+ kinde hêren,,,,,,,
6890,,Ioſeph d#aer+ vil weiſe,,,,,,,
6891,,als er ovz dem paradeiſe,,,,,,,
6892,#iD+o ioſep gewarnet wart,alſo gewarnet wart,,,,,,,
6893,er hub ſih ſa an die uart 4830,er h#suo+b ſich ſchier an die vart,,,,,,,
6894,uil ſnelle #avnd+ unbedrozzen,,,,,,,,
6895,#lde+r di werlt hat beſlozzen,,,,,,,,
6896,vnt elliu dinch in ſiner hant,,,,,,,,
6897,der wolte ditze irdiſke lant,,,,,,,,
6898,mit ungemache #f86v+ buwen 4835,,,,,,,,
6899,er floch die ungetr#siv+wen,,,,,,,,
6900,die engele waren im bi,,,,,,,,
6901,ſin m#suo+ter edile #avnd+ fri,,,,,,,,
6902,fure des nahteſ dan,v#and+ fuor des nahteſ danne,,,,,,,
6903,mit ir #lde+r uil rêine man 4840,,,,,,,,
6904,der ſie bediu berûchte,,,,,,,,
6905,die frem#lde+n chriſt beſ#?du+chte,,,,,,,,
6906,#lde+r mane bot im ſinen ſchîn,,,,,,,,
6907,#lde+r in#lde+r pfallenze ſin,,,,,,,,
6908,uerdolt neheine vinſter 4845,,,,,,,,
6909,die iv#lde+n lie er zeder #?dw+vinſter,,,,,,,,
6910,er wolte mit #lde+n heiden ſin lop gemeren,,,,,,,,
6911,#avnd+ zu den gna#lde+kliche cheren,,,,,,,,
6912,daz ſie ſich t#sov+fen liêzzen,,,,,,,,
6913,unt im dieneſt gehiêzzeN 4850,,,,,,,,
6914,#iS+waz der tieuil angetreit,,,,,,,,
6915,ih wêiz er ſich niemer geleit,,,,,,,,
6916,untzer daz uol bringet,,,,,,,,
6917,ſwa er iê nah ringet,,,,,,,,
6918,daz chan er wol beſtæten 4855,,,,,,,,
6919,mit bitterlichen ræten,,,,,,,,
6920,,von dem leihten manne,,,,,,,
6921,,v#and+ von den gar v#aer+wazzen,,,,,,,
6922,,die iren ſin heten v#aer+lazzen,,,,,,,
6923,,wider daz edele hert#suo+m,,,,,,,
6924,,daz ſi an im wolten t#suo+n,,,,,,,
6925,,frayſe v#and+ vnpilde,,,,,,,
6926,,do f#suo+r er vb#aer+ daz gevilde,,,,,,,
6927,,v#and+ begunde von in kêren,,,,,,,
6928,,ſin lob wolt er mêren,,,,,,,
6929,,bey d#aer+ haideniſchen diet,,,,,,,
6930,,da er gegen ſchiet,,,,,,,
6931,,daz ſich ir hailt mert,,,,,,,
6932,,v#and+ ſich ir geloube v#aer+kert,,,,,,,
6933,,ob ſi ſich liezzen toufen,,,,,,,
6934,,in rehteſ leben ſloufen,,,,,,,
6935,herodes der tumbe,#rH+erodes der tumbe,,,,,,,
6936,der hiez do renn#?z+en umbe,d#aer+ hiez do rennen vmbe,,,,,,,
6937,al die ſinen wtrîche,die ſinen w#sue+treiche,,,,,,,
6938,er hiez ſie grimmekliche 4860,hiez er grimmechliche,,,,,,,
6939,die iungen degen uerlieſen,#f66r+ die degen kint v#aer+lieſen,,,,,,,
6940,ſwa ſie daz mæhten kieſen,ſwa ſi mohten kieſen,,,,,,,
6941,daz ſie inden zwêin iaren,die bey zwain iaren,,,,,,,
6942,uon m#suo+ter chomen wæren,von ir m#suo+t#aer+ komen waren,,,,,,,
6943,ab#?im+atu #&+ infra 4865,abymatu et infra,,,,,,,
6944,er hiez ſie allenthalben da,er hiez ſi allenthalben da,,,,,,,
6945,ſinen willen leiſten,ſinen willen laiſten,,,,,,,
6946,e iz diu livte uere#zi+ſten,,,,,,,,
6947,daz der ſchade wære ergangen,,,,,,,,
6948,der wolf was mit zorne beuangen 4870,,,,,,,,
6949,,æ daz man ez erfraiſchte,,,,,,,
6950,Die boten ſih ufſ#^w+ngen,#rD+ie boten ſich ovf ſwungen,,,,,,,
6951,indie ſtat ſie drungen,in die purch ſi drungen,,,,,,,
6952,d#siv+ betleh#aem+ heiz#f87r+zet,div bethlehem was genant,,,,,,,
6953,ir herze waſ gereizzet,,,,,,,,
6954,,ſi têten fraiſe bekant,,,,,,,
6955,mit êitirigem hazze 4875,mit grimmegem hazze ,,,,,,,
6956,ſie furen uon gazzen zegazze,,,,,,,,
6957,,ſi liefen in die gazze,,,,,,,
6958,d#siv+ ſwert ſie erbarten,div ſwert ſi #aen+barten,,,,,,,
6959,den grimmen tot ſie garten,den herten tot ſi garten,,,,,,,
6960,ſie zuhten bi den uahſen,ſi ruktens bey den vahſen,,,,,,,
6961,diu kint ungewahſen 4880,div kint vngewachſen,,,,,,,
6962,d#siv+ h#sov+bet ſie abeſlugen,div houp si in abe ſl#suo+g#aen+,,,,,,,
6963,bêin #avnd+ arme genu#?lge+n,,,,,,,,
6964,#avnd+ rigen ſiv an d#siv+ wafen,,,,,,,,
6965,div bi #lde+n ammen ſlafen,,,,,,,,
6966,ſcholten an ir bruſten 4885,,,,,,,,
6967,owî weſ mahte ſie geluſten,,,,,,,,
6968,die ſogetanen mort taten,,,,,,,,
6969,der tieuil hete ſie uerraten,,,,,,,,
6970,#avnd+ d#?lar+r zu geſchundet,,,,,,,,
6971,ane des rat niemen ſundet 4890,,,,,,,,
6972,die geſellen #f87v+ der mêintate,,,,,,,,
6973,die ilten uil drate,,,,,,,,
6974,rehte alſe umbe wêtte,,,,,,,,
6975,,die ſi niht begr#suo+ben,,,,,,,
6976,,ſi liezzen ſi alle ligen,,,,,,,
6977,,ſi mohten niht geſigen,,,,,,,
6978,,wan ſi ſich niht enwerten,,,,,,,
6979,,des leibe#zs+ ſi ſei beherten,,,,,,,
6980,,ſi lieffen zewette,,,,,,,
6981,uon bette zebette,von bette zebette,,,,,,,
6982,uon fîure ze fivre 4895,von fiwer ze fiwer,,,,,,,
6983,inrehalp #lde+r burchmure,in d#aer+ purk mower,,,,,,,
6984,in ſelben ze ſc#zh+anden,in ſelben zeſchanden,,,,,,,
6985,vnt trugen in den handen,ſi tr#suo+gen an ir handen,,,,,,,
6986,die blutigen wêre,die pl#suo+tegen waffen,,,,,,,
6987,ſam ſie mit einem here 4900,,,,,,,,
6988,wichlich haten geſtriten,,,,,,,,
6989,mit wlfinen ſitten,,,,,,,,
6990,,reht alſam ze den schaffen,,,,,,,
6991,,die wolfe z#svo+ ſpringent,,,,,,,
6992,,vnz ſi ſei nid#aer+ bringent,,,,,,,
6993,tobeten diſe diebe,alſo tobten diebe,,,,,,,
6994,ir herren zeliebe,ir herren zeliebe,,,,,,,
6995,durh sin unherez gebote 4905,,,,,,,,
6996,wider die nature #avnd+ gote,,,,,,,,
6997,#iD+o ſie diu kint furbrahten,,,,,,,,
6998,and#siv+ ſie uahten,,,,,,,,
6999,unmanli#?c+he mit arge,,,,,,,,
7000,,#iD+o ſi div kint marbe,,,,,,,
7001,,inrehalb d#aer+ purge,,,,,,,
7002,,gequelten mit arge,,,,,,,
7003,do rumten ſie die zarge 4910,#f66v+ do roumten ſi die zarge,,,,,,,
7004,vnt tæilten ſich in die gegen,ſi tailten ſich in die gegene,,,,,,,
7005,#sov+h da nider legen,,,,,,,,
7006,uil maniger muter fr#sov+de,,,,,,,,
7007,in ir aller beſch#sov+de,,,,,,,,
7008,witen wart d#siv+ ſlahte 4915,,,,,,,,
7009,diu zal iſt uz #lde+r ahte,,,,,,,,
7010,owe der ſtæininen herzen,,,,,,,,
7011,d#siv+ #lde+n muterlichen ſmerzen,,,,,,,,
7012,îe mahten uertragen,,,,,,,,
7013,owi welh #^w+fen welh chlagen 4920,,,,,,,,
7014,da d#siv+ kint waren in#lde+r not,,,,,,,,
7015,halplebentige #avnd+ halp tot,,,,,,,,
7016,da ſi lagen allen ende,,,,,,,,
7017,hie die fuzze dort die hen#lde+,,,,,,,,
7018,owê daman ſie hin zu#zc+hte 4925,,,,,,,,
7019,#avnd+ #?d+ in daz leben abdrukte,,,,,,,,
7020,da #lde+r kin#lde+ blut ni#lde+rgoz,,,,,,,,
7021,den uerkolten #?i+ndie ſchôz,,,,,,,,
7022,ſwem ie herzeliep geſcah,,,,,,,,
7023,#lde+r weiz herzelei#lde+s ungemach 4930,,,,,,,,
7024,waz herzeliep chumbers hat,,,,,,,,
7025,daz mit herze#f88r+leide geſtat,,,,,,,,
7026,,da ſl#suo+gen ſi die menige,,,,,,,
7027,,beide arm v#and+ reiche ,,,,,,,
7028,,alle geliche,,,,,,,
7029,,ſi gedahten an des kunige#zs+ wort,,,,,,,
7030,,mit fleizze ſtiften ſi daz mort,,,,,,,
7031,,ſi zukten ſei ze fluſte,,,,,,,
7032,,den m#sue+tren ab der bruſte,,,,,,,
7033,,ſi polten an die wente,,,,,,,
7034,,die fuezze v#and+ auch die hente,,,,,,,
7035,,Si enweſſen waz ſi rachen,,,,,,,
7036,,als ſi ſey durch ſtachen,,,,,,,
7037,,von in ran milich fur daz pl#suo+t ,,,,,,,
7038,,daz gab in grimmigen m#suo+t,,,,,,,
7039,,ſwie ſo daz ſpunne,,,,,,,
7040,,von den bruſten runne,,,,,,,
7041,,doch kunden die zagen,,,,,,,
7042,,ir w#sue+tens niht ver haben,,,,,,,
7043,,vnz ſi gar lagen tot,,,,,,,
7044,,do wainten vil genot,,,,,,,
7045,,die mueter die daz ſahen,,,,,,,
7046,,ſi begunden ſich roufen v#and+ ſlahen ,,,,,,,
7047,,deſ ſint ſi nv geſellen,,,,,,,
7048,,des tiefels in der hellen,,,,,,,
7049,#iD+o der mort gefrumet waſ,Do div ſlaht gefrumet was,,,,,,,
7050,unt nehein #lde+genkint genaſ,v#and+ der kinde denhaineſ genas,,,,,,,
7051,in allem #lde+m chreizze 4935,in allem dem chraizze,,,,,,,
7052,do beweîntez uil heizze,do begunde wainen haizze,,,,,,,
7053,#avnd+ uil ſere d#siv+ lantſchaft,,,,,,,,
7054,ſo ſwære waſ des leideſ chraft,,,,,,,,
7055,an#lde+n wirten #avnd+ den fr#sov+en,,,,,,,,
7056,m#suo+ſeman iamer ſch#sov+en 4940,,,,,,,,
7057,die ſtete lagen fr#sov+deloſe,,,,,,,,
7058,die muter ſinneloſe,,,,,,,,
7059,wan ſie troſteſ nîen haten,,,,,,,,
7060,iedoh hat ſie nu beraten,,,,,,,,
7061,d#siv+ grozze got#?aes+ gute 4945,,,,,,,,
7062,die mit ir ſelbes blute,,,,,,,,
7063,#avnd+ mit der kin#lde+ unſchul#lde+,,,,,,,,
7064,erwrben ſine hulde,,,,,,,,
7065,#avnd+ die ewigen reſte,,,,,,,,
7066,daz iſt aller fr#sov+den beſte 4950,,,,,,,,
7067,,den schaden vil sere,,,,,,,
7068,,ein vrowe hiez #rR+achel ,,,,,,,
7069,,vil harte ſi daz m#svo+te ,,,,,,,
7070,,daz ſi in dem pl#suo+te,,,,,,,
7071,,ir lieben frivnt #f67r+ ſach ſweben,,,,,,,
7072,,do wart ir ayniges leben,,,,,,,
7073,,d#aer+ vrowen gar vnmere,,,,,,,
7074,,ſi erzaigte ir vngebere,,,,,,,
7075,,dahaime v#and+ ovf d#aer+ ſtrazze,,,,,,,
7076,,ſi wainte ane mazze,,,,,,,
7077,,ſi wolt ovf d#aer+ erden ,,,,,,,
7078,,nimm#aer+ mer getroſtet werden,,,,,,,
7079,,ir mvgt wol wizzen daz,,,,,,,
7080,,daz d#aer+ m#sue+ter manigev waz,,,,,,,
7081,,die div kint erzugen,,,,,,,
7082,,d#aer+ h#soe+ret ir niht gehugen,,,,,,,
7083,,wan rache alaine,,,,,,,
7084,,da mit ſo mvge wir mainen,,,,,,,
7085,,div hailige chriſtenhait,,,,,,,
7086,,div mit grozz#aer+ arbait,,,,,,,
7087,,vil diche hat gerungen,,,,,,,
7088,,v#and+ ſchaden auch gewunnen,,,,,,,
7089,,an ir vil lieben kinden,,,,,,,
7090,,die ſi niht vber winden,,,,,,,
7091,,mak ouf diſer erden,,,,,,,
7092,,d#aer+ fluſte ſi niht mak getroſtet werden,,,,,,,
7093,#88v+ #iG+ot ſelbe wolte rechen,#iG+ot ſelbe wolde rechen,,,,,,,
7094,die ubermut ze brechen,den vb#aer+m#svo+t zebrechen,,,,,,,
7095,die herodes furte,den d#aer+ wuetrich f#suo+rt,,,,,,,
7096,ze chriſtes gæinwrte,gengen chriſtes geburt,,,,,,,
7097,gote wolter angeſigen 4955,er wold im an geſigen,,,,,,,
7098,do m#suo+ſer ſchantliche geligen #?z+,des m#svo+ſte er ſchemelich geligen,,,,,,,
7099,zeeiner churzen friſte,,,,,,,,
7100,waz hulfen in die liſte,,,,,,,,
7101,der ſin herze uol ſwebete,,,,,,,,
7102,do er mit untr#siv+wen lebete 4960,,,,,,,,
7103,waz hilfet daz ſilber oder golt,,,,,,,,
7104,da der boſe niht uerdolt,,,,,,,,
7105,rehter tugen#lde+ invart,,,,,,,,
7106,der ſchatze niemen deſ bewart,,,,,,,,
7107,erne muzze erſterben 4965,,,,,,,,
7108,#avnd+ zevalwiſke wer#?lde+n,,,,,,,,
7109,Herodes begun#?lde+ ſiechen,#rH+erodes begunde ſiechen,,,,,,,
7110,daz uf den betteziehen,daz ouf der pette ziechen,,,,,,,
7111,ſwebet bl#suo+t #avnd+ wa#?rch+,ſwebte pl#suo+t vnde wark,,,,,,,
7112,d#siv+ ſuht #f89r+ d#siv+ wart alſo ſtarch 4970,,,,,,,,
7113,daz er gar fulen began,,,,,,,,
7114,nie menniſk mêre note gewan,,,,,,,,
7115,,div ſuht ſich niht v#aer+bark,,,,,,,
7116,,div im den leip ſchutte,,,,,,,
7117,,got maz im mit dem mutte,,,,,,,
7118,#avnd+ #?u+nſælde alſo uil,d#aer+ vnſælden #f67v+ also vil,,,,,,,
7119,#lde+heine wnne noh #lde+hein ſpil,daz er mohte den hain ſpil,,,,,,,
7120,maht er geſch#sov+en uf #lde+r erde 4975,beſchowen ovf d#aer+ erde,,,,,,,
7121,#avnd+ ſmachte vil unwerde,,,,,,,,
7122,,ez ſtank d#aer+ vnwerde,,,,,,,
7123,an allen ſinen li#lde+n,an allen ſinen liden,,,,,,,
7124,ſin gewalt enmohte daz niht gefriden,ſin ſchatz mohte im niht gefriden,,,,,,,
7125,erne muſe leitlichen,er m#sue+ſe laidichliche,,,,,,,
7126,li#?lge+n uor armen #avnd+ richen 4980,,,,,,,,
7127,,von ſinem yrdiſchem reiche,,,,,,,
7128,,varen in die hellen,,,,,,,
7129,,z#svo+ ſinen w#suo+t geſellen,,,,,,,
7130,Mit #lde+n nageln zart er die hut,mit den nagelen zart er ſine hout,,,,,,,
7131,er waſ uil armeklichen l#suo+t,er hete vil armichlichev lout,,,,,,,
7132,die wiſen arzate,die weiſen arzaten,,,,,,,
7133,chun#lde+n im niht geraten,kvnden im niht geraten,,,,,,,
7134,mit wrzen noh mit ſalben 4985,mit wurzen noch mit ſalben,,,,,,,
7135,er brah ſih allent#?zh+albeN,er prach ſich allenthalben,,,,,,,
7136,#f89v+ uzzen unt innen,ovzen v#and+ inne,,,,,,,
7137,do entwichen im die ſinne,do entwichen im ſine ſinne,,,,,,,
7138,michel wart ſin unzuht,,,,,,,,
7139,,von ſin#aer+ grozzen vnfruht,,,,,,,
7140,do #lde+wanch in #sov+h div tobeſuht 4990,prach in div freche tobeſuht,,,,,,,
7141,daz er armer #avnd+ unrêine,daz d#aer+ vil vnraine,,,,,,,
7142,ab einem hohen ſteine,ab einem wendelſtaine,,,,,,,
7143,ſih ſelben erualte,ſich ſelben ervalte,,,,,,,
7144,da nam in #lde+r tieuel zegwalte,,,,,,,,
7145,,dem tiefel wart er gezalt,,,,,,,
7146,,mit dem er iemerlichen,,,,,,,
7147,,m#svo+z prinnen æwichlichen,,,,,,,
7148,#iC+e ioſep #lde+r engel do ſprach 4995,Z#svo+ #rI+oſeph ſp#ara+ch d#aer+ engel,,,,,,,
7149,en#lde+ hat din ungemah,,,,,,,,
7150,wi#lde+r zelande ſcholt du varn,,,,,,,,
7151,des kindes vian#lde+ ſint ueruarn,,,,,,,,
7152,,ia ſolt dv niht lenger,,,,,,,
7153,,indiſem lande beleiben,,,,,,,
7154,,var haim z#svo+ den deinen,,,,,,,
7155,,des kindes veiande,,,,,,,
7156,,ſint mit grozzer ſchande,,,,,,,
7157,#avnd+ uon der werlte geſcheiden,von d#aer+ werlde ge ſchaiden,,,,,,,
7158,nu heue dich hêim uon #lde+n heiden 5000,hefe dich von den haiden,,,,,,,
7159,#avnd+ wîzze daz der heilige chriſt,,,,,,,,
7160,,in terr#aam+ natiuitatis,,,,,,,
7161,,dv ſolt weſen gewis,,,,,,,
7162,,daz #f68r+ geſchihet an chriſt,,,,,,,
7163,ſwaz uon ime geſcriben iſt,ſwaz von im geſchriben iſt,,,,,,,
7164,daz wil er in iu#lde+a began,,,,,,,,
7165,da erhe#f90r+bet ſih ſunderwân,,,,,,,,
7166,daz heil #lde+r chriſtenheit 5005,,,,,,,,
7167,alſ ez uor iſt gewîſſæit,,,,,,,,
7168,#avnd+ alſ er hat geheizz#aen+,,,,,,,,
7169,der b#sov+me iſt gemeizzen,,,,,,,,
7170,da daz heilwæge uon bechumet,,,,,,,,
7171,daz aller werlte gefrumet 5010,,,,,,,,
7172,,in Ivdeam wil er gân,,,,,,,
7173,,div menige wirt vil luſtſam,,,,,,,
7174,,di er da becheret,,,,,,,
7175,,v#and+ den gel#sov+ben leret,,,,,,,
7176,,#rP+atrum repromiſſio,,,,,,,
7177,,div wirt erfullet alſo,,,,,,,
7178,,des geit den ewigen lon,,,,,,,
7179,,deuſ deo#arum+ in ſyon,,,,,,,
7180,Ioſep cherte do hêin,#rI+oſeph cherte do wider haim,,,,,,,
7181,alſ im #lde+r morgen erſchêin,als der morgen erſchain,,,,,,,
7182,mit ſinem iuncherren,,,,,,,,
7183,#avnd+ der mage#lde+ uil heren,,,,,,,,
7184,gewerren enmohte im niht 5015,,,,,,,,
7185,uon #lde+heiner ubeln geſchiht,,,,,,,,
7186,noh uon fîentlicher lage,,,,,,,,
7187,der e uon ſinen magen,,,,,,,,
7188,,mit ſinem graben parte,,,,,,,
7189,,er troſte ſich vil harte,,,,,,,
7190,,ſines iunkherren,,,,,,,
7191,,er liez im niht gewerr#aen+,,,,,,,
7192,nahtes waſ entrunnen,d#aer+ bey naht #^æ+ was entrannen,,,,,,,
7193,der fure bi liehter ſunnen 5020,der f#suo+r bey lieht#aer+ ſunnen,,,,,,,
7194,wi#lde+r inſin geſæzze,wid#aer+ in ſin geſezze,,,,,,,
7195,herodes der uil ræzze,herodes d#aer+ vil rezze,,,,,,,
7196,#lde+r enm#^v+te in niht mere,d#aer+ m#suo+te in niht mere ,,,,,,,
7197,#f90v+er waſ geuallen ſere,er was genikchet ſere,,,,,,,
7198,#iA+lſo m#suo+z ez allen den ergen 5025,#rA+lſo m#sue+z ez allen den ergan,,,,,,,
7199,die got wellent widerſten,die got wellen wid#aer+ſtan,,,,,,,
7200,unt ſiner ordinunge,v#and+ ſin#aer+ ordenunge,,,,,,,
7201,diſe warnunge,,,,,,,,
7202,,ez ſin alte oder iunge,,,,,,,
7203,diu iſt iv uor gezellet,#rD+itz iſt ev vor gezelt,,,,,,,
7204,ob ir geneſen wellet 5030,ob ir geneſen welt,,,,,,,
7205,daz ir die werlte ſchîvhet,daz ir die werlt ſchevhet,,,,,,,
7206,diu hinze helle zivhet,div hinze helle zevhet,,,,,,,
7207,vnt fliehet irdiſken hort,v#and+ fliehet yrdiſchen hort,,,,,,,
7208,durh daz gotes wort,durich daz frone goteſ wort,,,,,,,
7209,daz ane zwiuel geſtat 5035,,,,,,,,
7210,,daz immer ewichlich beſtat,,,,,,,
7211,ſo himel vnt erde zergat,ſo himel v#and+ erde zegat,,,,,,,
7212,bewart ivch mit ſtæter hute,,,,,,,,
7213,,ir ſult evch wol beh#sve+ten,,,,,,,
7214,uor der ubermvte,vor d#aer+ vberm#sve+ten,,,,,,,
7215,d#siv+ iemer uallen m#suo+z,div imm#aer+ m#svo+z vallen,,,,,,,
7216,vnt nie gewan ſtatigen f#suo+z 5040,,,,,,,,
7217,gedenchet wie ez ergie,,,,,,,,
7218,dem tîevil do er ge#^u+ie,,,,,,,,
7219,hohfart #avnd+ hohenmut,,,,,,,,
7220,do wart er ane wafen #avnd+ ane blût,,,,,,,,
7221,uon al #lde+n eren geſtozzen 5045,,,,,,,,
7222,mit ſinen ſtritgenozzen,,,,,,,,
7223,vnt muz ewiklich erſterben,,,,,,,,
7224,alſo muzzen ſie uer#lde+rben,,,,,,,,
7225,,#f68v+ nv bedenket evch allen,,,,,,,
7226,,wie ez dem tivfel ergienk,,,,,,,
7227,,do er den vber m#suo+t gevienk,,,,,,,
7228,,v#and+ freuelich f#suo+r,,,,,,,
7229,,do er ſatzte ſinen ſt#suo+l,,,,,,,
7230,,wider ſinen ſchepfer,,,,,,,
7231,,do m#suo+ſt d#aer+ lugener,,,,,,,
7232,,vallen v#and+ ver derben,,,,,,,
7233,,alſo m#sve+zzen alle die erſterben,,,,,,,
7234,die ſih zu im gepflihtent,die z#svo+ im gephlihtent,,,,,,,
7235,unde ſih ze hohe rihtent 5050,v#and+ ſich zehohe rihtent,,,,,,,
7236,ane werltlichen ſachen,an werltlichen ſachen,,ſi lobet#aen+ an w#aer+ltlich#aen+ ſachen,,,,,
7237,nv ruche unſ got gemachen,nv r#suo+che vnſ got zemachen,,nv ruche vns got gemachen,,,,,
7238,im ſelben gen#^æ+me,ime ſelben gen#^æ+me,,im ſelbe genemе 65,,,,,
7239,wer#lde+ vnt·gezæme,lieb v#and+ gezeme,,lip vnd gezeme ,,,,,
7240,daz wir hernah geniezzen 5055,daz wir geniezzen m#sve+zzen ,,daz wir geneſe muzen,,,,,
7241,ſænt marien #lde+r ſuzzen,ſande #rMareien+ d#aer+ ſ#sue+zzen,,ſ#aancte+ marie ſuzen,,,,,
7242,#avnd+ #lde+r muter #?der+ eren,,,,,,,,
7243,ſo wir hinnen cheren,,,,,,,,
7244,ir gna#lde+ iſt ſo manekvalte,,,,,,,,
7245,,v#and+ der eren manikvalden,,,,,,,
7246,diu inſinem gewalte 5060,die ſi von ſinem gewalte,,,,,,,
7247,den himel hat beſezzen,darze himel hat beſezzen,,,,,,,
7248,dane ſchol ſie niht uer#f91r+gezzen,da ſol ſi niht ver gezzen,,,,,,,
7249,ir diwe unt ir chnehte,ir diern v#and+ ir knehte,,,,,,,
7250,#sov+h ſchulen wir uon rehte,da ſul wir auch von rehte,,,,,,,
7251,iemer eren #lde+n ir ſun 5065,immer loben iren ſvn,,,,,,,
7252,der unſ gna#lde+ mak getuN,,,,,,,,
7253,,per omnia ſecula ſeculorum #rA+men,,,,,,,
7254,,Seit daz d#aer+ hailant,,#iS+#rI+nt daz d#aer+ heilant,,,,,
7255,,vnſ zehelfe wart geſant,,vns zuhelfe wart geſant 70,,,,,
7256,,ſeit begienk er zaichen alſo vil,,ſint begink er zeich#aen+ alſo uil,,,,,
7257,,daz ich enmak noch enwil,,daz ich enmac noch enwil,,,,,
7258,,mich niht daran erſwingen,,mich daran ſwingen,,,,,
7259,,daz ich ſei fure bringe,,daz ich ſi wre bringe,,,,,
7260,,ſolt ich ſei vollechlichen ſagen,,ſcholte ich ſi volleclich#aen+ ſage 75,,,,,
7261,,ich dorfte nimm#aer+ gedagen,,ſo endorfte ich n#aim+m#aer+ gedagen,,,,,
7262,,fur war ſag ich ev,,wr war ſage ich eu,,,,,
7263,,daz div p#suo+ch allev,,daz dibuch alleu,,,,,
7264,,die wir leſen #f69r+ od#aer+ ſingen,,di wir leſen vnd ſingen ,,,,,
7265,,von dem ainigen vrſpringe,,v#aon+ deme einen urſpringe 80,,,,,
7266,,ze ſamene ſint geflohten,,zuſamene ſint geulogen,,,,,
7267,,wie wol im daz tohte,,uil wol im daz getochte ,,,,,
7268,,daz er wunders vil be gie,,daz er di wund#aer+ begingh,,,,,
7269,,wan ſin geliche d#aer+ wart nie,,ich weiz wol ſin gelich wart nie,,,,,
7270,,noch nimm#aer+ mer enwirt,,vnd n#aim+m#aer+ enwirt 85,,,,,
7271,,ſw#aer+ auch ſin dienſt v#aer+birt,,w#aer+ ſinen dinſt v#aer+birt ,,,,,
7272,,d#aer+ m#svo+z den tot kieſen,,d#aer+ muz den tot kiſen ,,,,,
7273,,v#and+ div ſele v#aer+lieſen,,vnd di ſele ewicliche u#aer+liſen,,,,,
7274,,#rD+er hailant hiez die ſtummen,,#iD+#rE+r heilant hiz di ſt#aum+men ,,,,,
7275,,v#and+ die ſuhtigen zungen,,di ſuchtigin z#aun+gen 90,,,,,
7276,,ſprechen v#and+ ſingen,,ſprech#aen+ vnd ſingen ,,,,,
7277,,die hufhalzen ſp#ari+ngen,,di hufhalzen ſp#ari+ngen ,,,,,
7278,,die chrupen wurden wol geſunt,,di krumm#aen+ wurden wol geſunt,,,,,
7279,,ſwa ſin hailig#aer+ munt,,wo ſin uil heilig#aer+ munt,,,,,
7280,,wan ain wort geſp#ara+ch,,ein einigiz wort ſprach 95,,,,,
7281,,ſo er ſey ane ſach,,ſo er diſichen ub#aer+ ſach ,,,,,
7282,,,,da #f2r+was troſt vnd heil,,,,,
7283,,,,vnd aller mand#aun+ge deil,,,,,
7284,,er hiez die geborn plinten,,er hiz d[...] ſelben blinden,,,,,
7285,,die vinſter vberwinden,,di vinſt#aer+ ub#aer+winden 100,,,,,
7286,,v#and+ die tauben oren,,di u#aer+uallen oren,,,,,
7287,,hiez er wol gehoren,,di hiz er wol geh#soe+r#aen+,,,,,
7288,,ſwa er die miſelſuht begraif,,wo er di miſelſucht begreif,,,,,
7289,,von den levten ſi entſlaif,,v#an+[...] den lut#aen+ ſi geſleif,,,,,
7290,,fieber v#and+ auch div ſuht,,,,,,,
7291,,,,daz fib#aer+ vnd di w#aer+ndeſucht 105,,,,,
7292,,m#sue+ſen haben die fluht,,di mvſten keren andi flucht ,,,,,
7293,,ſi mohten ſich bey niemen enthaben,,di enmocht#aen+ vm nicht vorgehaben ,,,,,
7294,,er hiez die toten von den graben,,er hiz ditoten vz den graben,,,,,
7295,,vil gewaltichlich erſten,,vil gewalticlich erſten,,,,,
7296,,v#and+ in ir herberge gen,,vnd in ir herberge gen 110,,,,,
7297,,die tevfelſuhtik waren,,#iD+#rI+ tuuele ſuchtigh waren ,,,,,
7298,,d#aer+ geiſt m#suo+ſte von in varen,,,,,,,
7299,,daz er den leip v#aer+lie,,,,,,,
7300,,,,di muſten im gnaden ,,,,,
7301,,,,w#aan+ne ſi d#aer+ boſe geiſt v#aer+lie,,,,,
7302,,ſwaz er wolt daz ergie,,waz er wolte daz ergie,,,,,
7303,,,,alliz nach ſin#aer+ hulde 115,,,,,
7304,,,,ſvnde vnd ſchulde,,,,,
7305,,,,di u#aer+treip er vonden bruſten ,,,,,
7306,,,,di ſin#aer+ gute luſten,,,,,
7307,,von fumf pr#soe+ten,,von fvnf girſtnen broten ,,,,,
7308,,die er ſegenote,,di er geſegenote 120,,,,,
7309,,dar z#svo+ er hiez miſchen,,darzu hiz er miſche,,,,,
7310,,#f69v+ zwene chleine viſche,,zwene wenige viſche,,,,,
7311,,fumftouſent m#aan+ne,,fvnf tuſent m#aan+ne,,,,,
7312,,die ſatot er alle,,di geſat er do dann#aen+,,,,,
7313,,,,mit gotlich#aen+ eren 125,,,,,
7314,,,,daz ſi d#aer+ luſte mere,,,,,
7315,,mit gotlich#aer+ ſpeiſe,,d#aer+ geiſtlichen ſpiſe ,,,,,
7316,,d#aer+ wirt was ſo weiſe,,d#aer+ wirt was ſo wiſe ,,,,,
7317,,ſiben chorbe hiez er nemen,,zwelf korbe hiz er nemen ,,,,,
7318,,die proſem darin legen,,di broſm#aen+ darin legen 130,,,,,
7319,,die chorbe wurden alle vol,,ſi wurde alle entſam#aen+t uol ,,,,,
7320,,daz geviel d#aer+ werlde wol,,daz geuil d#aer+ werlde wol,,,,,
7321,,vil vaſte frevte ſich gotes her,,#iU+#rA+ſte vreute ſich daz her ,,,,,
7322,,ſi giengen ofte ovf dem mer,,ofte gink er uffe dem m#aer+,,,,,
7323,,mit ir truchen fuezzen,,mit truken#aen+ fuzen 135,,,,,
7324,,daz wir dar an m#sve+zzen,,daz wir daran muzen,,,,,
7325,,kennen ſinen gewalt,,erkenn#aen+ ſinen gewalt ,,,,,
7326,,daz er zekvnige iſt gezalt,,daz er zu kunige iſt gezalt,,,,,
7327,,,,ob aller h#aer+ſchefte,,,,,
7328,,,,er ſchutte mit ſin#aer+ krefte 140,,,,,
7329,,,,zu ſamene di erde ,,,,,
7330,,,,als ſi an eime vademe were ,,,,,
7331,,ſin kraft iſt michel v#and+ groz,,diz iſt michel #f2v+ vnd groz ,,,,,
7332,,wer mohte weſen ſin genoz,,w#aer+ mochte weſen ſin gnoz,,,,,
7333,,,,an allen ſin#aen+ w#aer+ken 145,,,,,
7334,,,,mugen wir gnade m#aer+ken,,,,,
7335,,,,di erzeigte er uns beſunder ,,,,,
7336,,,,vnd ſcholte ich #dbeſunder+ di wunder,,,,,
7337,,,,alle beſc#ari+ben vnd beduten,,,,,
7338,,,,den kunſtigen luten  150,,,,,
7339,,,,der iungen wil ich geſwigen ,,,,,
7340,,,,daz enmochte min zvnge nicht erliden,,,,,
7341,,Die wazzer ſuht er hailte,,#iD+#rI+ wazerſucht er heilte ,,,,,
7342,,ſine genade er ovz tailte,,ſin gnade er vns teilte,,,,,
7343,,mit michelem vollen,,mit michelem uollen ,,,,,
7344,,die levte die bewollen,,di lute di bewollen,,,,,
7345,,mit dem pl#suo+te waren,,mit dem blute waren ,,,,,
7346,,er gebot daz ſi genaren,,er gebot daz ſi genaſen ,,,,,
7347,,er was an allen dingen,,er was an all#aen+ dingen ,,,,,
7348,,als wir leſen v#and+ ſingen,,als wir leſen vnd ſingen ,,,,,
7349,,vil rehte diem#sve+te,,uil recht#aer+ demute ,,,,,
7350,,ſwer getrowet ſin#aer+ guete,,,,,,,
7351,,v#and+ an ſine wat graif,,,,,,,
7352,,all#aer+ ſieht#suo+m im entſlaif,,,,,,,
7353,,ſi wurden wol erloſt,,,,,,,
7354,,mit ſinem gotelichem troſt,,,,,,,
7355,,,,von den bruſt#aen+ ſin#aer+ gute,,,,,
7356,,,,liz er di gute ſugen ,,,,,
7357,,,,di arm#aen+ vnd di blugen,,,,,
7358,,,,di griffen an ſine wat,,,,,
7359,,,,den wart des ſichtumes rat,,,,,
7360,,,,des uolgte harte,,,,,
7361,,,,ſin uolk er wol bewarte,,,,,
7362,,die mit rehtem gelauben,,di mit recht#aem+ glouben,,,,,
7363,,komen fur ſin ougen,,kom#aen+ vor ſine heilig#aen+ ougen 170,,,,,
7364,,#rD+o d#aer+ hailant entſlief,,#iD+#rO+ der heilant entſlif,,,,,
7365,,v#and+ in div menige ane rief,,vnd in dimenige anrif ,,,,,
7366,,div ovf des mereſ wâgen,,di uffe des mers wage,,,,,
7367,,in grozzen fraiſen waren,,in g#aro+zer vraiſe lagen ,,,,,
7368,,als er die zeſewe #sov+f gebot,,als er di ceſwe uf bot 175,,,,,
7369,,ſo was ge#f70r+ſtillet ir not,,ſo was geſtillet alle not ,,,,,
7370,,,,er hiz di ſweren winde,,,,,
7371,,,,von ſinen lib#aen+ kinden,,,,,
7372,,,,entwichen alſo ſchire,,,,,
7373,,,,ſinen i#aun+geren uffe dem kile 180,,,,,
7374,,,,den was di lichte ſunne,,,,,
7375,,,,uil ſnelle uf err#aun+nen,,,,,
7376,,,,des meres vnde freiſſam,,,,,
7377,,,,di warn irm h#aer+ren vnd#aer+tan ,,,,,
7378,,die grozzen wint ſtozze,,die ſcharfen wint ſtoze 185,,,,,
7379,,v#and+ alle ir ged#soe+zze,,vnd alliz daz gedoze,,,,,
7380,,daz erkante ſeinen herren,,daz erkante ſinen meiſter,,,,,
7381,,deſ moht in niht gew#aer+ren,,,,,,,
7382,,,,vnd muz ouch im gehorſam leiſte,,,,,
7383,,Nach aller diſer ære,,#f3r+ #iN+#rA+ch allen diſen eren,,,,,
7384,,liez der milte herre,,liz ſich d#aer+ milte h#aer+re 190,,,,,
7385,,ſich die ivden vahen,,di[...] iuden vahen,,,,,
7386,,v#and+ an ein chrevze hahen,,vnd an daz cruce hahen ,,,,,
7387,,damit er vnſ erloſte,,damite [...] erloſte,,,,,
7388,,von des tiefels roſte,,von des tuuels roſte,,,,,
7389,,d#aer+ vor hitze wellet,,d#aer+ von hicze welle[...] 195,,,,,
7390,,ſw#aer+ darin gevellet,,darin geuellet ,,,,,
7391,,d#aer+ iſt imm#aer+ mer v#aer+lorn,,d#aer+ iſt ewiclich u#aer+lorn,,,,,
7392,,v#and+ were pezzer vngeborn,,d#aer+ w#aer+e bezer[...]born ,,,,,
7393,,er chaufte vns alſo tevre,,er koufte vns alſo ture,,,,,
7394,,von dem helle fevre,,v#aon+ deme helle [...] 200,,,,,
7395,,v#and+ von dem alten neide,,v#aon+ deme alten nide,,,,,
7396,,mit ſin ſelbeſ leibe,,mit ſinſelbis libe,,,,,
7397,,er liez ſich niht betragen,,,,,,,
7398,,vnſern tot wolt er ver iagen,,,,,,,
7399,,von ſinen veterlichen triwen,,,,,,,
7400,,er wolte vnſ itenewen,,,,,,,
7401,,in dem tode er entſlief,,,,,,,
7402,,ſin aygen pl#suo+t ſchraib den brief,,,,,,,
7403,,vnſer gruntfeſte,,,,,,,
7404,,des haili chrevzeſ eſte,,,,,,,
7405,,die geit er zelone,,,,,,,
7406,,in eterna redempcione,,,,,,,
7407,,#iN+v h#soe+ret waz div ſchrift ſage,,,,,,,
7408,,wie an dem merterlichen tage,,,,,,,
7409,,zaichen geſchahen,,,,,,,
7410,,daz ez die iv#aden+ ſahen,,,,,,,
7411,,div ſunne v#aer+bark iren ſchein,,,,,,,
7412,,v#and+ wolte niht lieht ſin,,,,,,,
7413,,do h#suo+b ſich grozzev vinſter,,,,,,,
7414,,ze d#aer+ zesewe v#and+ #f70v+ ze d#aer+ winſt#aer+,,,,,,,
7415,,vb#aer+ aller d#aer+ werlde podem,,,,,,,
7416,,do die iuden begunden toben,,,,,,,
7417,,die ſtern v#and+ d#aer+ mane,,,,,,,
7418,,wurden vinſter ſame,,,,,,,
7419,,michel erpidem wart,,,,,,,
7420,,do er chom der laide hellewart,,,,,,,
7421,,do ſich der grunt zarte,,,,,,,
7422,,ſines ſchaden er do warte,,,,,,,
7423,,von vnſers herren lait,,,,,,,
7424,,die welde hoch v#and+ brait,,,,,,,
7425,,die beg#aun+den ir wurzen,,,,,,,
7426,,vaſte vme ſturzen,,,,,,,
7427,,die pl#suo+men er plichen,,,,,,,
7428,,die ſtaine entwichen,,,,,,,
7429,,v#and+ praſten v#aon+ ainand#aer+,,,,,,,
7430,,v#and+ gloſten ſam ein zund#aer+,,,,,,,
7431,,der kiſilink erchlank,,,,,,,
7432,,daz daz fewer dar ovz ſprank,,,,,,,
7433,,Der ivden vmbe hank,,,,,,,
7434,,prait v#and+ lank,,,,,,,
7435,,zarte ſich entzway,,,,,,,
7436,,gefugel v#and+ tier ſchray,,,,,,,
7437,,daz gepirge wart nie ſo veſte,,,,,,,
7438,,ez m#suo+ſte nider preſten,,,,,,,
7439,,div grab ſich ovf taten,,,,,,,
7440,,die toten dar ovz traten,,,,,,,
7441,,die voulen v#and+ erſtunchen,,,,,,,
7442,,die azzen vnde trunchen,,,,,,,
7443,,mit den purgeren,,,,,,,
7444,,die erſtanden waren,,,,,,,
7445,,ſi gaben vrchunde,,,,,,,
7446,,de hailigen fumf w#aun+den,,,,,,,
7447,,d#aer+ goteſ vrſtende,,,,,,,
7448,,der ivden miſſewende,,,,,,,
7449,,die des lebenſ orthaben,,,,,,,
7450,,#f71r+ ſelbe heten erſlagen,,,,,,,
7451,,waz half die vngeſlahten,,,,,,,
7452,,ir h#suo+te v#and+ ir wahten,,,,,,,
7453,,der ſchal v#and+ div vngehabe,,,,,,,
7454,,die ſi heten bey dem grabe,,,,,,,
7455,,als er div helle zeprach,,,,,,,
7456,,v#and+ an dem tivfel ſich gerach,,,,,,,
7457,,do erſt#suo+nt er zeir geſihte,,,,,,,
7458,,daz ſi al gerihte,,,,,,,
7459,,gar fur tot gelagen,,,,,,,
7460,,deſ wil ich noch fragen,,,,,,,
7461,,wa taten die getilinge,,,,,,,
7462,,ir eyſneine ringe,,,,,,,
7463,,die halſperge alſo lieht,,,,,,,
7464,,wes w#aer+ten ſi ſich nieht,,,,,,,
7465,,mit ſwerten v#and+ mit ſtangen,,#f1r+ [...]vnd mit ſtangen,,,,,
7466,,v#and+ mit ſpiezzen alſo langen,,mit ſpizen alſo langen,,,,,
7467,,do der hailant erſt#aun+t,,do d#aer+ heil#aan+t d#aer+ ſtunt ,,,,,
7468,,ich waz war vme ſi daz t#suo+nt,,ich enweiz wor#aum+me ſi daz tunt ,,,,,
7469,,daz ſi wider pellent,,daz ſi noch wid#aer+ bellent 5,,,,,
7470,,,,vnd eines dankes wollent,,,,,
7471,,v#and+ ſich niht enwellent,,,,,,,
7472,,der warheit bedenchen,,,,,,,
7473,,ſus ire ſele ver ſenchen,,di ſele uerſenken ,,,,,
7474,,,,ſi ſcholt#aen+ ſich bedenk[...],,,,,
7475,,,,#iG+#rE+b#aen+ ſi uns den tot#aen+ wid#aer+e,,,,,
7476,,,,ſo dunken ſi mich biderwe 10,,,,,
7477,,,,mugen ſi des nicht getun,,,,,
7478,,,,ſo gleub#aen+ and#aer+ meide ſun,,,,,
7479,,,,den ſi da ſahen d#aer+ſten ,,,,,
7480,,,,des ſi zu iungeſt muzen ien ,,,,,
7481,,,,di ubelen vnd di u#aer+worchten 15,,,,,
7482,,,,andes todis uorchten,,,,,
7483,,,,an ſime gerichte grozen,,,,,
7484,,,,w#aer+den ſi u#aer+ſtozen ,,,,,
7485,,,,ſi enwollent ſich bekere ,,,,,
7486,,,,worumme werent ſi ſich der grozen ere,,,,,
7487,,Do got erſt#suo+nt von dem grabe,,#iA+#rl+s er d#aer+ſtunt von deme grabe ,,,,,
7488,,do waz er vollen vierzik tage,,do was virzig tage,,,,,
7489,,mit vnſ ovf d#aer+ erde,,mit vns ind#aer+ w#aer+lde,,,,,
7490,,ſine iung#aer+ werde,,ſine iung#aer+n er gew#aer+te,,,,,
7491,,frevten ſich ſin#aer+ angeſchowe,,,,,,,
7492,,,,mit ſiner geinwurte  25,,,,,
7493,,,,den zwiuel er in enpfurte ,,,,,
7494,,,,daz ſi ueſte wurden ,,,,,
7495,,,,ledig v#aon+ allen binden,,,,,
7496,,,,wankelich#aer+ dinge,,,,,
7497,,,,ir gemute wa[...] in ſo geringe 30,,,,,
7498,,,,do ſi muſten ſchouw#aen+,,,,,
7499,,v#and+ vnſer lieben vrowen,,vnſere lib#aen+ vrouw#aen+,,,,,
7500,,wan an den ſelben ſtunden,,,,,,,
7501,,,,di geſach ir ni ſo w#aer+de ,,,,,
7502,,,,d#aer+ himel wart uz d#aer+ erden,,,,,
7503,,,,gezimn#aer+t anden ſtunden 35,,,,,
7504,,waz ir herze enpunden,,ir h#aer+cze was enpund#aen+,,,,,
7505,,von aller not v#and+ chlage,,,,,,,
7506,,div in vor ane lage,,,,,,,
7507,,er az mit in v#and+ trank,,mit in er az vnd trank ,,,,,
7508,,er chert #f71v+ allen iren gedank,,er kerte ouch allen irn gedank,,,,,
7509,,vil vaſte in ſine m#ain+ne,,uil uaſte in ſine m#ain+ne ,,,,,
7510,,des hulfen ſi im gewinnen,,ſi hulfen im ſint gew#ain+ne 40,,,,,
7511,,vil manik touſent ſele,,uil manic tuſent ſele,,,,,
7512,,mit rate v#and+ mit ir ſuezzer lere,,mit irre ſuzen lere,,,,,
7513,,#rD+ar nach f#suo+r er ze himile,,#iD+#rA+rnach wr er zu himele,,,,,
7514,,v#and+ troſte ſi hie nidene,,vnd troſt ouch ſi danidene,,,,,
7515,,mit dem hailigen gaiſte,,mit ſin ſelbis geiſte 45,,,,,
7516,,der getriwe herre laiſte,,der getruwe h#aer+re leiſte ,,,,,
7517,,daz er den zwelfpoten gehiez,,daz er den zweluen gehiz ,,,,,
7518,,do er ſey waininde liez,,do er ſi weinde liz,,,,,
7519,,ſi waren in einem gademe,,ſi warn in eime gademe,,,,,
7520,,geſezzen zeſamene,,geſez#aen+ zuſamen[...] 50,,,,,
7521,,do begunde er in erſcheinen,,#f1v+ do begonde er in erſchinen ,,,,,
7522,,mit den zungen fivreinen,,di zung#aen+ warn fuw#aer+ine,,,,,
7523,,ſi wurden ſchier enzundet,,vnd warn ſchire enzundet,,,,,
7524,,ia wart in gekundet,,io wart ouch in gekundet,,,,,
7525,,aller hande ſp#ara+chen,,aller lande ſprache 55,,,,,
7526,,daz gebot ſi nie geprachen,,daz gebot ſi nie gebrachen ,,,,,
7527,,daz in ir maiſter ſazte,,daz in ir meiſter ſazte ,,,,,
7528,,die zungen wol gewazte,,di zung#aen+ wol gewazte,,,,,
7529,,die hullen v#and+ chlungen,,di hullen vnd clungen ,,,,,
7530,,ſi ſageten v#and+ ſungen,,ſi ſaget#aen+ vnd ſungen 60,,,,,
7531,,von deme hailande,,v#aon+ deme heilande,,,,,
7532,,in allem dem lande,,in allen den landen ,,,,,
7533,,ſi lobten in gezogenlichen,,doch e[...]te in grozlich#aen+,,,,,
7534,,allenthalben in den reichen,,in allen den richen,,,,,
7535,,den herren gr#suo+zten ſi ſvs,,di werlt g[...]in alſus 205,,,,,
7536,,regnabit deuſ tuus,,ſyon regnabit deus tuus,,,,,
7537,,#iN+v habent vnſ die engel geſagt,,#iN+#rV+ haben die engele vns geſaget,,,,,
7538,,wie d#aer+ kunik v#and+ div maget,,wi d#aer+ k[...] vnd di maget,,,,,
7539,,wart der chriſtenhait,,gebar d#aer+ kriſtenheite,,,,,
7540,,mit ſiner gothait,,mit ſin#aer+ [...]te 210,,,,,
7541,,kumftik v#and+ ſponſa domini,,,,,,,
7542,,,,kunftig and#aer+ ſtunt ſi,,,,,
7543,,fons et origo boni,,fons #&+ origo boni,,,,,
7544,,ſo hat #f72r+ er ſin gerihte,,ſo l[...] ſin gerichte,,,,,
7545,,v#and+ koment im zegeſlihte,,ſo kumt im zugeſichte,,,,,
7546,,omneſ trib#aus+ terre,,o#amn+is tribu[...] 215,,,,,
7547,,der geweltige h#aer+re,,d#aer+ geweltige h#aer+re,,,,,
7548,,d#aer+ tailet ſinen knehten,,d#aer+ teilte ſinen knechten,,,,,
7549,,eben v#and+ rehte,,ir lo[...]ſo rechte,,,,,
7550,,nach igelicheſ werchen,,nach ichchis w#aer+ken,,,,,
7551,,die kan er wol gemerken,,daz kan er wol [...]ken 220,,,,,
7552,,an dem ængeſtlichen tage,,daz iſt d#aer+ engeliſche tac,,,,,
7553,,da nieman niht ver pergen mag,,da nimant nich[...] helen mac,,,,,
7554,,,,v#aer+ſtozen noch u#aer+bergen,,,,,
7555,,,,noch vng[...] w#aer+den,,,,,
7556,,vor der kreftigen goteſ hant,,vor d#aer+ kreftigen manu 225,,,,,
7557,,nv bedenchet evch liebe alleſant,,gedenket alle da[...],,,,,
7558,,v#and+ ſorget ovf daz taydink,,ſorget uffe daz teiding,,,,,
7559,,da aller triwen vrſprink,,da aller treuwe urſpr[...],,,,,
7560,,z#suo+ ſiner zeſewe ſtellet,,zu ſin#aer+ ceſwen geſtellet,,,,,
7561,,div ſchar div im gevellet,,di ſchar di im geuellet 230,,,,,
7562,,div lenke zaiget in den tot,,[...]ſter zeiget in d#aer+ tot,,,,,
7563,,die hie vehtent ane not,,di hi nechten ane not,,,,,
7564,,wider ir ſchepfere,,wid#aer+ [...] ſchepphere,,,,,
7565,,d#aer+ tak wirt in ſwere,,da wirt di rede ſwere,,,,,
7566,,da dringet d#aer+ arme fur den kvnik,,da dringet d#aer+ [...] wrden kvnic 235,,,,,
7567,,da iſt nieman edel noch frumik,,da iſt nimant h#aer+nach frumic,,,,,
7568,,wan der daz hie ver dienet hat,,w[...] #f3v+ [...]inet,,,,,
7569,,daz dort der ſele wirdet rat,,daz er da wirt gelibet,,,,,
7570,,#iW+ar gedenchet ir w#sue+treiche,,[...]enket ir wutriche,,,,,
7571,,ir mvget daz himelreiche,,ir enmuget daz himelri[...] 240,,,,,
7572,,niht erſturmen mit dem ſchilte,,[...]t erſturm#aen+ mit den ſchilten ,,,,,
7573,,nv bit die vrowen milte,,nu bitet di vro[…]lten,,,,,
7574,,ſande Mareien,,ſant marien,,,,,
7575,,daz ſi vnſ geruche zefreien,,daz ſi uns gefrie,,,,,
7576,,vnde vnſer ſele pflege,,vnd [...]de pflege 245,,,,,
7577,,da ſich ſcha#zi+dent die wege,,do ſich ſcheid#aen+ di wege,,,,,
7578,,ainer gen der luft,,ein#aer+ gein[...]e,,,,,
7579,,der and#aer+ gen der gruft#ze+,,d#aer+ and#aer+ gein d#aer+ grufte,,,,,
7580,,da d#aer+ valant inne leit,,da d#aer+ ualant inne lit,,,,,
7581,,d#aer+ ſwebel v#and+ pech geit,,d#aer+ [...]l vnd bech git 250,,,,,
7582,,#f72v+ den ſinen vnd#aer+tanen,,ſinen vnd#aer+tanen,,,,,
7583,,wir m#sve+zzen vnſ imm#aer+ anen,,wir muzen [...]mm#aer+ anen,,,,,
7584,,eren v#and+ g#suo+t#aer+ ſinne,,eren vnd gut#aer+ ſinne,,,,,
7585,,welle wir die kuniginne,,wolle wir di [...]g#ain+ne,,,,,
7586,,niht wechen mit den zehern,,nicht weken mit den zeheren 255,,,,,
7587,,div prout v#and+ die gemahelen,,di brut [...]i gemahelen,,,,,
7588,,div got im ſelben erkôs,,di got im ſelb#aer+ erkos,,,,,
7589,,div ir magt#suo+m nie v#aer+lôs,,vnd di [...] magetum ni u#aer+los,,,,,
7590,#iB+ezzer fr#sov+e nie wart,pezzer nie enwart,,[...]#rE+zer urouwe ni enwart,,,,,
7591,mit grozzen tr#siv+wen ſie bewart,mit grozzen trivwen ſi vnſ bewart,,mit g#aro+zen truwen ſi [...]rt 260,,,,,
7592,den ſæligen zaller zit,,,,,,,,
7593,,pede ſele v#and+ leip,,beide ſele und lip,,,,,
7594,ſwer ſih innekliche ergit 5070,ſwer ſich ir inrechlich ergeit,,w#aer+ ſich inn#aen+clichen git,,,,,
7595,uf ir grozze barmunge,in ir ſ#sue+zze barmunge,,[...]barm#aun+ge,,,,,
7596,dane mohte dehein zunge,daz en moht enhain zunge,,daz enmochte kein zunge,,,,,
7597,ze reht wol beduten,envollen bedevten,,den an [...]eduten 265,,,,,
7598,wie ſie weget #lde+n livten,wie ſi weget den levten,,wi ſi wiget denluten,,,,,
7599,an unſers herren fuzzen 5075,an vnſers herren fuezzen,,an vnſers h#aer+ren [...]n,,,,,
7600,ſwes wir ſie begruzzen,ſwes wir ſei begruezzen,,wes wir ſi begruzen,,,,,
7601,daz enlat ſie ir niht beſlifen,daz lat ſi niht entſleifen,,daz enlezt ſi nicht be[...]ten,,,,,
7602,nu bechort ſie begrifen,geruchet ſei begreifen,,nu kert ſi begriften 270,,,,,
7603,daz ſie iu niht enge,daz ſi ev niht enge,,daz ſi uch nicht en[...],,,,,
7604,ſo muget ir da nah iemer mê 5080,,,ſo muget ir darnach imm#aer+mere,,,,,
7605,weſen ungeſchendet,,,weſen unge[...]#d+det,,,,,
7606,want ſie unſer leit wol uerendet,,,vns#aer+ leit ſi vns wol uolendet,,,,,
7607,,v#and+ ir genade ev bey geſte,,,,,,,
7608,,v#and+ ſtete frevde ev ſende,,,,,,,
7609,,imm#aer+ mere ane ende #rA+men,,,,,,,
7610,,#iN+v gedenke weip v#and+ man,,#rV+ gedenke wip vnd man 275,,,,,
7611,,wie ſin dink ſule geſtan,,wi ſin dink ſchulle[...] an,,,,,
7612,,von æwen ze #^æ+wen,,v#aon+ ewe wanne zu ewe,,,,,
7613,,ſwaz wir die magt flegen,,waz wir di magt [...]legen,,,,,
7614,,daz iſt niht v#aer+lorn,,daz en iſt nicht v#aer+lorn ,,,,,
7615,,ſi iſt geſetzet v#and+ erchorn,,ſi iſt geſeczet #f4r+ vnd erkorn 280,,,,,
7616,,ze ain#aer+ voytinne,,zu ein#aer+ gewiſſen voget#ain+ne,,,,,
7617,,gen ængeſtlichem dinge,,zu an[…]lichen dingen,,,,,
7618,,ſi kan vns wol weiſen,,ſi kan vns arm#aen+ weiſen,,,,,
7619,,v#and+ helfen ovz den fraiſen,,wol [...]fen zu den freiſen,,,,,
7620,,werltlicher ſorgen,,w#aer+ltlich#aer+ ſorgen 285,,,,,
7621,,#f73r+ ir helfe iſt vnv#aer+borgen,,ir hilfe iſt [...] borgen,,,,,
7622,,ſi iſt allen den bey,,ſi iſt allen den bi,,,,,
7623,,die von herzen mainent ſey,,di v#aon+ h#aer+czen meinen[...] ,,,,,
7624,,die ſevftent dike v#and+ chlagent,,di dike ſufczen vnd clagen,,,,,
7625,,ir ſunde die ſi gefrumt habent,,di ſunde di ſi gefri[...] haben 290,,,,,
7626,,ir genade iſt ſo brait,,,,,,,
7627,,,,den iſt ſi vngeſwichen,,,,,
7628,,,,ir gnade iſt ſo n[...] ,,,,,
7629,,,,alſo wit vnd alſo breit,,,,,
7630,,daz alle div chriſtenhait,,daz alle di criſtenheit,,,,,
7631,,von ir wirt gewert,,[...]wirt wol gewert 295,,,,,
7632,,d#aer+ ir genade gert,,di ir zu allen geziten gert,,,,,
7633,Got iſt ir herre #avnd+ ir kint,#rG+ot iſt ir #dv+herre v#and+ ir ſun,,#iG+#rO+t iſt ir h#aer+re vnd ir ſun,,,,,
7634,deſ alle creature ſint,,,,,,,,
7635,#lde+ſ mak ſie bitten vnt gebieten 5085,,,,,,,,
7636,,des mach ſi pede wol get#suo+n,,des mac ſi beide [...] getun,,,,,
7637,,biten v#and+ gebieten,,biten vnd gebiten,,,,,
7638,daz wir unſ m#suo+zzen nîeten,daz wir vnſ mvgen nieten,,daz wir uns muz#aen+ [...]300,,,,,
7639,#lde+r ewigen fr#sov+de,d#aer+ ewigen frevde,,d#aer+ ewigen vreude,,,,,
7640,in chriſtes beſch#sov+de,vor chriſtes beſchevde,,vor criſtes beſcheude,,,,,
7641,wir ſchulen ir chlagen unſer not,wier ſulen ir chlagen vnſer not,,wir ſ[...]len ir clag#aen+ vns#aer+ not,,,,,
7642,ſie git daz lebentige brot 5090,ſi geit daz lebendige brot,,ſi gibt daz lebende brot [...],,,,,
7643,den ſelen ze ſpiſe,den ſelben ze ſpeiſe ,,ſelen zu ſpiſe  305 ,,,,,
7644,#avnd+ gebîvte in dem paradiſe,,,,,,,,
7645,#avnd+ den himelen gwaltekliche,,,,,,,,
7646,ſie iſt gnadich vn#lde+ riche,,,,,,,,
7647,ze geben unt ze lihen 5095,,,,,,,,
7648,,in dem fronen paradeyſe,,indeme #apar+adyſe,,,,,
7649,,nv mant die lieben frowen,,nu manet di lib[...] urouwen,,,,,
7650,,v#and+ lat von den augen,,vnd lazet v#aon+ den ougen,,,,,
7651,,die haizzen zeher fliezzen,,di heizen [...] flizen ,,,,,
7652,,ia mvge wir wol geniezzen,,io mug#aen+ wir wol genizen 310,,,,,
7653,,wil daz hailige magedein,,wil daz h#aer+e [...] tin,,,,,
7654,,vnſer forſpreche ſein,,vns#aer+ grizwarte ſin,,,,,
7655,,nv ger#suo+che ſi vnſer potſchaft,,nv geruche ſi vns#aer+ bot[...],,,,,
7656,,bringen fur die goteſ chraft,,breng#aen+ wr di gotis kraft,,,,,
7657,got mag ir niht #?uer+zihen,der ſey niht verzeihet,,d#aer+ ir nicht u#aer+zihet [...]315,,,,,
7658,#lde+r ſie im gewihet hat,wan er ſei hat geweihet,,er ſi hat gewihet,,,,,
7659,uber al ſine hantgetat,,,,,,,,
7660,,geſegent ob allen weiben,,geſeg#aen+t ob allen wiben,,,,,
7661,,mit ſin ſelbeſ leibe,,m#zt+ ſ[...] ſelbis l[...],,,,,
7662,wir ſitzen oder ſten,wir ſitzen od#aer+ ſtên ,,#iW+#rI+r ſiczen od#aer+ ſten,,,,,
7663,in ire #f91v+hul#lde+n ſchuln wir gen 5100,in ir helfe ſul wir gên,,in ir hilfe ſchullen wir gen 320,,,,,
7664,wir ezzen oder trinchen,wir t#ari+nchen od#aer+ ezzen,,wir trinken od#aer+ wir ezen,,,,,
7665,wir ſchuln ir îe gedenchen,,,,,,,,
7666,,wir ſulen ir niht v#aer+gezzen,,w[...] ſchullen ir nicht u#aer+gezen ,,,,,
7667,wir ſlafen oder wachen,wir ſlafen oder wachen,,wir ſlafen od#aer+ wache[...],,,,,
7668,wir ſchvln an allen ſachen,wir ſulen an allen ſachen,,ſchullen an allen ſachen,,,,,
7669,die guten vnt die reinen 5105,die hohen v#and+ die rainen,,di getruw#aen+ vnd di rei[...] 325,,,,,
7670,flegen unde meinen,flegen #f73v+ v#and+ main#aen+,,#f4v+ [...]n vnd meinen,,,,,
7671,daz ſie in dem himelriche,daz ſi in dem himilreiche ,,di ſi in deme himelriche,,,,,
7672,#lde+n engeln unſ geliche,den engeln vns geliche,,den en[...] vns gliche,,,,,
7673,daz wir ſie loben da,daz wir ſei loben da,,daz wir ſi loben muzen da,,,,,
7674,in #?z+eternum #?et+ ultra Am#aen+ 5110,in eternum et vltra,,in et#aer+n#aum+ et ultra 330,,,,,
7675,,#iD+o von goteſ geburde,,[...]O v#aon+ gots geburte ,,,,,
7676,,touſent iar wurden,,tuſent iar [...]den,,,,,
7677,,hundert ſibenzek vnde zway,,hundert vnd Sybinzg vnd zwei,,,,,
7678,,do wart ein prieſter des en ain,,do wart [...] oſter des inein,,,,,
7679,,wernher gehaizzen,,Wernher geheizen,,,,,
7680,,daz er von dem waizen,,daz er v#aon+ [...]weize ,,,,,
7681,,die paleas ſchiede,,di ſpru abe ſchide 335,,,,,
7682,,mit drin lieden,,mit diſen drien li[...],,,,,
7683,,die er ſchreib ze eren,,di er ſchreip zu eren,,,,,
7684,,d#aer+ vrowen div vnſern herren,,d#aer+ vrouwen di vns#aer+n h#aer+r#aen+,,,,,
7685,,erzaigte in ir gezelde,,[...]e in irm gezelte,,,,,
7686,,aller diſer werlte,,aller diſer w#aer+lde 340,,,,,
7687,,im was ain prieſter holt,,Im was ein [...]p#ari+ſter holt,,,,,
7688,,gehaizzen was er manigolt,,geheizen was er manegolt,,,,,
7689,,der weiſte in der materie,,der [...]te di marterie,,,,,
7690,,als ain g#suo+t verie,,als ein gut verie,,,,,
7691,,der daz ſchef weiſet mit der hant,,daz rud#aer+ wi[...] mit d#aer+ hant 345,,,,,
7692,,vnz ez bechumt an daz lant,,w#aan+ne daz er kumet andaz lant,,,,,
7693,,er ladot in inſin houſ,,[...]#rR+ lud in indaz hus,,,,,
7694,,v#and+ enliez niht dar ouz,,vnd liz in ouch nicht dar [...],,,,,
7695,,vnz er gefrumet v#and+ geriet,,wanne er gefrumte vnd geriet,,,,,
7696,,daz div gaiſtlichen liet,,daz di geiſt[...]n lit 350,,,,,
7697,,wurden gemachet,,wurden gemachet ,,,,,
7698,,da wart niht vil gelachet ,,do enwart nicht uil [...]achet,,,,,
7699,,maria div got tr#?suo+k,,,,,,,
7700,,div gab in kurzeweile gen#suo+k,,,,,,,
7701,,v#and+ ſo ſemften m#suo+t,,,,,,,
7702,,daz ez in chom ze g#suo+te,,,,,,,
7703,,,,ſ#aancte+ marie,,,,,
7704,,,,di gap in kunde uile,,,,,
7705,,,,vnd [...]iz vrouw#aen+ ſpute 355,,,,,
7706,,,,daz ez ſi nicht enmute,,,,,
7707,,Si hant zeb#svo+zze gegeben,,[...]#rI+ haben zubuze geben,,,,,
7708,,allen die nv leben,,allen den di nu leben ,,,,,
7709,,die diſe rede horen,,[...]ſe rede gehoren,,,,,
7710,,mit fleiſchlichen oren,,mit vlizclich#aen+ oren 360,,,,,
7711,,daz ſi in wunſchen paiden,,daz ſi in [...]ſchen beiden,,,,,
7712,,ſwanne ſi v#aer+ſchaiden,,w#aan+ne ſi u#aer+ſcheiden,,,,,
7713,,daz in div maget #f74r+ frone,,daz in di muter [...]ne,,,,,
7714,,ir arbaite lone,,d#aer+ arbeite lone,,,,,
7715,,mit ir ſelbes anblik,,mit irme anblike 365,,,,,
7716,,wir ſulen ſi biten diche,,wir ſchul[...] ſi man#aen+ dike,,,,,
7717,,wan ſi iſt genaden vol,,w#aan+ne ſi gnad#aen+ iſt uol,,,,,
7718,,ſam ſey gr#suo+zte vil wol,,vnd ſi g#zr+z[...] wol,,,,,
7719,,gabriel Archangelus,,ga#abri+el archang#aelu+s,,,,,
7720,,benedicta tu in mulierib#aus+,,b#aene+d#aict+a tu #ain+ m#aul+ieribus 370,,,,,
7721,#iD+o ſciſmatis tempeſtas,#iD+o ſciſmatis t#aem+peſtas,,,,,,,
7722,drivzehen iâre geſtan#lde+n waſ,drevzehen iar geſtanden was,,,,,,,
7723,bi dem pabeſ alexander,bey dem babeſt Alexander,,,,,,,
7724,daz drie herren ander,do drey herren ander,,,,,,,
7725,#^w+rren ime #lde+n ſtule 5115,ſo vaſte wurben vme den ſt#suo+l,,,,,,,
7726,daz er wiſelos fûre,daz er weiſlos f#?suo+r,,,,,,,
7727,uf #lde+m lande vnt uf dem mere,ovf dem lande v#and+ ovf dem mer,,,,,,,
7728,mit vil lutzelem here,mit vil chlainem her,,,,,,,
7729,do d#siv+ romiſkiu riche,do Romiſche reiche,,,,,,,
7730,ſtunten gewalticliche 5120,ſt#suo+nden gewaltichleiche,,,,,,,
7731,in d#?aes+ keiſer fri#lde+richeſ hant,an kaiſer fridericheſ hant,,,,,,,
7732,vnt er polan daz la#?lNt+,do er polan daz lant,,,,,,,
7733,betwanch mit heruerte,dwank mit herverte,,,,,,,
7734,da in got ſigeſ gewerte,do in got gewerte,,,,,,,
7735,,ſiges mit ſin#aer+ ſchar,,,,,,,
7736,,do er zwai v#and+ zwainzek iar,,,,,,,
7737,,was geweſen kaiſer,,,,,,,
7738,,voget d#aer+ waiſen,,,,,,,
7739,,ze der zeit vnder dev,,,,,,,
7740,do wrden div lîet ell#siv+ driu 5125,wurden div liet alle drev,,,,,,,
7741,getihte un#lde+r div,,,,,,,,
7742,daz erſte daz ſaget,,,,,,,,
7743,uon #lde+r ewigen maget,,,,,,,,
7744,,volbraht von d#aer+ maget ,,,,,,,
7745,,daz aine liet ſaget,,,,,,,
7746,,von der kumfte marien,,,,,,,
7747,,der edelen v#and+ der freyen,,,,,,,
7748,wie ſie ir m#suo+ter gewân,wie ir m#suo+ter ſei gewan,,,,,,,
7749,bi einem vil wer#lde+n man 5130,bey ainem hailigen man,,,,,,,
7750,der ioachim geheizzen iſt,d#aer+ Ioachim genant iſt,,,,,,,
7751,daz ander zelet die friſt,daz and#aer+ liet zelet die frist,,,,,,,
7752,daz ſie wart gemahelot,daz ſi wart gemehelot,,,,,,,
7753,alſ der heilant gebot,als d#aer+ hailant gebot,,,,,,,
7754,daz dritte ſaget daz ſi#?e+ gebar 5135,daz dritte daz ſi den gebar,,,,,,,
7755,der himel vnt erde gar,der himel v#and+ erde vil gar,,,,,,,
7756,vf habet [...] ,,,,,,,,
7757,,gemachet hat mit ſinem #f74v+ liſt,,,,,,,
7758,,v#and+ allez daz darinne iſt,,,,,,,
7759,,bede groz v#and+ chlaine,,,,,,,
7760,,daz hat er alterſaine,,,,,,,
7761,,allez uber ſezzen,,,,,,,
7762,,gezêlt v#and+ gemezzen,,,,,,,
7763,,Swa diſe p#suo+ch alle ſint,,,,,,,
7764,,da wirt geborn denhain kint,,,,,,,
7765,,dem imm#aer+ mvge miſſe gen,,,,,,,
7766,,div m#suo+t#aer+ m#svo+z ſich verſten,,,,,,,
7767,,ſemftichlicher dinge,,,,,,,
7768,,ir weget div kuniginne,,,,,,,
7769,,vor gotes antwurte,,,,,,,
7770,,v#and+ gedenchet ir geburtte,,,,,,,
7771,,div ir wart ertailet,,,,,,,
7772,,von dem wir ſin gehailet,,,,,,,
7773,,daz iſt chriſt d#aer+ reiche,,,,,,,
7774,,d#aer+ ladet vnſ tegiliche,,,,,,,
7775,,nv r#suo+fet in inrechlichen an,,,,,,,
7776,,ſwanne ſin m#svo+ter in an vns man,,,,,,,
7777,,daz er vnſ ellenden,,,,,,,
7778,,ſine helfe ger#suo+che zeſen#aden+,,,,,,,
7779,,v#and+ ſine engliſche ſchar,,,,,,,
7780,,div vnſ laite vnde bewar,,,,,,,
7781,,v#and+ vns bringe an die ſtat,,,,,,,
7782,,vbi cum patre regnat,,,,,,,
7783,,et ſpiritu paraclito,,,,,,,
7784,,daz vnſer ſtimme vil fro,,,,,,,
7785,,mvezze ſingen immer me,,,,,,,
7786,,Gloria tibi domine AmeN,,,,,,,
